LCCXML:Data,lccSubjects.xml#L1,https://github.com/DOAJ/doaj/blob/feature/3609_click_to_copy/lccSubjects.xml#L1
DOAJ:Documentation,README.md#L2,https://github.com/DOAJ/doaj/blob/feature/3609_click_to_copy/README.md#L2
BackgroundTasks:Feature,portality/background.py#L44; portality/tasks/helpers/background_helper.py#L2,https://github.com/DOAJ/doaj/blob/feature/3609_click_to_copy/portality/background.py#L44; https://github.com/DOAJ/doaj/blob/feature/3609_click_to_copy/portality/tasks/helpers/background_helper.py#L2
BackgroundTask:Process,portality/background.py#L117,https://github.com/DOAJ/doaj/blob/feature/3609_click_to_copy/portality/background.py#L117
AdminBackgroundTask:Process,portality/background.py#L198,https://github.com/DOAJ/doaj/blob/feature/3609_click_to_copy/portality/background.py#L198
DOI:Regex,portality/regex.py#L3,https://github.com/DOAJ/doaj/blob/feature/3609_click_to_copy/portality/regex.py#L3
ORCID:Regex,portality/regex.py#L7,https://github.com/DOAJ/doaj/blob/feature/3609_click_to_copy/portality/regex.py#L7
ISSN:Regex,portality/regex.py#L11,https://github.com/DOAJ/doaj/blob/feature/3609_click_to_copy/portality/regex.py#L11
Date:Regex,portality/regex.py#L15,https://github.com/DOAJ/doaj/blob/feature/3609_click_to_copy/portality/regex.py#L15
URL:Regex,portality/regex.py#L19,https://github.com/DOAJ/doaj/blob/feature/3609_click_to_copy/portality/regex.py#L19
LoginManager:Feature,portality/core.py#L26,https://github.com/DOAJ/doaj/blob/feature/3609_click_to_copy/portality/core.py#L26
CreateApp:Framework,portality/core.py#L37,https://github.com/DOAJ/doaj/blob/feature/3609_click_to_copy/portality/core.py#L37
CrossrefXML:Feature,portality/core.py#L135,https://github.com/DOAJ/doaj/blob/feature/3609_click_to_copy/portality/core.py#L135
ElasticConnection:Framework,portality/core.py#L168,https://github.com/DOAJ/doaj/blob/feature/3609_click_to_copy/portality/core.py#L168
InitialiseIndex:Framework,portality/core.py#L224,https://github.com/DOAJ/doaj/blob/feature/3609_click_to_copy/portality/core.py#L224
APM:Feature,portality/core.py#L252,https://github.com/DOAJ/doaj/blob/feature/3609_click_to_copy/portality/core.py#L252
ProxyFix:Framework,portality/core.py#L267,https://github.com/DOAJ/doaj/blob/feature/3609_click_to_copy/portality/core.py#L267
CMS:Build,portality/core.py#L326,https://github.com/DOAJ/doaj/blob/feature/3609_click_to_copy/portality/core.py#L326
DataSets:Data,portality/datasets.py#L2,https://github.com/DOAJ/doaj/blob/feature/3609_click_to_copy/portality/datasets.py#L2
Countries:Data,portality/datasets.py#L13,https://github.com/DOAJ/doaj/blob/feature/3609_click_to_copy/portality/datasets.py#L13
Currencies:Data,portality/datasets.py#L29,https://github.com/DOAJ/doaj/blob/feature/3609_click_to_copy/portality/datasets.py#L29
Languages:Data,portality/datasets.py#L46,https://github.com/DOAJ/doaj/blob/feature/3609_click_to_copy/portality/datasets.py#L46
DomainObject:Model,portality/dao.py#L48,https://github.com/DOAJ/doaj/blob/feature/3609_click_to_copy/portality/dao.py#L48
SearchURLGenerator:Feature,portality/dao.py#L1009,https://github.com/DOAJ/doaj/blob/feature/3609_click_to_copy/portality/dao.py#L1009
DOAJ:WebApp,portality/app.py#L10,https://github.com/DOAJ/doaj/blob/feature/3609_click_to_copy/portality/app.py#L10
AppSettings:Config,portality/settings.py#L2,https://github.com/DOAJ/doaj/blob/feature/3609_click_to_copy/portality/settings.py#L2
Elasticsearch:Technology,portality/util.py#L133,https://github.com/DOAJ/doaj/blob/feature/3609_click_to_copy/portality/util.py#L133
ReCAPTCHA:ExternalService,portality/util.py#L142,https://github.com/DOAJ/doaj/blob/feature/3609_click_to_copy/portality/util.py#L142
Swagger:Feature,portality/decorators.py#L16,https://github.com/DOAJ/doaj/blob/feature/3609_click_to_copy/portality/decorators.py#L16
APIKey:Feature,portality/decorators.py#L30; portality/decorators.py#L49,https://github.com/DOAJ/doaj/blob/feature/3609_click_to_copy/portality/decorators.py#L30; https://github.com/DOAJ/doaj/blob/feature/3609_click_to_copy/portality/decorators.py#L49
SSLRequired:Feature,portality/decorators.py#L71,https://github.com/DOAJ/doaj/blob/feature/3609_click_to_copy/portality/decorators.py#L71
Authorisation:Feature,portality/decorators.py#L89,https://github.com/DOAJ/doaj/blob/feature/3609_click_to_copy/portality/decorators.py#L89
ReadOnlyMode:Feature,portality/decorators.py#L104,https://github.com/DOAJ/doaj/blob/feature/3609_click_to_copy/portality/decorators.py#L104
CaptureSigterm:Feature,portality/decorators.py#L141,https://github.com/DOAJ/doaj/blob/feature/3609_click_to_copy/portality/decorators.py#L141
ErrorHandler:Feature,portality/error_handler.py#L46,https://github.com/DOAJ/doaj/blob/feature/3609_click_to_copy/portality/error_handler.py#L46
Migrations:Framework,portality/upgrade.py#L2,https://github.com/DOAJ/doaj/blob/feature/3609_click_to_copy/portality/upgrade.py#L2
Lock:Feature,portality/lock.py#L2,https://github.com/DOAJ/doaj/blob/feature/3609_click_to_copy/portality/lock.py#L2
Lock:Query,portality/lock.py#L176,https://github.com/DOAJ/doaj/blob/feature/3609_click_to_copy/portality/lock.py#L176
FileStore:Feature,portality/store.py#L42,https://github.com/DOAJ/doaj/blob/feature/3609_click_to_copy/portality/store.py#L42
FileStoreS3:Feature,portality/store.py#L76,https://github.com/DOAJ/doaj/blob/feature/3609_click_to_copy/portality/store.py#L76
AuthNZ:Feature,portality/authorise.py#L5,https://github.com/DOAJ/doaj/blob/feature/3609_click_to_copy/portality/authorise.py#L5
Email:Library,portality/app_email.py#L1,https://github.com/DOAJ/doaj/blob/feature/3609_click_to_copy/portality/app_email.py#L1
Constants:Config,portality/constants.py#L1,https://github.com/DOAJ/doaj/blob/feature/3609_click_to_copy/portality/constants.py#L1
LCC:Data,portality/lcc.py#L2,https://github.com/DOAJ/doaj/blob/feature/3609_click_to_copy/portality/lcc.py#L2
NewApplication:FormProcessor,portality/forms/application_processors.py#L216,https://github.com/DOAJ/doaj/blob/feature/3609_click_to_copy/portality/forms/application_processors.py#L216
ManEdApplication:FormProcessor,portality/forms/application_processors.py#L287,https://github.com/DOAJ/doaj/blob/feature/3609_click_to_copy/portality/forms/application_processors.py#L287
EditorApplication:FormProcessor,portality/forms/application_processors.py#L491,https://github.com/DOAJ/doaj/blob/feature/3609_click_to_copy/portality/forms/application_processors.py#L491
AssEdApplication:FormProcessor,portality/forms/application_processors.py#L613,https://github.com/DOAJ/doaj/blob/feature/3609_click_to_copy/portality/forms/application_processors.py#L613
PublisherUpdateRequest:FormProcessor,portality/forms/application_processors.py#L676,https://github.com/DOAJ/doaj/blob/feature/3609_click_to_copy/portality/forms/application_processors.py#L676
PublisherUpdateRequestReadOnly:FormProcessor,portality/forms/application_processors.py#L786,https://github.com/DOAJ/doaj/blob/feature/3609_click_to_copy/portality/forms/application_processors.py#L786
ManEdJournal:FormProcessor,portality/forms/application_processors.py#L802,https://github.com/DOAJ/doaj/blob/feature/3609_click_to_copy/portality/forms/application_processors.py#L802
EditorJournal:FormProcessor,portality/forms/application_processors.py#L877,https://github.com/DOAJ/doaj/blob/feature/3609_click_to_copy/portality/forms/application_processors.py#L877
AssEdJournal:FormProcessor,portality/forms/application_processors.py#L935,https://github.com/DOAJ/doaj/blob/feature/3609_click_to_copy/portality/forms/application_processors.py#L935
ReadOnlyJournal:FormProcessor,portality/forms/application_processors.py#L967,https://github.com/DOAJ/doaj/blob/feature/3609_click_to_copy/portality/forms/application_processors.py#L967
ManEdBulkJournal:FormProcessor,portality/forms/application_processors.py#L984,https://github.com/DOAJ/doaj/blob/feature/3609_click_to_copy/portality/forms/application_processors.py#L984
FormContext:FormContext,portality/forms/article_forms.py#L26,https://github.com/DOAJ/doaj/blob/feature/3609_click_to_copy/portality/forms/article_forms.py#L26
FormContextRenderer:FormContext,portality/forms/article_forms.py#L229,https://github.com/DOAJ/doaj/blob/feature/3609_click_to_copy/portality/forms/article_forms.py#L229
FormHelper:FormContext,portality/forms/article_forms.py#L325,https://github.com/DOAJ/doaj/blob/feature/3609_click_to_copy/portality/forms/article_forms.py#L325
Article:Form,portality/forms/article_forms.py#L513,https://github.com/DOAJ/doaj/blob/feature/3609_click_to_copy/portality/forms/article_forms.py#L513
Author:Form,portality/forms/article_forms.py#L543,https://github.com/DOAJ/doaj/blob/feature/3609_click_to_copy/portality/forms/article_forms.py#L543
ArticleForm:Factory,portality/forms/article_forms.py#L584,https://github.com/DOAJ/doaj/blob/feature/3609_click_to_copy/portality/forms/article_forms.py#L584
ArticleMetadata:FormContext,portality/forms/article_forms.py#L597,https://github.com/DOAJ/doaj/blob/feature/3609_click_to_copy/portality/forms/article_forms.py#L597
PublisherArticleMetadata:FormContext,portality/forms/article_forms.py#L696,https://github.com/DOAJ/doaj/blob/feature/3609_click_to_copy/portality/forms/article_forms.py#L696
AdminArticleMetadata:FormContext,portality/forms/article_forms.py#L713,https://github.com/DOAJ/doaj/blob/feature/3609_click_to_copy/portality/forms/article_forms.py#L713
DataOptional:FormValidator,portality/forms/validate.py#L47,https://github.com/DOAJ/doaj/blob/feature/3609_click_to_copy/portality/forms/validate.py#L47
OptionalIf:FormValidator,portality/forms/validate.py#L70; portality/forms/application_forms.py#L2798,https://github.com/DOAJ/doaj/blob/feature/3609_click_to_copy/portality/forms/validate.py#L70; https://github.com/DOAJ/doaj/blob/feature/3609_click_to_copy/portality/forms/application_forms.py#L2798
HTTPURL:FormValidator,portality/forms/validate.py#L126,https://github.com/DOAJ/doaj/blob/feature/3609_click_to_copy/portality/forms/validate.py#L126
MaxLen:FormValidator,portality/forms/validate.py#L154; portality/forms/application_forms.py#L2737,https://github.com/DOAJ/doaj/blob/feature/3609_click_to_copy/portality/forms/validate.py#L154; https://github.com/DOAJ/doaj/blob/feature/3609_click_to_copy/portality/forms/application_forms.py#L2737
RequiredIfRole:FormValidator,portality/forms/validate.py#L170,https://github.com/DOAJ/doaj/blob/feature/3609_click_to_copy/portality/forms/validate.py#L170
RegexpOnTagList:FormValidator,portality/forms/validate.py#L186,https://github.com/DOAJ/doaj/blob/feature/3609_click_to_copy/portality/forms/validate.py#L186
ThisOrThat:FormValidator,portality/forms/validate.py#L218,https://github.com/DOAJ/doaj/blob/feature/3609_click_to_copy/portality/forms/validate.py#L218
ReservedUsernames:FormValidator,portality/forms/validate.py#L239; portality/forms/application_forms.py#L2644,https://github.com/DOAJ/doaj/blob/feature/3609_click_to_copy/portality/forms/validate.py#L239; https://github.com/DOAJ/doaj/blob/feature/3609_click_to_copy/portality/forms/application_forms.py#L2644
OwnerExists:FormValidator,portality/forms/validate.py#L264; portality/forms/application_forms.py#L2657,https://github.com/DOAJ/doaj/blob/feature/3609_click_to_copy/portality/forms/validate.py#L264; https://github.com/DOAJ/doaj/blob/feature/3609_click_to_copy/portality/forms/application_forms.py#L2657
ISSNInPublicDOAJ:FormValidator,portality/forms/validate.py#L290; portality/forms/application_forms.py#L2758,https://github.com/DOAJ/doaj/blob/feature/3609_click_to_copy/portality/forms/validate.py#L290; https://github.com/DOAJ/doaj/blob/feature/3609_click_to_copy/portality/forms/application_forms.py#L2758
JournalURLInPublicDOAJ:FormValidator,portality/forms/validate.py#L306; portality/forms/application_forms.py#L2771,https://github.com/DOAJ/doaj/blob/feature/3609_click_to_copy/portality/forms/validate.py#L306; https://github.com/DOAJ/doaj/blob/feature/3609_click_to_copy/portality/forms/application_forms.py#L2771
StopWords:FormValidator,portality/forms/validate.py#L322; portality/forms/application_forms.py#L2748,https://github.com/DOAJ/doaj/blob/feature/3609_click_to_copy/portality/forms/validate.py#L322; https://github.com/DOAJ/doaj/blob/feature/3609_click_to_copy/portality/forms/application_forms.py#L2748
DifferentTo:FormValidator,portality/forms/validate.py#L338; portality/forms/application_forms.py#L2835,https://github.com/DOAJ/doaj/blob/feature/3609_click_to_copy/portality/forms/validate.py#L338; https://github.com/DOAJ/doaj/blob/feature/3609_click_to_copy/portality/forms/application_forms.py#L2835
RequiredIfOtherValue:FormValidator,portality/forms/validate.py#L360,https://github.com/DOAJ/doaj/blob/feature/3609_click_to_copy/portality/forms/validate.py#L360
OnlyIf:FormValidator,portality/forms/validate.py#L408; portality/forms/application_forms.py#L2867,https://github.com/DOAJ/doaj/blob/feature/3609_click_to_copy/portality/forms/validate.py#L408; https://github.com/DOAJ/doaj/blob/feature/3609_click_to_copy/portality/forms/application_forms.py#L2867
NotIf:FormValidator,portality/forms/validate.py#L456; portality/forms/application_forms.py#L2886,https://github.com/DOAJ/doaj/blob/feature/3609_click_to_copy/portality/forms/validate.py#L456; https://github.com/DOAJ/doaj/blob/feature/3609_click_to_copy/portality/forms/application_forms.py#L2886
NoScriptTag:FormValidator,portality/forms/validate.py#L478,https://github.com/DOAJ/doaj/blob/feature/3609_click_to_copy/portality/forms/validate.py#L478
GroupMember:FormValidator,portality/forms/validate.py#L494; portality/forms/application_forms.py#L2899,https://github.com/DOAJ/doaj/blob/feature/3609_click_to_copy/portality/forms/validate.py#L494; https://github.com/DOAJ/doaj/blob/feature/3609_click_to_copy/portality/forms/application_forms.py#L2899
RequiredValue:FormValidator,portality/forms/validate.py#L522; portality/forms/application_forms.py#L2911,https://github.com/DOAJ/doaj/blob/feature/3609_click_to_copy/portality/forms/validate.py#L522; https://github.com/DOAJ/doaj/blob/feature/3609_click_to_copy/portality/forms/application_forms.py#L2911
BigEndDate:FormValidator,portality/forms/validate.py#L537; portality/forms/application_forms.py#L2922,https://github.com/DOAJ/doaj/blob/feature/3609_click_to_copy/portality/forms/validate.py#L537; https://github.com/DOAJ/doaj/blob/feature/3609_click_to_copy/portality/forms/application_forms.py#L2922
CustomRequired:FormValidator,portality/forms/validate.py#L564,https://github.com/DOAJ/doaj/blob/feature/3609_click_to_copy/portality/forms/validate.py#L564
EmailAvailable:FormValidator,portality/forms/validate.py#L584; portality/forms/validate.py#L634,https://github.com/DOAJ/doaj/blob/feature/3609_click_to_copy/portality/forms/validate.py#L584; https://github.com/DOAJ/doaj/blob/feature/3609_click_to_copy/portality/forms/validate.py#L634
IdAvailable:FormValidator,portality/forms/validate.py#L600,https://github.com/DOAJ/doaj/blob/feature/3609_click_to_copy/portality/forms/validate.py#L600
IgnoreUnchanged:FormValidator,portality/forms/validate.py#L621,https://github.com/DOAJ/doaj/blob/feature/3609_click_to_copy/portality/forms/validate.py#L621
ApplicationForm:Feature,portality/forms/application_forms.py#L2,https://github.com/DOAJ/doaj/blob/feature/3609_click_to_copy/portality/forms/application_forms.py#L2
BOAI:FormField,portality/forms/application_forms.py#L79,https://github.com/DOAJ/doaj/blob/feature/3609_click_to_copy/portality/forms/application_forms.py#L79
OAStatementURL:FormField,portality/forms/application_forms.py#L118,https://github.com/DOAJ/doaj/blob/feature/3609_click_to_copy/portality/forms/application_forms.py#L118
Title:FormField,portality/forms/application_forms.py#L152,https://github.com/DOAJ/doaj/blob/feature/3609_click_to_copy/portality/forms/application_forms.py#L152
AlternativeTitle:FormField,portality/forms/application_forms.py#L189,https://github.com/DOAJ/doaj/blob/feature/3609_click_to_copy/portality/forms/application_forms.py#L189
JournalURL:FormField,portality/forms/application_forms.py#L215,https://github.com/DOAJ/doaj/blob/feature/3609_click_to_copy/portality/forms/application_forms.py#L215
PISSN:FormField,portality/forms/application_forms.py#L245,https://github.com/DOAJ/doaj/blob/feature/3609_click_to_copy/portality/forms/application_forms.py#L245
EISSN:FormField,portality/forms/application_forms.py#L318,https://github.com/DOAJ/doaj/blob/feature/3609_click_to_copy/portality/forms/application_forms.py#L318
Keywords:FormField,portality/forms/application_forms.py#L396,https://github.com/DOAJ/doaj/blob/feature/3609_click_to_copy/portality/forms/application_forms.py#L396
Language:FormField,portality/forms/application_forms.py#L430,https://github.com/DOAJ/doaj/blob/feature/3609_click_to_copy/portality/forms/application_forms.py#L430
PublisherName:FormField,portality/forms/application_forms.py#L458,https://github.com/DOAJ/doaj/blob/feature/3609_click_to_copy/portality/forms/application_forms.py#L458
PublisherCountry:FormField,portality/forms/application_forms.py#L482,https://github.com/DOAJ/doaj/blob/feature/3609_click_to_copy/portality/forms/application_forms.py#L482
InstitutionName:FormField,portality/forms/application_forms.py#L514,https://github.com/DOAJ/doaj/blob/feature/3609_click_to_copy/portality/forms/application_forms.py#L514
InstitutionCountry:FormField,portality/forms/application_forms.py#L535,https://github.com/DOAJ/doaj/blob/feature/3609_click_to_copy/portality/forms/application_forms.py#L535
License:FormField,portality/forms/application_forms.py#L556,https://github.com/DOAJ/doaj/blob/feature/3609_click_to_copy/portality/forms/application_forms.py#L556
LicenseAttributes:FormField,portality/forms/application_forms.py#L606,https://github.com/DOAJ/doaj/blob/feature/3609_click_to_copy/portality/forms/application_forms.py#L606
LicenseTermsURL:FormField,portality/forms/application_forms.py#L629,https://github.com/DOAJ/doaj/blob/feature/3609_click_to_copy/portality/forms/application_forms.py#L629
LicenseDisplay:FormField,portality/forms/application_forms.py#L651,https://github.com/DOAJ/doaj/blob/feature/3609_click_to_copy/portality/forms/application_forms.py#L651
LicenseDisplayExampleUrl:FormField,portality/forms/application_forms.py#L675,https://github.com/DOAJ/doaj/blob/feature/3609_click_to_copy/portality/forms/application_forms.py#L675
CopyrightAuthorRetails:FormField,portality/forms/application_forms.py#L703,https://github.com/DOAJ/doaj/blob/feature/3609_click_to_copy/portality/forms/application_forms.py#L703
CopyrightURL:FormField,portality/forms/application_forms.py#L730,https://github.com/DOAJ/doaj/blob/feature/3609_click_to_copy/portality/forms/application_forms.py#L730
ReviewProcess:FormField,portality/forms/application_forms.py#L764,https://github.com/DOAJ/doaj/blob/feature/3609_click_to_copy/portality/forms/application_forms.py#L764
ReviewProcessOther:FormField,portality/forms/application_forms.py#L794,https://github.com/DOAJ/doaj/blob/feature/3609_click_to_copy/portality/forms/application_forms.py#L794
ReviewURL:FormField,portality/forms/application_forms.py#L820,https://github.com/DOAJ/doaj/blob/feature/3609_click_to_copy/portality/forms/application_forms.py#L820
OAStart:FormField,portality/forms/application_forms.py#L841,https://github.com/DOAJ/doaj/blob/feature/3609_click_to_copy/portality/forms/application_forms.py#L841
PlagiarismDetection:FormField,portality/forms/application_forms.py#L866,https://github.com/DOAJ/doaj/blob/feature/3609_click_to_copy/portality/forms/application_forms.py#L866
PlagiarismURL:FormField,portality/forms/application_forms.py#L889,https://github.com/DOAJ/doaj/blob/feature/3609_click_to_copy/portality/forms/application_forms.py#L889
AimsScopeURL:FormField,portality/forms/application_forms.py#L919,https://github.com/DOAJ/doaj/blob/feature/3609_click_to_copy/portality/forms/application_forms.py#L919
EditorialBoardURL:FormField,portality/forms/application_forms.py#L939,https://github.com/DOAJ/doaj/blob/feature/3609_click_to_copy/portality/forms/application_forms.py#L939
AuthorInstructionsURL:FormField,portality/forms/application_forms.py#L959,https://github.com/DOAJ/doaj/blob/feature/3609_click_to_copy/portality/forms/application_forms.py#L959
PublicationTimeWeeks:FormField,portality/forms/application_forms.py#L979,https://github.com/DOAJ/doaj/blob/feature/3609_click_to_copy/portality/forms/application_forms.py#L979
APC:FormField,portality/forms/application_forms.py#L1001,https://github.com/DOAJ/doaj/blob/feature/3609_click_to_copy/portality/forms/application_forms.py#L1001
APCCharges:FormField,portality/forms/application_forms.py#L1025,https://github.com/DOAJ/doaj/blob/feature/3609_click_to_copy/portality/forms/application_forms.py#L1025
APCCurrency:FormField,portality/forms/application_forms.py#L1055,https://github.com/DOAJ/doaj/blob/feature/3609_click_to_copy/portality/forms/application_forms.py#L1055
APCMax:FormField,portality/forms/application_forms.py#L1085,https://github.com/DOAJ/doaj/blob/feature/3609_click_to_copy/portality/forms/application_forms.py#L1085
APCURL:FormField,portality/forms/application_forms.py#L1112,https://github.com/DOAJ/doaj/blob/feature/3609_click_to_copy/portality/forms/application_forms.py#L1112
HasWaiver:FormField,portality/forms/application_forms.py#L1136,https://github.com/DOAJ/doaj/blob/feature/3609_click_to_copy/portality/forms/application_forms.py#L1136
WaiverURL:FormField,portality/forms/application_forms.py#L1162,https://github.com/DOAJ/doaj/blob/feature/3609_click_to_copy/portality/forms/application_forms.py#L1162
HasOtherCharges:FormField,portality/forms/application_forms.py#L1192,https://github.com/DOAJ/doaj/blob/feature/3609_click_to_copy/portality/forms/application_forms.py#L1192
OtherChargesURL:FormField,portality/forms/application_forms.py#L1215,https://github.com/DOAJ/doaj/blob/feature/3609_click_to_copy/portality/forms/application_forms.py#L1215
PreservationService:FormField,portality/forms/application_forms.py#L1244,https://github.com/DOAJ/doaj/blob/feature/3609_click_to_copy/portality/forms/application_forms.py#L1244
PreservationServiceLibrary:FormField,portality/forms/application_forms.py#L1278,https://github.com/DOAJ/doaj/blob/feature/3609_click_to_copy/portality/forms/application_forms.py#L1278
PreservationServiceOther:FormField,portality/forms/application_forms.py#L1312,https://github.com/DOAJ/doaj/blob/feature/3609_click_to_copy/portality/forms/application_forms.py#L1312
PreservationServiceURL:FormField,portality/forms/application_forms.py#L1335,https://github.com/DOAJ/doaj/blob/feature/3609_click_to_copy/portality/forms/application_forms.py#L1335
DepositPolicy:FormField,portality/forms/application_forms.py#L1383,https://github.com/DOAJ/doaj/blob/feature/3609_click_to_copy/portality/forms/application_forms.py#L1383
DepositPolicyOther:FormField,portality/forms/application_forms.py#L1416,https://github.com/DOAJ/doaj/blob/feature/3609_click_to_copy/portality/forms/application_forms.py#L1416
DepositPolicyURL:FormField,portality/forms/application_forms.py#L1439,https://github.com/DOAJ/doaj/blob/feature/3609_click_to_copy/portality/forms/application_forms.py#L1439
PersistentIdentifiers:FormField,portality/forms/application_forms.py#L1500,https://github.com/DOAJ/doaj/blob/feature/3609_click_to_copy/portality/forms/application_forms.py#L1500
PersistentIdentifiersOther:FormField,portality/forms/application_forms.py#L1528,https://github.com/DOAJ/doaj/blob/feature/3609_click_to_copy/portality/forms/application_forms.py#L1528
Orcids:FormField,portality/forms/application_forms.py#L1551,https://github.com/DOAJ/doaj/blob/feature/3609_click_to_copy/portality/forms/application_forms.py#L1551
OpenCitations:FormField,portality/forms/application_forms.py#L1582,https://github.com/DOAJ/doaj/blob/feature/3609_click_to_copy/portality/forms/application_forms.py#L1582
DOAJSeal:FormField,portality/forms/application_forms.py#L1615,https://github.com/DOAJ/doaj/blob/feature/3609_click_to_copy/portality/forms/application_forms.py#L1615
QuickReject:FormField,portality/forms/application_forms.py#L1645,https://github.com/DOAJ/doaj/blob/feature/3609_click_to_copy/portality/forms/application_forms.py#L1645
QuickRejectDetails:FormField,portality/forms/application_forms.py#L1653,https://github.com/DOAJ/doaj/blob/feature/3609_click_to_copy/portality/forms/application_forms.py#L1653
Owner:FormField,portality/forms/application_forms.py#L1667,https://github.com/DOAJ/doaj/blob/feature/3609_click_to_copy/portality/forms/application_forms.py#L1667
ApplicationStatus:FormField,portality/forms/application_forms.py#L1691,https://github.com/DOAJ/doaj/blob/feature/3609_click_to_copy/portality/forms/application_forms.py#L1691
EditorGroup:FormField,portality/forms/application_forms.py#L1729,https://github.com/DOAJ/doaj/blob/feature/3609_click_to_copy/portality/forms/application_forms.py#L1729
Editor:FormField,portality/forms/application_forms.py#L1750,https://github.com/DOAJ/doaj/blob/feature/3609_click_to_copy/portality/forms/application_forms.py#L1750
DiscontinuedDate:FormField,portality/forms/application_forms.py#L1765,https://github.com/DOAJ/doaj/blob/feature/3609_click_to_copy/portality/forms/application_forms.py#L1765
Continues:FormField,portality/forms/application_forms.py#L1789,https://github.com/DOAJ/doaj/blob/feature/3609_click_to_copy/portality/forms/application_forms.py#L1789
ContinuedBy:FormField,portality/forms/application_forms.py#L1812,https://github.com/DOAJ/doaj/blob/feature/3609_click_to_copy/portality/forms/application_forms.py#L1812
Subject:FormField,portality/forms/application_forms.py#L1835,https://github.com/DOAJ/doaj/blob/feature/3609_click_to_copy/portality/forms/application_forms.py#L1835
Notes:FormField,portality/forms/application_forms.py#L1872,https://github.com/DOAJ/doaj/blob/feature/3609_click_to_copy/portality/forms/application_forms.py#L1872
Note:FormField,portality/forms/application_forms.py#L1897,https://github.com/DOAJ/doaj/blob/feature/3609_click_to_copy/portality/forms/application_forms.py#L1897
NoteAuthor:FormField,portality/forms/application_forms.py#L1906,https://github.com/DOAJ/doaj/blob/feature/3609_click_to_copy/portality/forms/application_forms.py#L1906
NoteDate:FormField,portality/forms/application_forms.py#L1915,https://github.com/DOAJ/doaj/blob/feature/3609_click_to_copy/portality/forms/application_forms.py#L1915
NoteID:FormField,portality/forms/application_forms.py#L1924,https://github.com/DOAJ/doaj/blob/feature/3609_click_to_copy/portality/forms/application_forms.py#L1924
NoteAuthorID:FormField,portality/forms/application_forms.py#L1932,https://github.com/DOAJ/doaj/blob/feature/3609_click_to_copy/portality/forms/application_forms.py#L1932
OptionalValidation:FormField,portality/forms/application_forms.py#L1940,https://github.com/DOAJ/doaj/blob/feature/3609_click_to_copy/portality/forms/application_forms.py#L1940
BulkDOAJSeal:FormField,portality/forms/application_forms.py#L1951,https://github.com/DOAJ/doaj/blob/feature/3609_click_to_copy/portality/forms/application_forms.py#L1951
BasicCompliance:FieldSet,portality/forms/application_forms.py#L1970,https://github.com/DOAJ/doaj/blob/feature/3609_click_to_copy/portality/forms/application_forms.py#L1970
AboutJournal:FieldSet,portality/forms/application_forms.py#L1981,https://github.com/DOAJ/doaj/blob/feature/3609_click_to_copy/portality/forms/application_forms.py#L1981
Publisher:FieldSet,portality/forms/application_forms.py#L1996,https://github.com/DOAJ/doaj/blob/feature/3609_click_to_copy/portality/forms/application_forms.py#L1996
Institution:FieldSet,portality/forms/application_forms.py#L2006,https://github.com/DOAJ/doaj/blob/feature/3609_click_to_copy/portality/forms/application_forms.py#L2006
Licensing:FieldSet,portality/forms/application_forms.py#L2016,https://github.com/DOAJ/doaj/blob/feature/3609_click_to_copy/portality/forms/application_forms.py#L2016
EmbeddedLicense:FieldSet,portality/forms/application_forms.py#L2027,https://github.com/DOAJ/doaj/blob/feature/3609_click_to_copy/portality/forms/application_forms.py#L2027
Copyright:FieldSet,portality/forms/application_forms.py#L2037,https://github.com/DOAJ/doaj/blob/feature/3609_click_to_copy/portality/forms/application_forms.py#L2037
PeerReview:FieldSet,portality/forms/application_forms.py#L2047,https://github.com/DOAJ/doaj/blob/feature/3609_click_to_copy/portality/forms/application_forms.py#L2047
Plagiarism:FieldSet,portality/forms/application_forms.py#L2058,https://github.com/DOAJ/doaj/blob/feature/3609_click_to_copy/portality/forms/application_forms.py#L2058
Editorial:FieldSet,portality/forms/application_forms.py#L2068,https://github.com/DOAJ/doaj/blob/feature/3609_click_to_copy/portality/forms/application_forms.py#L2068
APC:FieldSet,portality/forms/application_forms.py#L2080,https://github.com/DOAJ/doaj/blob/feature/3609_click_to_copy/portality/forms/application_forms.py#L2080
Waivers:FieldSet,portality/forms/application_forms.py#L2093,https://github.com/DOAJ/doaj/blob/feature/3609_click_to_copy/portality/forms/application_forms.py#L2093
OtherFees:FieldSet,portality/forms/application_forms.py#L2103,https://github.com/DOAJ/doaj/blob/feature/3609_click_to_copy/portality/forms/application_forms.py#L2103
ArchivingPolicy:FieldSet,portality/forms/application_forms.py#L2113,https://github.com/DOAJ/doaj/blob/feature/3609_click_to_copy/portality/forms/application_forms.py#L2113
RepositoryPolicy:FieldSet,portality/forms/application_forms.py#L2125,https://github.com/DOAJ/doaj/blob/feature/3609_click_to_copy/portality/forms/application_forms.py#L2125
UniqueIdentifiers:FieldSet,portality/forms/application_forms.py#L2136,https://github.com/DOAJ/doaj/blob/feature/3609_click_to_copy/portality/forms/application_forms.py#L2136
Seal:FieldSet,portality/forms/application_forms.py#L2148,https://github.com/DOAJ/doaj/blob/feature/3609_click_to_copy/portality/forms/application_forms.py#L2148
QuickReject:FieldSet,portality/forms/application_forms.py#L2157,https://github.com/DOAJ/doaj/blob/feature/3609_click_to_copy/portality/forms/application_forms.py#L2157
Reassign:FieldSet,portality/forms/application_forms.py#L2168,https://github.com/DOAJ/doaj/blob/feature/3609_click_to_copy/portality/forms/application_forms.py#L2168
Status:FieldSet,portality/forms/application_forms.py#L2177,https://github.com/DOAJ/doaj/blob/feature/3609_click_to_copy/portality/forms/application_forms.py#L2177
Reviewers:FieldSet,portality/forms/application_forms.py#L2186,https://github.com/DOAJ/doaj/blob/feature/3609_click_to_copy/portality/forms/application_forms.py#L2186
Continuations:FieldSet,portality/forms/application_forms.py#L2196,https://github.com/DOAJ/doaj/blob/feature/3609_click_to_copy/portality/forms/application_forms.py#L2196
Subject:FieldSet,portality/forms/application_forms.py#L2208,https://github.com/DOAJ/doaj/blob/feature/3609_click_to_copy/portality/forms/application_forms.py#L2208
Notes:FieldSet,portality/forms/application_forms.py#L2217,https://github.com/DOAJ/doaj/blob/feature/3609_click_to_copy/portality/forms/application_forms.py#L2217
OptionalValidation:FieldSet,portality/forms/application_forms.py#L2231,https://github.com/DOAJ/doaj/blob/feature/3609_click_to_copy/portality/forms/application_forms.py#L2231
BulkEdit:FieldSet,portality/forms/application_forms.py#L2240,https://github.com/DOAJ/doaj/blob/feature/3609_click_to_copy/portality/forms/application_forms.py#L2240
NewApplication:FormContext,portality/forms/application_forms.py#L2259,https://github.com/DOAJ/doaj/blob/feature/3609_click_to_copy/portality/forms/application_forms.py#L2259
UpdateRequest:FormContext,portality/forms/application_forms.py#L2294,https://github.com/DOAJ/doaj/blob/feature/3609_click_to_copy/portality/forms/application_forms.py#L2294
ReadOnlyApplication:FormContext,portality/forms/application_forms.py#L2302,https://github.com/DOAJ/doaj/blob/feature/3609_click_to_copy/portality/forms/application_forms.py#L2302
AssociateEditorApplication:FormContext,portality/forms/application_forms.py#L2309,https://github.com/DOAJ/doaj/blob/feature/3609_click_to_copy/portality/forms/application_forms.py#L2309
EditorApplication:FormContext,portality/forms/application_forms.py#L2322,https://github.com/DOAJ/doaj/blob/feature/3609_click_to_copy/portality/forms/application_forms.py#L2322
ManEdApplication:FormContext,portality/forms/application_forms.py#L2336,https://github.com/DOAJ/doaj/blob/feature/3609_click_to_copy/portality/forms/application_forms.py#L2336
ReadOnlyJournal:FormContext,portality/forms/application_forms.py#L2356,https://github.com/DOAJ/doaj/blob/feature/3609_click_to_copy/portality/forms/application_forms.py#L2356
AssEditorJournal:FormContext,portality/forms/application_forms.py#L2391,https://github.com/DOAJ/doaj/blob/feature/3609_click_to_copy/portality/forms/application_forms.py#L2391
EditorJournal:FormContext,portality/forms/application_forms.py#L2403,https://github.com/DOAJ/doaj/blob/feature/3609_click_to_copy/portality/forms/application_forms.py#L2403
ManEdJournal:FormContext,portality/forms/application_forms.py#L2414,https://github.com/DOAJ/doaj/blob/feature/3609_click_to_copy/portality/forms/application_forms.py#L2414
BulkEditJournal:FormContext,portality/forms/application_forms.py#L2428,https://github.com/DOAJ/doaj/blob/feature/3609_click_to_copy/portality/forms/application_forms.py#L2428
ApplicationStatus:Workflow,portality/forms/application_forms.py#L2518,https://github.com/DOAJ/doaj/blob/feature/3609_click_to_copy/portality/forms/application_forms.py#L2518
Required:FormValidator,portality/forms/application_forms.py#L2670,https://github.com/DOAJ/doaj/blob/feature/3609_click_to_copy/portality/forms/application_forms.py#L2670
IsURL:FormValidator,portality/forms/application_forms.py#L2687,https://github.com/DOAJ/doaj/blob/feature/3609_click_to_copy/portality/forms/application_forms.py#L2687
IntRange:FormValidator,portality/forms/application_forms.py#L2704,https://github.com/DOAJ/doaj/blob/feature/3609_click_to_copy/portality/forms/application_forms.py#L2704
IsISSN:FormValidator,portality/forms/application_forms.py#L2811,https://github.com/DOAJ/doaj/blob/feature/3609_click_to_copy/portality/forms/application_forms.py#L2811
IsISSNList:FormValidator,portality/forms/application_forms.py#L2824,https://github.com/DOAJ/doaj/blob/feature/3609_click_to_copy/portality/forms/application_forms.py#L2824
RequiredIf:FormValidator,portality/forms/application_forms.py#L2846,https://github.com/DOAJ/doaj/blob/feature/3609_click_to_copy/portality/forms/application_forms.py#L2846
Atom:Crosswalk,portality/crosswalks/atom.py#L7,https://github.com/DOAJ/doaj/blob/feature/3609_click_to_copy/portality/crosswalks/atom.py#L7
JCT:Crosswalk,portality/crosswalks/jct_inprogress.py#L5,https://github.com/DOAJ/doaj/blob/feature/3609_click_to_copy/portality/crosswalks/jct_inprogress.py#L5
Journal:Crosswalk,portality/crosswalks/journal_form.py#L11,https://github.com/DOAJ/doaj/blob/feature/3609_click_to_copy/portality/crosswalks/journal_form.py#L11
Crossref442XML:Crosswalk,portality/crosswalks/article_crossref_xml.py#L13,https://github.com/DOAJ/doaj/blob/feature/3609_click_to_copy/portality/crosswalks/article_crossref_xml.py#L13
Crossref531XML:Crosswalk,portality/crosswalks/article_crossref_xml.py#L337,https://github.com/DOAJ/doaj/blob/feature/3609_click_to_copy/portality/crosswalks/article_crossref_xml.py#L337
JournalQuestions:Crosswalk,portality/crosswalks/journal_questions.py#L13,https://github.com/DOAJ/doaj/blob/feature/3609_click_to_copy/portality/crosswalks/journal_questions.py#L13
OAIDC:Crosswalk,portality/crosswalks/oaipmh.py#L52,https://github.com/DOAJ/doaj/blob/feature/3609_click_to_copy/portality/crosswalks/oaipmh.py#L52
OAIArticleXML:Crosswalk,portality/crosswalks/oaipmh.py#L98,https://github.com/DOAJ/doaj/blob/feature/3609_click_to_copy/portality/crosswalks/oaipmh.py#L98
OAIJournalXML:Crosswalk,portality/crosswalks/oaipmh.py#L230,https://github.com/DOAJ/doaj/blob/feature/3609_click_to_copy/portality/crosswalks/oaipmh.py#L230
OAIDOAJArticleXML:Crosswalk,portality/crosswalks/oaipmh.py#L308,https://github.com/DOAJ/doaj/blob/feature/3609_click_to_copy/portality/crosswalks/oaipmh.py#L308
ArticleForm:Crosswalk,portality/crosswalks/article_form.py#L5,https://github.com/DOAJ/doaj/blob/feature/3609_click_to_copy/portality/crosswalks/article_form.py#L5
ApplicationForm:Crosswalk,portality/crosswalks/application_form.py#L7,https://github.com/DOAJ/doaj/blob/feature/3609_click_to_copy/portality/crosswalks/application_form.py#L7
DOAJArticleXML:Crosswalk,portality/crosswalks/article_doaj_xml.py#L15,https://github.com/DOAJ/doaj/blob/feature/3609_click_to_copy/portality/crosswalks/article_doaj_xml.py#L15
Notifications:Feature,portality/static/js/notifications.js#L1,https://github.com/DOAJ/doaj/blob/feature/3609_click_to_copy/portality/static/js/notifications.js#L1
DOAJ:Library,portality/static/js/doaj.js#L2,https://github.com/DOAJ/doaj/blob/feature/3609_click_to_copy/portality/static/js/doaj.js#L2
DontLeave:Feature,portality/static/js/dontleave.js#L1,https://github.com/DOAJ/doaj/blob/feature/3609_click_to_copy/portality/static/js/dontleave.js#L1
Dashboard:Feature,portality/static/js/dashboard.js#L1,https://github.com/DOAJ/doaj/blob/feature/3609_click_to_copy/portality/static/js/dashboard.js#L1
EditorGroupsSearch:Feature,portality/static/js/edges/admin.editor_groups.edge.js#L1,https://github.com/DOAJ/doaj/blob/feature/3609_click_to_copy/portality/static/js/edges/admin.editor_groups.edge.js#L1
AdminNotifications:Edge,portality/static/js/edges/admin.notifications.edge.js#L1,https://github.com/DOAJ/doaj/blob/feature/3609_click_to_copy/portality/static/js/edges/admin.notifications.edge.js#L1
Notifications:Edge,portality/static/js/edges/notifications.edge.js#L1,https://github.com/DOAJ/doaj/blob/feature/3609_click_to_copy/portality/static/js/edges/notifications.edge.js#L1
AdminUserSearch:Feature,portality/static/js/edges/admin.users.edge.js#L1,https://github.com/DOAJ/doaj/blob/feature/3609_click_to_copy/portality/static/js/edges/admin.users.edge.js#L1
AdminJournalsSearch:Feature,portality/static/js/edges/admin.journals.edge.js#L1,https://github.com/DOAJ/doaj/blob/feature/3609_click_to_copy/portality/static/js/edges/admin.journals.edge.js#L1
AdminUpdateRequestSearch:Feature,portality/static/js/edges/admin.update_requests.edge.js#L1,https://github.com/DOAJ/doaj/blob/feature/3609_click_to_copy/portality/static/js/edges/admin.update_requests.edge.js#L1
AdminJournalsArticlesSearch:Feature,portality/static/js/edges/admin.journalarticle.edge.js#L1,https://github.com/DOAJ/doaj/blob/feature/3609_click_to_copy/portality/static/js/edges/admin.journalarticle.edge.js#L1
AdminApplicationsSearch:Feature,portality/static/js/edges/admin.applications.edge.js#L1,https://github.com/DOAJ/doaj/blob/feature/3609_click_to_copy/portality/static/js/edges/admin.applications.edge.js#L1
BackgroundJobsSearch:Feature,portality/static/js/edges/admin.background_jobs.edge.js#L1,https://github.com/DOAJ/doaj/blob/feature/3609_click_to_copy/portality/static/js/edges/admin.background_jobs.edge.js#L1
CMSBuildSASS:Script,portality/cms/build_sass.py#L3,https://github.com/DOAJ/doaj/blob/feature/3609_click_to_copy/portality/cms/build_sass.py#L3
CMSBuildFragments:Script,portality/cms/build_fragments.py#L1,https://github.com/DOAJ/doaj/blob/feature/3609_click_to_copy/portality/cms/build_fragments.py#L1
MustHaveRole:Validator,portality/view/forms.py#L68,https://github.com/DOAJ/doaj/blob/feature/3609_click_to_copy/portality/view/forms.py#L68
EditorGroup:Form,portality/view/forms.py#L93,https://github.com/DOAJ/doaj/blob/feature/3609_click_to_copy/portality/view/forms.py#L93
BackgroundTask:Monitoring,portality/view/status.py#L190; portality/bll/services/background_task_status.py#L2,https://github.com/DOAJ/doaj/blob/feature/3609_click_to_copy/portality/view/status.py#L190; https://github.com/DOAJ/doaj/blob/feature/3609_click_to_copy/portality/bll/services/background_task_status.py#L2
UploadMetadata:Feature,portality/view/publisher.py#L185,https://github.com/DOAJ/doaj/blob/feature/3609_click_to_copy/portality/view/publisher.py#L185
DOAJ:Blueprint,portality/view/doaj.py#L22,https://github.com/DOAJ/doaj/blob/feature/3609_click_to_copy/portality/view/doaj.py#L22
Media:WebRoute,portality/view/doaj.py#L431,https://github.com/DOAJ/doaj/blob/feature/3609_click_to_copy/portality/view/doaj.py#L431
Dashboard:Blueprint,portality/view/dashboard.py#L13,https://github.com/DOAJ/doaj/blob/feature/3609_click_to_copy/portality/view/dashboard.py#L13
Admin:Blueprint,portality/view/admin.py#L32,https://github.com/DOAJ/doaj/blob/feature/3609_click_to_copy/portality/view/admin.py#L32
JournalForm:Page,portality/view/admin.py#L194,https://github.com/DOAJ/doaj/blob/feature/3609_click_to_copy/portality/view/admin.py#L194
GroupStatus:Feature,portality/view/doajservices.py#L106; portality/templates/dashboard/index.html#L83,https://github.com/DOAJ/doaj/blob/feature/3609_click_to_copy/portality/view/doajservices.py#L106; https://github.com/DOAJ/doaj/blob/feature/3609_click_to_copy/portality/templates/dashboard/index.html#L83
DOAJ:Service,portality/bll/doaj.py#L1,https://github.com/DOAJ/doaj/blob/feature/3609_click_to_copy/portality/bll/doaj.py#L1
AuthNZ:Exception,portality/bll/exceptions.py#L6,https://github.com/DOAJ/doaj/blob/feature/3609_click_to_copy/portality/bll/exceptions.py#L6
ArticleIngest:Exception,portality/bll/exceptions.py#L100,https://github.com/DOAJ/doaj/blob/feature/3609_click_to_copy/portality/bll/exceptions.py#L100
Todo:Service,portality/bll/services/todo.py#L8,https://github.com/DOAJ/doaj/blob/feature/3609_click_to_copy/portality/bll/services/todo.py#L8
Todo:Query,portality/bll/services/todo.py#L204,https://github.com/DOAJ/doaj/blob/feature/3609_click_to_copy/portality/bll/services/todo.py#L204
GroupStats:Query,portality/bll/services/todo.py#L279,https://github.com/DOAJ/doaj/blob/feature/3609_click_to_copy/portality/bll/services/todo.py#L279
Query:Service,portality/bll/services/query.py#L12,https://github.com/DOAJ/doaj/blob/feature/3609_click_to_copy/portality/bll/services/query.py#L12
Query:Query,portality/bll/services/query.py#L158,https://github.com/DOAJ/doaj/blob/feature/3609_click_to_copy/portality/bll/services/query.py#L158
Journal:Service,portality/bll/services/journal.py#L20,https://github.com/DOAJ/doaj/blob/feature/3609_click_to_copy/portality/bll/services/journal.py#L20
AdminJournalCSV:Feature,portality/bll/services/journal.py#L167,https://github.com/DOAJ/doaj/blob/feature/3609_click_to_copy/portality/bll/services/journal.py#L167
JournalCSV:Feature,portality/bll/services/journal.py#L243; portality/bll/services/journal.py#L253,https://github.com/DOAJ/doaj/blob/feature/3609_click_to_copy/portality/bll/services/journal.py#L243; https://github.com/DOAJ/doaj/blob/feature/3609_click_to_copy/portality/bll/services/journal.py#L253
Sitemap:Feature,portality/bll/services/site.py#L44,https://github.com/DOAJ/doaj/blob/feature/3609_click_to_copy/portality/bll/services/site.py#L44
Notifications:Service,portality/bll/services/notifications.py#L1,https://github.com/DOAJ/doaj/blob/feature/3609_click_to_copy/portality/bll/services/notifications.py#L1
TopNotifications:Query,portality/bll/services/notifications.py#L76,https://github.com/DOAJ/doaj/blob/feature/3609_click_to_copy/portality/bll/services/notifications.py#L76
Notifications:Query,portality/bll/services/notifications.py#L97,https://github.com/DOAJ/doaj/blob/feature/3609_click_to_copy/portality/bll/services/notifications.py#L97
Application:Service,portality/bll/services/application.py#L15,https://github.com/DOAJ/doaj/blob/feature/3609_click_to_copy/portality/bll/services/application.py#L15
AuthNZ:Service,portality/bll/services/authorisation.py#L8,https://github.com/DOAJ/doaj/blob/feature/3609_click_to_copy/portality/bll/services/authorisation.py#L8
Article:Service,portality/bll/services/article.py#L12,https://github.com/DOAJ/doaj/blob/feature/3609_click_to_copy/portality/bll/services/article.py#L12
ArticleBatchCreate:Feature,portality/bll/services/article.py#L61,https://github.com/DOAJ/doaj/blob/feature/3609_click_to_copy/portality/bll/services/article.py#L61
ArticleCreate:Feature,portality/bll/services/article.py#L221,https://github.com/DOAJ/doaj/blob/feature/3609_click_to_copy/portality/bll/services/article.py#L221
SetInDOAJBackgroundTask:Process,portality/tasks/journal_in_out_doaj.py#L41,https://github.com/DOAJ/doaj/blob/feature/3609_click_to_copy/portality/tasks/journal_in_out_doaj.py#L41
JournalBulkDelete:Task,portality/tasks/journal_bulk_delete.py#L37,https://github.com/DOAJ/doaj/blob/feature/3609_click_to_copy/portality/tasks/journal_bulk_delete.py#L37
AnonExport:Feature,portality/tasks/anon_export.py#L150; data_import_settings/README.md#L15,https://github.com/DOAJ/doaj/blob/feature/3609_click_to_copy/portality/tasks/anon_export.py#L150; https://github.com/DOAJ/doaj/blob/feature/3609_click_to_copy/data_import_settings/README.md#L15
Harvester:BackgroundTask,portality/tasks/harvester.py#L44,https://github.com/DOAJ/doaj/blob/feature/3609_click_to_copy/portality/tasks/harvester.py#L44
Sitemap:BackgroundTask,portality/tasks/sitemap.py#L11,https://github.com/DOAJ/doaj/blob/feature/3609_click_to_copy/portality/tasks/sitemap.py#L11
PreservationException:Exception,portality/tasks/preservation.py#L25,https://github.com/DOAJ/doaj/blob/feature/3609_click_to_copy/portality/tasks/preservation.py#L25
ArticlePackage:Feature,portality/tasks/preservation.py#L38,https://github.com/DOAJ/doaj/blob/feature/3609_click_to_copy/portality/tasks/preservation.py#L38
PreservationBackground:Feature,portality/tasks/preservation.py#L191,https://github.com/DOAJ/doaj/blob/feature/3609_click_to_copy/portality/tasks/preservation.py#L191
CSVReader:Feature,portality/tasks/preservation.py#L405,https://github.com/DOAJ/doaj/blob/feature/3609_click_to_copy/portality/tasks/preservation.py#L405
Preservation:Feature,portality/tasks/preservation.py#L442,https://github.com/DOAJ/doaj/blob/feature/3609_click_to_copy/portality/tasks/preservation.py#L442
PreservationPackage:Feature,portality/tasks/preservation.py#L676,https://github.com/DOAJ/doaj/blob/feature/3609_click_to_copy/portality/tasks/preservation.py#L676
ApplicationPublisherInProgressNotify:Consumer,portality/events/consumers/application_publisher_inprogress_notify.py#L1,https://github.com/DOAJ/doaj/blob/feature/3609_click_to_copy/portality/events/consumers/application_publisher_inprogress_notify.py#L1
ApplicationPublisherAcceptedNotify:Consumer,portality/events/consumers/application_publisher_accepted_notify.py#L1,https://github.com/DOAJ/doaj/blob/feature/3609_click_to_copy/portality/events/consumers/application_publisher_accepted_notify.py#L1
UpdateRequestPublisherAcceptedNotify:Consumer,portality/events/consumers/update_request_publisher_accepted_notify.py#L1,https://github.com/DOAJ/doaj/blob/feature/3609_click_to_copy/portality/events/consumers/update_request_publisher_accepted_notify.py#L1
ApplicationPublisherRevisionNotify:Consumer,portality/events/consumers/application_publisher_revision_notify.py#L1,https://github.com/DOAJ/doaj/blob/feature/3609_click_to_copy/portality/events/consumers/application_publisher_revision_notify.py#L1
ApplicationEditorInProgressNotify:Consumer,portality/events/consumers/application_editor_inprogress_notify.py#L1,https://github.com/DOAJ/doaj/blob/feature/3609_click_to_copy/portality/events/consumers/application_editor_inprogress_notify.py#L1
ApplicationPublisherAssignedNotify:Consumer,portality/events/consumers/application_publisher_assigned_notify.py#L1,https://github.com/DOAJ/doaj/blob/feature/3609_click_to_copy/portality/events/consumers/application_publisher_assigned_notify.py#L1
BGJobFinishedNotifiy:Consumer,portality/events/consumers/bg_job_finished_notify.py#L1,https://github.com/DOAJ/doaj/blob/feature/3609_click_to_copy/portality/events/consumers/bg_job_finished_notify.py#L1
UpdateRequestPublisherRejectedNotify:Consumer,portality/events/consumers/update_request_publisher_rejected_notify.py#L1,https://github.com/DOAJ/doaj/blob/feature/3609_click_to_copy/portality/events/consumers/update_request_publisher_rejected_notify.py#L1
AccountCreatedEmail:Consumer,portality/events/consumers/account_created_email.py#L1,https://github.com/DOAJ/doaj/blob/feature/3609_click_to_copy/portality/events/consumers/account_created_email.py#L1
ApplicatioditorGroupAssignedNotify:Consumer,portality/events/consumers/application_editor_group_assigned_notify.py#L1,https://github.com/DOAJ/doaj/blob/feature/3609_click_to_copy/portality/events/consumers/application_editor_group_assigned_notify.py#L1
ApplicationEditorCompletedNotify:Consumer,portality/events/consumers/application_editor_completed_notify.py#L1,https://github.com/DOAJ/doaj/blob/feature/3609_click_to_copy/portality/events/consumers/application_editor_completed_notify.py#L1
JournalAssedAssignedNotify:Consumer,portality/events/consumers/journal_assed_assigned_notify.py#L1,https://github.com/DOAJ/doaj/blob/feature/3609_click_to_copy/portality/events/consumers/journal_assed_assigned_notify.py#L1
UpdateRequestPublisherAssignedNotify:Consumer,portality/events/consumers/update_request_publisher_assigned_notify.py#L1,https://github.com/DOAJ/doaj/blob/feature/3609_click_to_copy/portality/events/consumers/update_request_publisher_assigned_notify.py#L1
JournalEditorGroupAssignedNotify:Consumer,portality/events/consumers/journal_editor_group_assigned_notify.py#L1,https://github.com/DOAJ/doaj/blob/feature/3609_click_to_copy/portality/events/consumers/journal_editor_group_assigned_notify.py#L1
ApplicationAssedInProgressNotify:Consumer,portality/events/consumers/application_assed_inprogress_notify.py#L1,https://github.com/DOAJ/doaj/blob/feature/3609_click_to_copy/portality/events/consumers/application_assed_inprogress_notify.py#L1
ApplicationAssedAssignedNotify:Consumer,portality/events/consumers/application_assed_assigned_notify.py#L1,https://github.com/DOAJ/doaj/blob/feature/3609_click_to_copy/portality/events/consumers/application_assed_assigned_notify.py#L1
ApplicationManedReadyNotify:Consumer,portality/events/consumers/application_maned_ready_notify.py#L1,https://github.com/DOAJ/doaj/blob/feature/3609_click_to_copy/portality/events/consumers/application_maned_ready_notify.py#L1
AccountPasswordResetEmail:Consumer,portality/events/consumers/account_passwordreset_email.py#L1,https://github.com/DOAJ/doaj/blob/feature/3609_click_to_copy/portality/events/consumers/account_passwordreset_email.py#L1
ApplicationPublisherCreatedNotify:Notifications,portality/events/consumers/application_publisher_created_notify.py#L1,https://github.com/DOAJ/doaj/blob/feature/3609_click_to_copy/portality/events/consumers/application_publisher_created_notify.py#L1
ApplicationPublisherQuickRejectNotify:Consumer,portality/events/consumers/application_publisher_quickreject_notify.py#L1,https://github.com/DOAJ/doaj/blob/feature/3609_click_to_copy/portality/events/consumers/application_publisher_quickreject_notify.py#L1
JournalUpdateByCSV:Script,portality/scripts/journals_update_via_csv.py#L2,https://github.com/DOAJ/doaj/blob/feature/3609_click_to_copy/portality/scripts/journals_update_via_csv.py#L2
JournalUpdateByCSV:Feature,portality/scripts/journals_update_via_csv.py#L118,https://github.com/DOAJ/doaj/blob/feature/3609_click_to_copy/portality/scripts/journals_update_via_csv.py#L118
AdminJournalCSV:CLI,portality/scripts/admin_journalcsv.py#L1,https://github.com/DOAJ/doaj/blob/feature/3609_click_to_copy/portality/scripts/admin_journalcsv.py#L1
Harvester:Feature,portality/scripts/harvest.py#L2,https://github.com/DOAJ/doaj/blob/feature/3609_click_to_copy/portality/scripts/harvest.py#L2
MarkNotificationsSeen:Script,portality/scripts/mark_notifications_seen.py#L1,https://github.com/DOAJ/doaj/blob/feature/3609_click_to_copy/portality/scripts/mark_notifications_seen.py#L1
Sitemap:Script,portality/scripts/sitemap.py#L3,https://github.com/DOAJ/doaj/blob/feature/3609_click_to_copy/portality/scripts/sitemap.py#L3
API:Feature,portality/api/common.py#L1; portality/api/__init__.py#L1; portality/models/openurl.py#L44,https://github.com/DOAJ/doaj/blob/feature/3609_click_to_copy/portality/api/common.py#L1; https://github.com/DOAJ/doaj/blob/feature/3609_click_to_copy/portality/api/__init__.py#L1; https://github.com/DOAJ/doaj/blob/feature/3609_click_to_copy/portality/models/openurl.py#L44
APISearch:Feature,portality/api/current/discovery.py#L1,https://github.com/DOAJ/doaj/blob/feature/3609_click_to_copy/portality/api/current/discovery.py#L1
Search:Query,portality/api/current/discovery.py#L335,https://github.com/DOAJ/doaj/blob/feature/3609_click_to_copy/portality/api/current/discovery.py#L335
APIBulkArticles:Feature,portality/api/current/bulk/articles.py#L1,https://github.com/DOAJ/doaj/blob/feature/3609_click_to_copy/portality/api/current/bulk/articles.py#L1
APIBulkApplications:Feature,portality/api/current/bulk/applications.py#L1,https://github.com/DOAJ/doaj/blob/feature/3609_click_to_copy/portality/api/current/bulk/applications.py#L1
APIBulk:Feature,portality/api/current/bulk/__init__.py#L1,https://github.com/DOAJ/doaj/blob/feature/3609_click_to_copy/portality/api/current/bulk/__init__.py#L1
APIOutgoingJournal:Model,portality/api/current/data_objects/journal.py#L31,https://github.com/DOAJ/doaj/blob/feature/3609_click_to_copy/portality/api/current/data_objects/journal.py#L31
APIIncomingApplication:Model,portality/api/current/data_objects/application.py#L131,https://github.com/DOAJ/doaj/blob/feature/3609_click_to_copy/portality/api/current/data_objects/application.py#L131
APIOutgoingApplication:Model,portality/api/current/data_objects/application.py#L372,https://github.com/DOAJ/doaj/blob/feature/3609_click_to_copy/portality/api/current/data_objects/application.py#L372
APIOutgoingCommonJournalApplication:Model,portality/api/current/data_objects/common_journal_application.py#L11,https://github.com/DOAJ/doaj/blob/feature/3609_click_to_copy/portality/api/current/data_objects/common_journal_application.py#L11
APIIncomingArticle:Model,portality/api/current/data_objects/article.py#L159,https://github.com/DOAJ/doaj/blob/feature/3609_click_to_copy/portality/api/current/data_objects/article.py#L159
APIOutgoingArticle:Model,portality/api/current/data_objects/article.py#L282,https://github.com/DOAJ/doaj/blob/feature/3609_click_to_copy/portality/api/current/data_objects/article.py#L282
APICrudArticles:Feature,portality/api/current/crud/articles.py#L1,https://github.com/DOAJ/doaj/blob/feature/3609_click_to_copy/portality/api/current/crud/articles.py#L1
APICrudApplications:Feature,portality/api/current/crud/applications.py#L1,https://github.com/DOAJ/doaj/blob/feature/3609_click_to_copy/portality/api/current/crud/applications.py#L1
APICrud:Feature,portality/api/current/crud/__init__.py#L1,https://github.com/DOAJ/doaj/blob/feature/3609_click_to_copy/portality/api/current/crud/__init__.py#L1
APICrudJournals:Feature,portality/api/current/crud/journals.py#L1,https://github.com/DOAJ/doaj/blob/feature/3609_click_to_copy/portality/api/current/crud/journals.py#L1
PublisherArticleMetadata:Page,portality/templates/publisher/metadata.html#L1,https://github.com/DOAJ/doaj/blob/feature/3609_click_to_copy/portality/templates/publisher/metadata.html#L1
UploadMetadata:Page,portality/templates/publisher/uploadmetadata.html#L1,https://github.com/DOAJ/doaj/blob/feature/3609_click_to_copy/portality/templates/publisher/uploadmetadata.html#L1
AssEdApplicationInProgress:Email,portality/templates/email/assoc_editor_application_inprogress.jinja2#L2,https://github.com/DOAJ/doaj/blob/feature/3609_click_to_copy/portality/templates/email/assoc_editor_application_inprogress.jinja2#L2
PublisherApplicationAccepted:Email,portality/templates/email/publisher_application_accepted.jinja2#L2,https://github.com/DOAJ/doaj/blob/feature/3609_click_to_copy/portality/templates/email/publisher_application_accepted.jinja2#L2
AssEdApplicationAssigned:Email,portality/templates/email/assoc_editor_application_assigned.jinja2#L2,https://github.com/DOAJ/doaj/blob/feature/3609_click_to_copy/portality/templates/email/assoc_editor_application_assigned.jinja2#L2
PublisherUpdateRequestRejected:Email,portality/templates/email/publisher_update_request_rejected.jinja2#L2,https://github.com/DOAJ/doaj/blob/feature/3609_click_to_copy/portality/templates/email/publisher_update_request_rejected.jinja2#L2
PublisherUpdateRequestAccepted:Email,portality/templates/email/publisher_update_request_accepted.jinja2#L2,https://github.com/DOAJ/doaj/blob/feature/3609_click_to_copy/portality/templates/email/publisher_update_request_accepted.jinja2#L2
PublisherUpdateRequestRevisionsRequired:Email,portality/templates/email/publisher_update_request_revisions.jinja2#L2,https://github.com/DOAJ/doaj/blob/feature/3609_click_to_copy/portality/templates/email/publisher_update_request_revisions.jinja2#L2
AdminBackgroundJobFinished:Email,portality/templates/email/admin_background_job_finished.jinja2#L2,https://github.com/DOAJ/doaj/blob/feature/3609_click_to_copy/portality/templates/email/admin_background_job_finished.jinja2#L2
EditorApplicationAssigned:Email,portality/templates/email/editor_application_assigned_group.jinja2#L2,https://github.com/DOAJ/doaj/blob/feature/3609_click_to_copy/portality/templates/email/editor_application_assigned_group.jinja2#L2
ScriptTagDetected:Email,portality/templates/email/script_tag_detected.jinja2#L2,https://github.com/DOAJ/doaj/blob/feature/3609_click_to_copy/portality/templates/email/script_tag_detected.jinja2#L2
EditorApplicationInProgress:Email,portality/templates/email/editor_application_inprogress.jinja2#L2,https://github.com/DOAJ/doaj/blob/feature/3609_click_to_copy/portality/templates/email/editor_application_inprogress.jinja2#L2
AdminJournalAssigned:Email,portality/templates/email/editor_journal_assigned_group.jinja2#L2,https://github.com/DOAJ/doaj/blob/feature/3609_click_to_copy/portality/templates/email/editor_journal_assigned_group.jinja2#L2
PublisherApplicationEditorAssigned:Email,portality/templates/email/publisher_application_editor_assigned.jinja2#L2,https://github.com/DOAJ/doaj/blob/feature/3609_click_to_copy/portality/templates/email/publisher_application_editor_assigned.jinja2#L2
EditorApplicationCompleted:Email,portality/templates/email/editor_application_completed.jinja2#L2,https://github.com/DOAJ/doaj/blob/feature/3609_click_to_copy/portality/templates/email/editor_application_completed.jinja2#L2
AssEdJournalAssigned:Email,portality/templates/email/assoc_editor_journal_assigned.jinja2#L2,https://github.com/DOAJ/doaj/blob/feature/3609_click_to_copy/portality/templates/email/assoc_editor_journal_assigned.jinja2#L2
PublisherUpdateRequestInProgress:Email,portality/templates/email/publisher_update_request_inprogress.jinja2#L2,https://github.com/DOAJ/doaj/blob/feature/3609_click_to_copy/portality/templates/email/publisher_update_request_inprogress.jinja2#L2
PublisherApplicationRejected:Email,portality/templates/email/publisher_application_rejected.jinja2#L2,https://github.com/DOAJ/doaj/blob/feature/3609_click_to_copy/portality/templates/email/publisher_application_rejected.jinja2#L2
PublisherApplicationReceived:Email,portality/templates/email/publisher_application_received.jinja2#L2,https://github.com/DOAJ/doaj/blob/feature/3609_click_to_copy/portality/templates/email/publisher_application_received.jinja2#L2
PublisherUpdateRequestEditorAssigned:Email,portality/templates/email/publisher_update_request_editor_assigned.jinja2#L2,https://github.com/DOAJ/doaj/blob/feature/3609_click_to_copy/portality/templates/email/publisher_update_request_editor_assigned.jinja2#L2
PublisherUpdateRequestReceived:Email,portality/templates/email/publisher_update_request_received.jinja2#L2,https://github.com/DOAJ/doaj/blob/feature/3609_click_to_copy/portality/templates/email/publisher_update_request_received.jinja2#L2
PasswordReset:Email,portality/templates/email/account_password_reset.jinja2#L2,https://github.com/DOAJ/doaj/blob/feature/3609_click_to_copy/portality/templates/email/account_password_reset.jinja2#L2
AccountCreated:Email,portality/templates/email/account_created.jinja2#L2,https://github.com/DOAJ/doaj/blob/feature/3609_click_to_copy/portality/templates/email/account_created.jinja2#L2
PublisherApplicationInProgress:Email,portality/templates/email/publisher_application_inprogress.jinja2#L2,https://github.com/DOAJ/doaj/blob/feature/3609_click_to_copy/portality/templates/email/publisher_application_inprogress.jinja2#L2
AdminApplicationReady:Email,portality/templates/email/admin_application_ready.jinja2#L2,https://github.com/DOAJ/doaj/blob/feature/3609_click_to_copy/portality/templates/email/admin_application_ready.jinja2#L2
Dashboard:Template,portality/templates/layouts/dashboard_base.html#L2; portality/templates/layouts/dashboard_base.html#L8,https://github.com/DOAJ/doaj/blob/feature/3609_click_to_copy/portality/templates/layouts/dashboard_base.html#L2; https://github.com/DOAJ/doaj/blob/feature/3609_click_to_copy/portality/templates/layouts/dashboard_base.html#L8
EditorIndex:Page,portality/templates/editor/index.html#L2,https://github.com/DOAJ/doaj/blob/feature/3609_click_to_copy/portality/templates/editor/index.html#L2
AdminNotificationsSearch:Page,portality/templates/admin/global_notifications_search.html#L2,https://github.com/DOAJ/doaj/blob/feature/3609_click_to_copy/portality/templates/admin/global_notifications_search.html#L2
AdminArticleMetadata:Page,portality/templates/admin/article_metadata.html#L1,https://github.com/DOAJ/doaj/blob/feature/3609_click_to_copy/portality/templates/admin/article_metadata.html#L1
Dashboard:Page,portality/templates/dashboard/index.html#L2,https://github.com/DOAJ/doaj/blob/feature/3609_click_to_copy/portality/templates/dashboard/index.html#L2
DashboardNav:Fragment,portality/templates/dashboard/nav.html#L1,https://github.com/DOAJ/doaj/blob/feature/3609_click_to_copy/portality/templates/dashboard/nav.html#L1
NotificationsSearch:Page,portality/templates/dashboard/notifications.html#L2,https://github.com/DOAJ/doaj/blob/feature/3609_click_to_copy/portality/templates/dashboard/notifications.html#L2
Account:Page,portality/templates/account/view.html#L1,https://github.com/DOAJ/doaj/blob/feature/3609_click_to_copy/portality/templates/account/view.html#L1
ESMappings:Library,portality/lib/es_data_mapping.py#L4,https://github.com/DOAJ/doaj/blob/feature/3609_click_to_copy/portality/lib/es_data_mapping.py#L4
Dates:Library,portality/lib/dates.py#L1,https://github.com/DOAJ/doaj/blob/feature/3609_click_to_copy/portality/lib/dates.py#L1
Anonymisation:Feature,portality/lib/anon.py#L1,https://github.com/DOAJ/doaj/blob/feature/3609_click_to_copy/portality/lib/anon.py#L1
Coerce:Library,portality/lib/coerce.py#L1,https://github.com/DOAJ/doaj/blob/feature/3609_click_to_copy/portality/lib/coerce.py#L1
Formulaic:Library,portality/lib/formulaic.py#L1,https://github.com/DOAJ/doaj/blob/feature/3609_click_to_copy/portality/lib/formulaic.py#L1
FormulaicContext:Feature,portality/lib/formulaic.py#L230,https://github.com/DOAJ/doaj/blob/feature/3609_click_to_copy/portality/lib/formulaic.py#L230
FormulaicFieldset:Feature,portality/lib/formulaic.py#L492,https://github.com/DOAJ/doaj/blob/feature/3609_click_to_copy/portality/lib/formulaic.py#L492
FormulaicField:Feature,portality/lib/formulaic.py#L537,https://github.com/DOAJ/doaj/blob/feature/3609_click_to_copy/portality/lib/formulaic.py#L537
FormProcessor:Feature,portality/lib/formulaic.py#L842,https://github.com/DOAJ/doaj/blob/feature/3609_click_to_copy/portality/lib/formulaic.py#L842
EdgesIntegration:Library,portality/lib/edges.py#L1,https://github.com/DOAJ/doaj/blob/feature/3609_click_to_copy/portality/lib/edges.py#L1
WhoCurrentUser:Query,portality/lib/query_filters.py#L143,https://github.com/DOAJ/doaj/blob/feature/3609_click_to_copy/portality/lib/query_filters.py#L143
PlausibleAnalytics:ExternalService,portality/lib/plausible.py#L1,https://github.com/DOAJ/doaj/blob/feature/3609_click_to_copy/portality/lib/plausible.py#L1
GoogleAnalytics:ExternalService,portality/lib/analytics.py#L1,https://github.com/DOAJ/doaj/blob/feature/3609_click_to_copy/portality/lib/analytics.py#L1
Email:Notifications,portality/notifications/application_emails.py#L1,https://github.com/DOAJ/doaj/blob/feature/3609_click_to_copy/portality/notifications/application_emails.py#L1
BackgroundJob:Model,portality/models/background.py#L11,https://github.com/DOAJ/doaj/blob/feature/3609_click_to_copy/portality/models/background.py#L11
ActiveBackgroundJob:Query,portality/models/background.py#L215,https://github.com/DOAJ/doaj/blob/feature/3609_click_to_copy/portality/models/background.py#L215
Notification:Model,portality/models/notifications.py#L6,https://github.com/DOAJ/doaj/blob/feature/3609_click_to_copy/portality/models/notifications.py#L6
EditorGroup:Model,portality/models/editors.py#L7,https://github.com/DOAJ/doaj/blob/feature/3609_click_to_copy/portality/models/editors.py#L7
EditorGroupMember:Query,portality/models/editors.py#L112,https://github.com/DOAJ/doaj/blob/feature/3609_click_to_copy/portality/models/editors.py#L112
Preservation:Model,portality/models/preservation.py#L8,https://github.com/DOAJ/doaj/blob/feature/3609_click_to_copy/portality/models/preservation.py#L8
News:Model,portality/models/news.py#L8,https://github.com/DOAJ/doaj/blob/feature/3609_click_to_copy/portality/models/news.py#L8
News:Query,portality/models/news.py#L65,https://github.com/DOAJ/doaj/blob/feature/3609_click_to_copy/portality/models/news.py#L65
Application:Model,portality/models/v2/application.py#L40,https://github.com/DOAJ/doaj/blob/feature/3609_click_to_copy/portality/models/v2/application.py#L40
AssignedEditorGroups:Query,portality/models/v2/application.py#L384,https://github.com/DOAJ/doaj/blob/feature/3609_click_to_copy/portality/models/v2/application.py#L384
CMS:Documentation,cms/test-page.html#L2; cms/README.md#L4,https://github.com/DOAJ/doaj/blob/feature/3609_click_to_copy/cms/test-page.html#L2; https://github.com/DOAJ/doaj/blob/feature/3609_click_to_copy/cms/README.md#L4
CMS:DataStore,cms/README.md#L3,https://github.com/DOAJ/doaj/blob/feature/3609_click_to_copy/cms/README.md#L3
Supporters:Data,cms/data/supporters.yml#L2,https://github.com/DOAJ/doaj/blob/feature/3609_click_to_copy/cms/data/supporters.yml#L2
PublisherSupporters:Data,cms/data/publisher-supporters.yml#L1,https://github.com/DOAJ/doaj/blob/feature/3609_click_to_copy/cms/data/publisher-supporters.yml#L1
Navigation:Data,cms/data/nav.yml#L1,https://github.com/DOAJ/doaj/blob/feature/3609_click_to_copy/cms/data/nav.yml#L1
Notifications:Data,cms/data/notifications.yml#L1,https://github.com/DOAJ/doaj/blob/feature/3609_click_to_copy/cms/data/notifications.yml#L1
Ambassadors:Data,cms/data/ambassadors.yml#L2,https://github.com/DOAJ/doaj/blob/feature/3609_click_to_copy/cms/data/ambassadors.yml#L2
Team:Data,cms/data/team.yml#L2,https://github.com/DOAJ/doaj/blob/feature/3609_click_to_copy/cms/data/team.yml#L2
Sponsors:Data,cms/data/sponsors.yml#L2,https://github.com/DOAJ/doaj/blob/feature/3609_click_to_copy/cms/data/sponsors.yml#L2
Volunteers:Data,cms/data/volunteers.yml#L3,https://github.com/DOAJ/doaj/blob/feature/3609_click_to_copy/cms/data/volunteers.yml#L3
Promo:Data,cms/data/promo.yml#L9,https://github.com/DOAJ/doaj/blob/feature/3609_click_to_copy/cms/data/promo.yml#L9
AdvisoryBoardCouncil:Data,cms/data/advisory-board-council.yml#L2,https://github.com/DOAJ/doaj/blob/feature/3609_click_to_copy/cms/data/advisory-board-council.yml#L2
At20:Fragment,cms/pages/about/at-20.md#L8,https://github.com/DOAJ/doaj/blob/feature/3609_click_to_copy/cms/pages/about/at-20.md#L8
Volunteers:Fragment,cms/pages/about/volunteers.md#L8,https://github.com/DOAJ/doaj/blob/feature/3609_click_to_copy/cms/pages/about/volunteers.md#L8
AdvisoryBoardCouncil:Fragment,cms/pages/about/advisory-board-council.md#L7,https://github.com/DOAJ/doaj/blob/feature/3609_click_to_copy/cms/pages/about/advisory-board-council.md#L7
About:Fragment,cms/pages/about/index.md#L7,https://github.com/DOAJ/doaj/blob/feature/3609_click_to_copy/cms/pages/about/index.md#L7
Team:Fragment,cms/pages/about/team.md#L7,https://github.com/DOAJ/doaj/blob/feature/3609_click_to_copy/cms/pages/about/team.md#L7
Ambassadors:Fragment,cms/pages/about/ambassadors.md#L8,https://github.com/DOAJ/doaj/blob/feature/3609_click_to_copy/cms/pages/about/ambassadors.md#L8
XML:Fragment,cms/pages/docs/xml.md#L7,https://github.com/DOAJ/doaj/blob/feature/3609_click_to_copy/cms/pages/docs/xml.md#L7
FAQ:Fragment,cms/pages/docs/faq.md#L7,https://github.com/DOAJ/doaj/blob/feature/3609_click_to_copy/cms/pages/docs/faq.md#L7
Widgets:Fragment,cms/pages/docs/widgets.md#L8,https://github.com/DOAJ/doaj/blob/feature/3609_click_to_copy/cms/pages/docs/widgets.md#L8
PublicDataDump:Fragment,cms/pages/docs/public-data-dump.md#L8,https://github.com/DOAJ/doaj/blob/feature/3609_click_to_copy/cms/pages/docs/public-data-dump.md#L8
OAIPMH:Fragment,cms/pages/docs/oai-pmh.md#L8,https://github.com/DOAJ/doaj/blob/feature/3609_click_to_copy/cms/pages/docs/oai-pmh.md#L8
OpenURL:Fragment,cms/pages/docs/openurl.md#L7,https://github.com/DOAJ/doaj/blob/feature/3609_click_to_copy/cms/pages/docs/openurl.md#L7
Preservation:Fragment,cms/pages/preservation/index.md#L7,https://github.com/DOAJ/doaj/blob/feature/3609_click_to_copy/cms/pages/preservation/index.md#L7
ContactUs:Fragment,cms/pages/legal/contact.md#L6,https://github.com/DOAJ/doaj/blob/feature/3609_click_to_copy/cms/pages/legal/contact.md#L6
Privacy:Fragment,cms/pages/legal/privacy.md#L7,https://github.com/DOAJ/doaj/blob/feature/3609_click_to_copy/cms/pages/legal/privacy.md#L7
Media:Fragment,cms/pages/legal/media.md#L6,https://github.com/DOAJ/doaj/blob/feature/3609_click_to_copy/cms/pages/legal/media.md#L6
Terms:Fragment,cms/pages/legal/terms.md#L7,https://github.com/DOAJ/doaj/blob/feature/3609_click_to_copy/cms/pages/legal/terms.md#L7
Accessibility:Fragment,cms/pages/legal/accessibility.md#L6,https://github.com/DOAJ/doaj/blob/feature/3609_click_to_copy/cms/pages/legal/accessibility.md#L6
PublisherResponsibilities:Fragment,cms/pages/apply/publisher-responsibilities.md#L7,https://github.com/DOAJ/doaj/blob/feature/3609_click_to_copy/cms/pages/apply/publisher-responsibilities.md#L7
Transparency:Fragment,cms/pages/apply/transparency.md#L7,https://github.com/DOAJ/doaj/blob/feature/3609_click_to_copy/cms/pages/apply/transparency.md#L7
DraftSaved:Fragment,cms/pages/apply/draft_saved.md#L5,https://github.com/DOAJ/doaj/blob/feature/3609_click_to_copy/cms/pages/apply/draft_saved.md#L5
GuideToApplying:Fragment,cms/pages/apply/guide.md#L7,https://github.com/DOAJ/doaj/blob/feature/3609_click_to_copy/cms/pages/apply/guide.md#L7
Seal:Fragment,cms/pages/apply/seal.md#L7,https://github.com/DOAJ/doaj/blob/feature/3609_click_to_copy/cms/pages/apply/seal.md#L7
WhyIndex:Fragment,cms/pages/apply/why-index.md#L7,https://github.com/DOAJ/doaj/blob/feature/3609_click_to_copy/cms/pages/apply/why-index.md#L7
CopyrightAndLicensing:Fragment,cms/pages/apply/copyright-and-licensing.md#L7,https://github.com/DOAJ/doaj/blob/feature/3609_click_to_copy/cms/pages/apply/copyright-and-licensing.md#L7
ApplicationThanks:Fragment,cms/pages/apply/thank-you.md#L6,https://github.com/DOAJ/doaj/blob/feature/3609_click_to_copy/cms/pages/apply/thank-you.md#L6
Supporters:Fragment,cms/pages/support/supporters.md#L6,https://github.com/DOAJ/doaj/blob/feature/3609_click_to_copy/cms/pages/support/supporters.md#L6
Support:Fragment,cms/pages/support/index.md#L9,https://github.com/DOAJ/doaj/blob/feature/3609_click_to_copy/cms/pages/support/index.md#L9
PublisherSupporters:Fragment,cms/pages/support/publisher-supporters.md#L9,https://github.com/DOAJ/doaj/blob/feature/3609_click_to_copy/cms/pages/support/publisher-supporters.md#L9
SupportThanks:Fragment,cms/pages/support/thank-you.md#L5,https://github.com/DOAJ/doaj/blob/feature/3609_click_to_copy/cms/pages/support/thank-you.md#L5
BackupsMissing:Monitoring,deploy/lambda/alert_backups_missing.py#L4,https://github.com/DOAJ/doaj/blob/feature/3609_click_to_copy/deploy/lambda/alert_backups_missing.py#L4
Main:Queue,deploy/dev/huey_main_queue.sh#L3,https://github.com/DOAJ/doaj/blob/feature/3609_click_to_copy/deploy/dev/huey_main_queue.sh#L3
LongRunning:Queue,deploy/dev/huey_long_running.sh#L3,https://github.com/DOAJ/doaj/blob/feature/3609_click_to_copy/deploy/dev/huey_long_running.sh#L3
Kibana:Documentation,deploy/kibana_machine/README.md#L3,https://github.com/DOAJ/doaj/blob/feature/3609_click_to_copy/deploy/kibana_machine/README.md#L3
Testbook:Script,docs/testbook.sh#L12,https://github.com/DOAJ/doaj/blob/feature/3609_click_to_copy/docs/testbook.sh#L12
Forms:Script,docs/forms.sh#L3,https://github.com/DOAJ/doaj/blob/feature/3609_click_to_copy/docs/forms.sh#L3
GeneratedDocsIndex:Script,docs/index.sh#L3,https://github.com/DOAJ/doaj/blob/feature/3609_click_to_copy/docs/index.sh#L3
FeatureMap:Script,docs/featuremap.sh#L12,https://github.com/DOAJ/doaj/blob/feature/3609_click_to_copy/docs/featuremap.sh#L12
TestCoverage:Script,docs/coverage.sh#L8,https://github.com/DOAJ/doaj/blob/feature/3609_click_to_copy/docs/coverage.sh#L8
DataModels:Script,docs/data_models.sh#L4,https://github.com/DOAJ/doaj/blob/feature/3609_click_to_copy/docs/data_models.sh#L4
AuthNZ:Documentation,docs/system/AUTHNZ.md#L3,https://github.com/DOAJ/doaj/blob/feature/3609_click_to_copy/docs/system/AUTHNZ.md#L3
S3:Documentation,docs/system/S3.md#L3,https://github.com/DOAJ/doaj/blob/feature/3609_click_to_copy/docs/system/S3.md#L3
API:Documentation,docs/system/API.md#L3,https://github.com/DOAJ/doaj/blob/feature/3609_click_to_copy/docs/system/API.md#L3
Install:Documentation,docs/system/INSTALL.md#L3,https://github.com/DOAJ/doaj/blob/feature/3609_click_to_copy/docs/system/INSTALL.md#L3
OpenURL:Documentation,docs/system/OPENURL.md#L3,https://github.com/DOAJ/doaj/blob/feature/3609_click_to_copy/docs/system/OPENURL.md#L3
AWS:Documentation,docs/system/AWS.md#L3,https://github.com/DOAJ/doaj/blob/feature/3609_click_to_copy/docs/system/AWS.md#L3
FieldDescriptions:Documentation,docs/data_models/README.md#L3,https://github.com/DOAJ/doaj/blob/feature/3609_click_to_copy/docs/data_models/README.md#L3
Crossref442XML:Fixture,doajtest/fixtures/article_crossref.py#L12,https://github.com/DOAJ/doaj/blob/feature/3609_click_to_copy/doajtest/fixtures/article_crossref.py#L12
Crossref531XML:Fixture,doajtest/fixtures/article_crossref.py#L139,https://github.com/DOAJ/doaj/blob/feature/3609_click_to_copy/doajtest/fixtures/article_crossref.py#L139
AdminArticleMetadata:FunctionalTest,doajtest/testbook/admin_article_metadata_form/admin_article_metadata_form.yml#L1,https://github.com/DOAJ/doaj/blob/feature/3609_click_to_copy/doajtest/testbook/admin_article_metadata_form/admin_article_metadata_form.yml#L1
Continuations:FunctionalTest,doajtest/testbook/continuations/continuations.yml#L1,https://github.com/DOAJ/doaj/blob/feature/3609_click_to_copy/doajtest/testbook/continuations/continuations.yml#L1
BackgroundJobsSearch:FunctionalTest,doajtest/testbook/administrative_search/background_jobs.yml#L1,https://github.com/DOAJ/doaj/blob/feature/3609_click_to_copy/doajtest/testbook/administrative_search/background_jobs.yml#L1
AdminJournalsSearch:FunctionalTest,doajtest/testbook/administrative_search/journals.yml#L1,https://github.com/DOAJ/doaj/blob/feature/3609_click_to_copy/doajtest/testbook/administrative_search/journals.yml#L1
AdminApplicationsUpdateRequestsSearch:FunctionalTest,doajtest/testbook/administrative_search/applications_update_requests.yml#L1,https://github.com/DOAJ/doaj/blob/feature/3609_click_to_copy/doajtest/testbook/administrative_search/applications_update_requests.yml#L1
EditorGroupsSearch:FunctionalTest,doajtest/testbook/administrative_search/editor_groups.yml#L1,https://github.com/DOAJ/doaj/blob/feature/3609_click_to_copy/doajtest/testbook/administrative_search/editor_groups.yml#L1
AdminJournalsArticlesSearch:FunctionalTest,doajtest/testbook/administrative_search/journals_and_articles_(admin).yml#L1,https://github.com/DOAJ/doaj/blob/feature/3609_click_to_copy/doajtest/testbook/administrative_search/journals_and_articles_(admin).yml#L1
AdminUserSearch:FunctionalTest,doajtest/testbook/administrative_search/users.yml#L1,https://github.com/DOAJ/doaj/blob/feature/3609_click_to_copy/doajtest/testbook/administrative_search/users.yml#L1
ManEdJournalForm:FunctionalTest,doajtest/testbook/journal_form/maned_form.yml#L1,https://github.com/DOAJ/doaj/blob/feature/3609_click_to_copy/doajtest/testbook/journal_form/maned_form.yml#L1
AssociateJournalForm:FunctionalTest,doajtest/testbook/journal_form/associate_form.yml#L1,https://github.com/DOAJ/doaj/blob/feature/3609_click_to_copy/doajtest/testbook/journal_form/associate_form.yml#L1
EditorJournalForm:FunctionalTest,doajtest/testbook/journal_form/editor_form.yml#L1,https://github.com/DOAJ/doaj/blob/feature/3609_click_to_copy/doajtest/testbook/journal_form/editor_form.yml#L1
ArticlesPreservation:FunctionalTest,doajtest/testbook/articles_preservation/user_test_script.yml#L1,https://github.com/DOAJ/doaj/blob/feature/3609_click_to_copy/doajtest/testbook/articles_preservation/user_test_script.yml#L1
ApplicationStateChange:FunctionalTest,doajtest/testbook/application_state_change/application_state_change.yml#L1,https://github.com/DOAJ/doaj/blob/feature/3609_click_to_copy/doajtest/testbook/application_state_change/application_state_change.yml#L1
UpdateRequestRejection:FunctionalTest,doajtest/testbook/application_state_change/update_request_rejection.yml#L1,https://github.com/DOAJ/doaj/blob/feature/3609_click_to_copy/doajtest/testbook/application_state_change/update_request_rejection.yml#L1
JournalsArticlesBulkEdit:FunctionalTest,doajtest/testbook/bulk_edit/journals_articles.yml#L1,https://github.com/DOAJ/doaj/blob/feature/3609_click_to_copy/doajtest/testbook/bulk_edit/journals_articles.yml#L1
ApplicationsBulkEdit:FunctionalTest,doajtest/testbook/bulk_edit/applications.yml#L1,https://github.com/DOAJ/doaj/blob/feature/3609_click_to_copy/doajtest/testbook/bulk_edit/applications.yml#L1
EditorJournalsSearch:FunctionalTest,doajtest/testbook/editor_search/journals.yml#L1,https://github.com/DOAJ/doaj/blob/feature/3609_click_to_copy/doajtest/testbook/editor_search/journals.yml#L1
EditorApplicationsSearch:FunctionalTest,doajtest/testbook/editor_search/applications.yml#L1,https://github.com/DOAJ/doaj/blob/feature/3609_click_to_copy/doajtest/testbook/editor_search/applications.yml#L1
CrossrefUpload:FunctionalTest,doajtest/testbook/article_xml_upload/crossref-5.3.1.yml#L1,https://github.com/DOAJ/doaj/blob/feature/3609_click_to_copy/doajtest/testbook/article_xml_upload/crossref-5.3.1.yml#L1
DOAJArticleXMLUpload:FunctionalTest,doajtest/testbook/article_xml_upload/article_doaj_xml_upload.yml#L1,https://github.com/DOAJ/doaj/blob/feature/3609_click_to_copy/doajtest/testbook/article_xml_upload/article_doaj_xml_upload.yml#L1
CrossrefUplaod:FunctionalTest,doajtest/testbook/article_xml_upload/crossref-4.4.2.yml#L1,https://github.com/DOAJ/doaj/blob/feature/3609_click_to_copy/doajtest/testbook/article_xml_upload/crossref-4.4.2.yml#L1
ArticleMetadataUploadForm:FunctionalTest,doajtest/testbook/article_metadata_upload_form/article_metadata_upload_form.yml#L1,https://github.com/DOAJ/doaj/blob/feature/3609_click_to_copy/doajtest/testbook/article_metadata_upload_form/article_metadata_upload_form.yml#L1
Dashboard:FunctionalTest,doajtest/testbook/dashboard/editorial_group_status.yml#L1,https://github.com/DOAJ/doaj/blob/feature/3609_click_to_copy/doajtest/testbook/dashboard/editorial_group_status.yml#L1
AssociateJournalsSearch:FunctionalTest,doajtest/testbook/associate_search/journals.yml#L1,https://github.com/DOAJ/doaj/blob/feature/3609_click_to_copy/doajtest/testbook/associate_search/journals.yml#L1
AssociateApplicationsSearch:FunctionalTest,doajtest/testbook/associate_search/applications.yml#L1,https://github.com/DOAJ/doaj/blob/feature/3609_click_to_copy/doajtest/testbook/associate_search/applications.yml#L1
ManEdApplicationForm:FunctionalTest,doajtest/testbook/new_application_form/maned_form.yml#L1,https://github.com/DOAJ/doaj/blob/feature/3609_click_to_copy/doajtest/testbook/new_application_form/maned_form.yml#L1
AssociateApplicationForm:FunctionalTest,doajtest/testbook/new_application_form/associate_editor_form.yml#L1,https://github.com/DOAJ/doaj/blob/feature/3609_click_to_copy/doajtest/testbook/new_application_form/associate_editor_form.yml#L1
EditorApplicationForm:FunctionalTest,doajtest/testbook/new_application_form/editor_form.yml#L1,https://github.com/DOAJ/doaj/blob/feature/3609_click_to_copy/doajtest/testbook/new_application_form/editor_form.yml#L1
PublisherApplicationForm:FunctionalTest,doajtest/testbook/new_application_form/publishers_form.yml#L1,https://github.com/DOAJ/doaj/blob/feature/3609_click_to_copy/doajtest/testbook/new_application_form/publishers_form.yml#L1
Notifications:FunctionalTest,doajtest/functional/make_notifications.py#L1,https://github.com/DOAJ/doaj/blob/feature/3609_click_to_copy/doajtest/functional/make_notifications.py#L1
