DOAJ:Documentation,README.md#L2,https://github.com/DOAJ/doaj/blob/feature/3598_currency_code_lax/README.md#L2
LCCXML:Data,lccSubjects.xml#L1,https://github.com/DOAJ/doaj/blob/feature/3598_currency_code_lax/lccSubjects.xml#L1
AnonExport:Feature,data_import_settings/README.md#L15; portality/tasks/anon_export.py#L150,https://github.com/DOAJ/doaj/blob/feature/3598_currency_code_lax/data_import_settings/README.md#L15; https://github.com/DOAJ/doaj/blob/feature/3598_currency_code_lax/portality/tasks/anon_export.py#L150
Forms:Script,docs/forms.sh#L3,https://github.com/DOAJ/doaj/blob/feature/3598_currency_code_lax/docs/forms.sh#L3
DataModels:Script,docs/data_models.sh#L4,https://github.com/DOAJ/doaj/blob/feature/3598_currency_code_lax/docs/data_models.sh#L4
GeneratedDocsIndex:Script,docs/index.sh#L3,https://github.com/DOAJ/doaj/blob/feature/3598_currency_code_lax/docs/index.sh#L3
FeatureMap:Script,docs/featuremap.sh#L12,https://github.com/DOAJ/doaj/blob/feature/3598_currency_code_lax/docs/featuremap.sh#L12
TestCoverage:Script,docs/coverage.sh#L8,https://github.com/DOAJ/doaj/blob/feature/3598_currency_code_lax/docs/coverage.sh#L8
Testbook:Script,docs/testbook.sh#L12,https://github.com/DOAJ/doaj/blob/feature/3598_currency_code_lax/docs/testbook.sh#L12
FieldDescriptions:Documentation,docs/data_models/README.md#L3,https://github.com/DOAJ/doaj/blob/feature/3598_currency_code_lax/docs/data_models/README.md#L3
AWS:Documentation,docs/system/AWS.md#L3,https://github.com/DOAJ/doaj/blob/feature/3598_currency_code_lax/docs/system/AWS.md#L3
AuthNZ:Documentation,docs/system/AUTHNZ.md#L3,https://github.com/DOAJ/doaj/blob/feature/3598_currency_code_lax/docs/system/AUTHNZ.md#L3
API:Documentation,docs/system/API.md#L3,https://github.com/DOAJ/doaj/blob/feature/3598_currency_code_lax/docs/system/API.md#L3
S3:Documentation,docs/system/S3.md#L3,https://github.com/DOAJ/doaj/blob/feature/3598_currency_code_lax/docs/system/S3.md#L3
OpenURL:Documentation,docs/system/OPENURL.md#L3,https://github.com/DOAJ/doaj/blob/feature/3598_currency_code_lax/docs/system/OPENURL.md#L3
Install:Documentation,docs/system/INSTALL.md#L3,https://github.com/DOAJ/doaj/blob/feature/3598_currency_code_lax/docs/system/INSTALL.md#L3
BackupsMissing:Monitoring,deploy/lambda/alert_backups_missing.py#L4,https://github.com/DOAJ/doaj/blob/feature/3598_currency_code_lax/deploy/lambda/alert_backups_missing.py#L4
LongRunning:Queue,deploy/dev/huey_long_running.sh#L3,https://github.com/DOAJ/doaj/blob/feature/3598_currency_code_lax/deploy/dev/huey_long_running.sh#L3
Main:Queue,deploy/dev/huey_main_queue.sh#L3,https://github.com/DOAJ/doaj/blob/feature/3598_currency_code_lax/deploy/dev/huey_main_queue.sh#L3
Kibana:Documentation,deploy/kibana_machine/README.md#L3,https://github.com/DOAJ/doaj/blob/feature/3598_currency_code_lax/deploy/kibana_machine/README.md#L3
Notifications:FunctionalTest,doajtest/functional/make_notifications.py#L1,https://github.com/DOAJ/doaj/blob/feature/3598_currency_code_lax/doajtest/functional/make_notifications.py#L1
ArticleMetadataUploadForm:FunctionalTest,doajtest/testbook/article_metadata_upload_form/article_metadata_upload_form.yml#L1,https://github.com/DOAJ/doaj/blob/feature/3598_currency_code_lax/doajtest/testbook/article_metadata_upload_form/article_metadata_upload_form.yml#L1
EditorApplicationsSearch:FunctionalTest,doajtest/testbook/editor_search/applications.yml#L1,https://github.com/DOAJ/doaj/blob/feature/3598_currency_code_lax/doajtest/testbook/editor_search/applications.yml#L1
EditorJournalsSearch:FunctionalTest,doajtest/testbook/editor_search/journals.yml#L1,https://github.com/DOAJ/doaj/blob/feature/3598_currency_code_lax/doajtest/testbook/editor_search/journals.yml#L1
AdminArticleMetadata:FunctionalTest,doajtest/testbook/admin_article_metadata_form/admin_article_metadata_form.yml#L1,https://github.com/DOAJ/doaj/blob/feature/3598_currency_code_lax/doajtest/testbook/admin_article_metadata_form/admin_article_metadata_form.yml#L1
EditorGroupsSearch:FunctionalTest,doajtest/testbook/administrative_search/editor_groups.yml#L1,https://github.com/DOAJ/doaj/blob/feature/3598_currency_code_lax/doajtest/testbook/administrative_search/editor_groups.yml#L1
AdminJournalsSearch:FunctionalTest,doajtest/testbook/administrative_search/journals.yml#L1,https://github.com/DOAJ/doaj/blob/feature/3598_currency_code_lax/doajtest/testbook/administrative_search/journals.yml#L1
AdminUserSearch:FunctionalTest,doajtest/testbook/administrative_search/users.yml#L1,https://github.com/DOAJ/doaj/blob/feature/3598_currency_code_lax/doajtest/testbook/administrative_search/users.yml#L1
AdminApplicationsUpdateRequestsSearch:FunctionalTest,doajtest/testbook/administrative_search/applications_update_requests.yml#L1,https://github.com/DOAJ/doaj/blob/feature/3598_currency_code_lax/doajtest/testbook/administrative_search/applications_update_requests.yml#L1
AdminJournalsArticlesSearch:FunctionalTest,doajtest/testbook/administrative_search/journals_and_articles_(admin).yml#L1,https://github.com/DOAJ/doaj/blob/feature/3598_currency_code_lax/doajtest/testbook/administrative_search/journals_and_articles_(admin).yml#L1
BackgroundJobsSearch:FunctionalTest,doajtest/testbook/administrative_search/background_jobs.yml#L1,https://github.com/DOAJ/doaj/blob/feature/3598_currency_code_lax/doajtest/testbook/administrative_search/background_jobs.yml#L1
Dashboard:FunctionalTest,doajtest/testbook/dashboard/editorial_group_status.yml#L1,https://github.com/DOAJ/doaj/blob/feature/3598_currency_code_lax/doajtest/testbook/dashboard/editorial_group_status.yml#L1
ApplicationStateChange:FunctionalTest,doajtest/testbook/application_state_change/application_state_change.yml#L1,https://github.com/DOAJ/doaj/blob/feature/3598_currency_code_lax/doajtest/testbook/application_state_change/application_state_change.yml#L1
UpdateRequestRejection:FunctionalTest,doajtest/testbook/application_state_change/update_request_rejection.yml#L1,https://github.com/DOAJ/doaj/blob/feature/3598_currency_code_lax/doajtest/testbook/application_state_change/update_request_rejection.yml#L1
AssociateApplicationsSearch:FunctionalTest,doajtest/testbook/associate_search/applications.yml#L1,https://github.com/DOAJ/doaj/blob/feature/3598_currency_code_lax/doajtest/testbook/associate_search/applications.yml#L1
AssociateJournalsSearch:FunctionalTest,doajtest/testbook/associate_search/journals.yml#L1,https://github.com/DOAJ/doaj/blob/feature/3598_currency_code_lax/doajtest/testbook/associate_search/journals.yml#L1
Continuations:FunctionalTest,doajtest/testbook/continuations/continuations.yml#L1,https://github.com/DOAJ/doaj/blob/feature/3598_currency_code_lax/doajtest/testbook/continuations/continuations.yml#L1
ApplicationsBulkEdit:FunctionalTest,doajtest/testbook/bulk_edit/applications.yml#L1,https://github.com/DOAJ/doaj/blob/feature/3598_currency_code_lax/doajtest/testbook/bulk_edit/applications.yml#L1
JournalsArticlesBulkEdit:FunctionalTest,doajtest/testbook/bulk_edit/journals_articles.yml#L1,https://github.com/DOAJ/doaj/blob/feature/3598_currency_code_lax/doajtest/testbook/bulk_edit/journals_articles.yml#L1
ArticlesPreservation:FunctionalTest,doajtest/testbook/articles_preservation/user_test_script.yml#L1,https://github.com/DOAJ/doaj/blob/feature/3598_currency_code_lax/doajtest/testbook/articles_preservation/user_test_script.yml#L1
ManEdJournalForm:FunctionalTest,doajtest/testbook/journal_form/maned_form.yml#L1,https://github.com/DOAJ/doaj/blob/feature/3598_currency_code_lax/doajtest/testbook/journal_form/maned_form.yml#L1
EditorJournalForm:FunctionalTest,doajtest/testbook/journal_form/editor_form.yml#L1,https://github.com/DOAJ/doaj/blob/feature/3598_currency_code_lax/doajtest/testbook/journal_form/editor_form.yml#L1
AssociateJournalForm:FunctionalTest,doajtest/testbook/journal_form/associate_form.yml#L1,https://github.com/DOAJ/doaj/blob/feature/3598_currency_code_lax/doajtest/testbook/journal_form/associate_form.yml#L1
ManEdApplicationForm:FunctionalTest,doajtest/testbook/new_application_form/maned_form.yml#L1,https://github.com/DOAJ/doaj/blob/feature/3598_currency_code_lax/doajtest/testbook/new_application_form/maned_form.yml#L1
AssociateApplicationForm:FunctionalTest,doajtest/testbook/new_application_form/associate_editor_form.yml#L1,https://github.com/DOAJ/doaj/blob/feature/3598_currency_code_lax/doajtest/testbook/new_application_form/associate_editor_form.yml#L1
EditorApplicationForm:FunctionalTest,doajtest/testbook/new_application_form/editor_form.yml#L1,https://github.com/DOAJ/doaj/blob/feature/3598_currency_code_lax/doajtest/testbook/new_application_form/editor_form.yml#L1
PublisherApplicationForm:FunctionalTest,doajtest/testbook/new_application_form/publishers_form.yml#L1,https://github.com/DOAJ/doaj/blob/feature/3598_currency_code_lax/doajtest/testbook/new_application_form/publishers_form.yml#L1
CrossrefUplaod:FunctionalTest,doajtest/testbook/article_xml_upload/crossref-4.4.2.yml#L1,https://github.com/DOAJ/doaj/blob/feature/3598_currency_code_lax/doajtest/testbook/article_xml_upload/crossref-4.4.2.yml#L1
DOAJArticleXMLUpload:FunctionalTest,doajtest/testbook/article_xml_upload/article_doaj_xml_upload.yml#L1,https://github.com/DOAJ/doaj/blob/feature/3598_currency_code_lax/doajtest/testbook/article_xml_upload/article_doaj_xml_upload.yml#L1
CrossrefUpload:FunctionalTest,doajtest/testbook/article_xml_upload/crossref-5.3.1.yml#L1,https://github.com/DOAJ/doaj/blob/feature/3598_currency_code_lax/doajtest/testbook/article_xml_upload/crossref-5.3.1.yml#L1
Crossref442XML:Fixture,doajtest/fixtures/article_crossref.py#L11,https://github.com/DOAJ/doaj/blob/feature/3598_currency_code_lax/doajtest/fixtures/article_crossref.py#L11
Crossref531XML:Fixture,doajtest/fixtures/article_crossref.py#L138,https://github.com/DOAJ/doaj/blob/feature/3598_currency_code_lax/doajtest/fixtures/article_crossref.py#L138
Constants:Config,portality/constants.py#L1,https://github.com/DOAJ/doaj/blob/feature/3598_currency_code_lax/portality/constants.py#L1
LCC:Data,portality/lcc.py#L2,https://github.com/DOAJ/doaj/blob/feature/3598_currency_code_lax/portality/lcc.py#L2
DomainObject:Model,portality/dao.py#L48,https://github.com/DOAJ/doaj/blob/feature/3598_currency_code_lax/portality/dao.py#L48
SearchURLGenerator:Feature,portality/dao.py#L1009,https://github.com/DOAJ/doaj/blob/feature/3598_currency_code_lax/portality/dao.py#L1009
ErrorHandler:Feature,portality/error_handler.py#L46,https://github.com/DOAJ/doaj/blob/feature/3598_currency_code_lax/portality/error_handler.py#L46
Email:Library,portality/app_email.py#L1,https://github.com/DOAJ/doaj/blob/feature/3598_currency_code_lax/portality/app_email.py#L1
Migrations:Framework,portality/upgrade.py#L2,https://github.com/DOAJ/doaj/blob/feature/3598_currency_code_lax/portality/upgrade.py#L2
BackgroundTasks:Feature,portality/background.py#L44; portality/tasks/helpers/background_helper.py#L2,https://github.com/DOAJ/doaj/blob/feature/3598_currency_code_lax/portality/background.py#L44; https://github.com/DOAJ/doaj/blob/feature/3598_currency_code_lax/portality/tasks/helpers/background_helper.py#L2
BackgroundTask:Process,portality/background.py#L117,https://github.com/DOAJ/doaj/blob/feature/3598_currency_code_lax/portality/background.py#L117
AdminBackgroundTask:Process,portality/background.py#L198,https://github.com/DOAJ/doaj/blob/feature/3598_currency_code_lax/portality/background.py#L198
Elasticsearch:Technology,portality/util.py#L133,https://github.com/DOAJ/doaj/blob/feature/3598_currency_code_lax/portality/util.py#L133
ReCAPTCHA:ExternalService,portality/util.py#L142,https://github.com/DOAJ/doaj/blob/feature/3598_currency_code_lax/portality/util.py#L142
LoginManager:Feature,portality/core.py#L26,https://github.com/DOAJ/doaj/blob/feature/3598_currency_code_lax/portality/core.py#L26
CreateApp:Framework,portality/core.py#L37,https://github.com/DOAJ/doaj/blob/feature/3598_currency_code_lax/portality/core.py#L37
CrossrefXML:Feature,portality/core.py#L135,https://github.com/DOAJ/doaj/blob/feature/3598_currency_code_lax/portality/core.py#L135
ElasticConnection:Framework,portality/core.py#L168,https://github.com/DOAJ/doaj/blob/feature/3598_currency_code_lax/portality/core.py#L168
InitialiseIndex:Framework,portality/core.py#L224,https://github.com/DOAJ/doaj/blob/feature/3598_currency_code_lax/portality/core.py#L224
APM:Feature,portality/core.py#L252,https://github.com/DOAJ/doaj/blob/feature/3598_currency_code_lax/portality/core.py#L252
ProxyFix:Framework,portality/core.py#L267,https://github.com/DOAJ/doaj/blob/feature/3598_currency_code_lax/portality/core.py#L267
CMS:Build,portality/core.py#L326,https://github.com/DOAJ/doaj/blob/feature/3598_currency_code_lax/portality/core.py#L326
DOAJ:WebApp,portality/app.py#L10,https://github.com/DOAJ/doaj/blob/feature/3598_currency_code_lax/portality/app.py#L10
AuthNZ:Feature,portality/authorise.py#L5,https://github.com/DOAJ/doaj/blob/feature/3598_currency_code_lax/portality/authorise.py#L5
DataSets:Data,portality/datasets.py#L2,https://github.com/DOAJ/doaj/blob/feature/3598_currency_code_lax/portality/datasets.py#L2
Countries:Data,portality/datasets.py#L13,https://github.com/DOAJ/doaj/blob/feature/3598_currency_code_lax/portality/datasets.py#L13
Currencies:Data,portality/datasets.py#L29,https://github.com/DOAJ/doaj/blob/feature/3598_currency_code_lax/portality/datasets.py#L29
Languages:Data,portality/datasets.py#L46,https://github.com/DOAJ/doaj/blob/feature/3598_currency_code_lax/portality/datasets.py#L46
DOI:Regex,portality/regex.py#L3,https://github.com/DOAJ/doaj/blob/feature/3598_currency_code_lax/portality/regex.py#L3
ORCID:Regex,portality/regex.py#L7,https://github.com/DOAJ/doaj/blob/feature/3598_currency_code_lax/portality/regex.py#L7
ISSN:Regex,portality/regex.py#L11,https://github.com/DOAJ/doaj/blob/feature/3598_currency_code_lax/portality/regex.py#L11
Date:Regex,portality/regex.py#L15,https://github.com/DOAJ/doaj/blob/feature/3598_currency_code_lax/portality/regex.py#L15
URL:Regex,portality/regex.py#L19,https://github.com/DOAJ/doaj/blob/feature/3598_currency_code_lax/portality/regex.py#L19
Swagger:Feature,portality/decorators.py#L16,https://github.com/DOAJ/doaj/blob/feature/3598_currency_code_lax/portality/decorators.py#L16
APIKey:Feature,portality/decorators.py#L30; portality/decorators.py#L49,https://github.com/DOAJ/doaj/blob/feature/3598_currency_code_lax/portality/decorators.py#L30; https://github.com/DOAJ/doaj/blob/feature/3598_currency_code_lax/portality/decorators.py#L49
SSLRequired:Feature,portality/decorators.py#L71,https://github.com/DOAJ/doaj/blob/feature/3598_currency_code_lax/portality/decorators.py#L71
Authorisation:Feature,portality/decorators.py#L89,https://github.com/DOAJ/doaj/blob/feature/3598_currency_code_lax/portality/decorators.py#L89
ReadOnlyMode:Feature,portality/decorators.py#L104,https://github.com/DOAJ/doaj/blob/feature/3598_currency_code_lax/portality/decorators.py#L104
CaptureSigterm:Feature,portality/decorators.py#L141,https://github.com/DOAJ/doaj/blob/feature/3598_currency_code_lax/portality/decorators.py#L141
AppSettings:Config,portality/settings.py#L2,https://github.com/DOAJ/doaj/blob/feature/3598_currency_code_lax/portality/settings.py#L2
Lock:Feature,portality/lock.py#L2,https://github.com/DOAJ/doaj/blob/feature/3598_currency_code_lax/portality/lock.py#L2
Lock:Query,portality/lock.py#L176,https://github.com/DOAJ/doaj/blob/feature/3598_currency_code_lax/portality/lock.py#L176
FileStore:Feature,portality/store.py#L42,https://github.com/DOAJ/doaj/blob/feature/3598_currency_code_lax/portality/store.py#L42
FileStoreS3:Feature,portality/store.py#L76,https://github.com/DOAJ/doaj/blob/feature/3598_currency_code_lax/portality/store.py#L76
ApplicationAssedInProgressNotify:Consumer,portality/events/consumers/application_assed_inprogress_notify.py#L1,https://github.com/DOAJ/doaj/blob/feature/3598_currency_code_lax/portality/events/consumers/application_assed_inprogress_notify.py#L1
ApplicationManedReadyNotify:Consumer,portality/events/consumers/application_maned_ready_notify.py#L1,https://github.com/DOAJ/doaj/blob/feature/3598_currency_code_lax/portality/events/consumers/application_maned_ready_notify.py#L1
JournalAssedAssignedNotify:Consumer,portality/events/consumers/journal_assed_assigned_notify.py#L1,https://github.com/DOAJ/doaj/blob/feature/3598_currency_code_lax/portality/events/consumers/journal_assed_assigned_notify.py#L1
ApplicationPublisherRevisionNotify:Consumer,portality/events/consumers/application_publisher_revision_notify.py#L1,https://github.com/DOAJ/doaj/blob/feature/3598_currency_code_lax/portality/events/consumers/application_publisher_revision_notify.py#L1
ApplicationPublisherQuickRejectNotify:Consumer,portality/events/consumers/application_publisher_quickreject_notify.py#L1,https://github.com/DOAJ/doaj/blob/feature/3598_currency_code_lax/portality/events/consumers/application_publisher_quickreject_notify.py#L1
ApplicationPublisherCreatedNotify:Notifications,portality/events/consumers/application_publisher_created_notify.py#L1,https://github.com/DOAJ/doaj/blob/feature/3598_currency_code_lax/portality/events/consumers/application_publisher_created_notify.py#L1
ApplicationPublisherAcceptedNotify:Consumer,portality/events/consumers/application_publisher_accepted_notify.py#L1,https://github.com/DOAJ/doaj/blob/feature/3598_currency_code_lax/portality/events/consumers/application_publisher_accepted_notify.py#L1
AccountPasswordResetEmail:Consumer,portality/events/consumers/account_passwordreset_email.py#L1,https://github.com/DOAJ/doaj/blob/feature/3598_currency_code_lax/portality/events/consumers/account_passwordreset_email.py#L1
AccountCreatedEmail:Consumer,portality/events/consumers/account_created_email.py#L1,https://github.com/DOAJ/doaj/blob/feature/3598_currency_code_lax/portality/events/consumers/account_created_email.py#L1
ApplicationEditorCompletedNotify:Consumer,portality/events/consumers/application_editor_completed_notify.py#L1,https://github.com/DOAJ/doaj/blob/feature/3598_currency_code_lax/portality/events/consumers/application_editor_completed_notify.py#L1
ApplicatioditorGroupAssignedNotify:Consumer,portality/events/consumers/application_editor_group_assigned_notify.py#L1,https://github.com/DOAJ/doaj/blob/feature/3598_currency_code_lax/portality/events/consumers/application_editor_group_assigned_notify.py#L1
ApplicationEditorInProgressNotify:Consumer,portality/events/consumers/application_editor_inprogress_notify.py#L1,https://github.com/DOAJ/doaj/blob/feature/3598_currency_code_lax/portality/events/consumers/application_editor_inprogress_notify.py#L1
ApplicationPublisherInProgressNotify:Consumer,portality/events/consumers/application_publisher_inprogress_notify.py#L1,https://github.com/DOAJ/doaj/blob/feature/3598_currency_code_lax/portality/events/consumers/application_publisher_inprogress_notify.py#L1
ApplicationPublisherAssignedNotify:Consumer,portality/events/consumers/application_publisher_assigned_notify.py#L1,https://github.com/DOAJ/doaj/blob/feature/3598_currency_code_lax/portality/events/consumers/application_publisher_assigned_notify.py#L1
UpdateRequestPublisherAcceptedNotify:Consumer,portality/events/consumers/update_request_publisher_accepted_notify.py#L1,https://github.com/DOAJ/doaj/blob/feature/3598_currency_code_lax/portality/events/consumers/update_request_publisher_accepted_notify.py#L1
UpdateRequestPublisherAssignedNotify:Consumer,portality/events/consumers/update_request_publisher_assigned_notify.py#L1,https://github.com/DOAJ/doaj/blob/feature/3598_currency_code_lax/portality/events/consumers/update_request_publisher_assigned_notify.py#L1
JournalEditorGroupAssignedNotify:Consumer,portality/events/consumers/journal_editor_group_assigned_notify.py#L1,https://github.com/DOAJ/doaj/blob/feature/3598_currency_code_lax/portality/events/consumers/journal_editor_group_assigned_notify.py#L1
ApplicationAssedAssignedNotify:Consumer,portality/events/consumers/application_assed_assigned_notify.py#L1,https://github.com/DOAJ/doaj/blob/feature/3598_currency_code_lax/portality/events/consumers/application_assed_assigned_notify.py#L1
UpdateRequestPublisherRejectedNotify:Consumer,portality/events/consumers/update_request_publisher_rejected_notify.py#L1,https://github.com/DOAJ/doaj/blob/feature/3598_currency_code_lax/portality/events/consumers/update_request_publisher_rejected_notify.py#L1
BGJobFinishedNotifiy:Consumer,portality/events/consumers/bg_job_finished_notify.py#L1,https://github.com/DOAJ/doaj/blob/feature/3598_currency_code_lax/portality/events/consumers/bg_job_finished_notify.py#L1
Email:Notifications,portality/notifications/application_emails.py#L1,https://github.com/DOAJ/doaj/blob/feature/3598_currency_code_lax/portality/notifications/application_emails.py#L1
DOAJ:Service,portality/bll/doaj.py#L1,https://github.com/DOAJ/doaj/blob/feature/3598_currency_code_lax/portality/bll/doaj.py#L1
AuthNZ:Exception,portality/bll/exceptions.py#L6,https://github.com/DOAJ/doaj/blob/feature/3598_currency_code_lax/portality/bll/exceptions.py#L6
ArticleIngest:Exception,portality/bll/exceptions.py#L100,https://github.com/DOAJ/doaj/blob/feature/3598_currency_code_lax/portality/bll/exceptions.py#L100
Query:Service,portality/bll/services/query.py#L12,https://github.com/DOAJ/doaj/blob/feature/3598_currency_code_lax/portality/bll/services/query.py#L12
Query:Query,portality/bll/services/query.py#L158,https://github.com/DOAJ/doaj/blob/feature/3598_currency_code_lax/portality/bll/services/query.py#L158
Sitemap:Feature,portality/bll/services/site.py#L44,https://github.com/DOAJ/doaj/blob/feature/3598_currency_code_lax/portality/bll/services/site.py#L44
Todo:Service,portality/bll/services/todo.py#L8,https://github.com/DOAJ/doaj/blob/feature/3598_currency_code_lax/portality/bll/services/todo.py#L8
Todo:Query,portality/bll/services/todo.py#L204,https://github.com/DOAJ/doaj/blob/feature/3598_currency_code_lax/portality/bll/services/todo.py#L204
GroupStats:Query,portality/bll/services/todo.py#L279,https://github.com/DOAJ/doaj/blob/feature/3598_currency_code_lax/portality/bll/services/todo.py#L279
AuthNZ:Service,portality/bll/services/authorisation.py#L8,https://github.com/DOAJ/doaj/blob/feature/3598_currency_code_lax/portality/bll/services/authorisation.py#L8
BackgroundTask:Monitoring,portality/bll/services/background_task_status.py#L2; portality/view/status.py#L190,https://github.com/DOAJ/doaj/blob/feature/3598_currency_code_lax/portality/bll/services/background_task_status.py#L2; https://github.com/DOAJ/doaj/blob/feature/3598_currency_code_lax/portality/view/status.py#L190
Notifications:Service,portality/bll/services/notifications.py#L1,https://github.com/DOAJ/doaj/blob/feature/3598_currency_code_lax/portality/bll/services/notifications.py#L1
TopNotifications:Query,portality/bll/services/notifications.py#L76,https://github.com/DOAJ/doaj/blob/feature/3598_currency_code_lax/portality/bll/services/notifications.py#L76
Notifications:Query,portality/bll/services/notifications.py#L97,https://github.com/DOAJ/doaj/blob/feature/3598_currency_code_lax/portality/bll/services/notifications.py#L97
Journal:Service,portality/bll/services/journal.py#L20,https://github.com/DOAJ/doaj/blob/feature/3598_currency_code_lax/portality/bll/services/journal.py#L20
AdminJournalCSV:Feature,portality/bll/services/journal.py#L167,https://github.com/DOAJ/doaj/blob/feature/3598_currency_code_lax/portality/bll/services/journal.py#L167
JournalCSV:Feature,portality/bll/services/journal.py#L243; portality/bll/services/journal.py#L253,https://github.com/DOAJ/doaj/blob/feature/3598_currency_code_lax/portality/bll/services/journal.py#L243; https://github.com/DOAJ/doaj/blob/feature/3598_currency_code_lax/portality/bll/services/journal.py#L253
Application:Service,portality/bll/services/application.py#L15,https://github.com/DOAJ/doaj/blob/feature/3598_currency_code_lax/portality/bll/services/application.py#L15
Article:Service,portality/bll/services/article.py#L12,https://github.com/DOAJ/doaj/blob/feature/3598_currency_code_lax/portality/bll/services/article.py#L12
ArticleBatchCreate:Feature,portality/bll/services/article.py#L61,https://github.com/DOAJ/doaj/blob/feature/3598_currency_code_lax/portality/bll/services/article.py#L61
ArticleCreate:Feature,portality/bll/services/article.py#L221,https://github.com/DOAJ/doaj/blob/feature/3598_currency_code_lax/portality/bll/services/article.py#L221
NewApplication:FormProcessor,portality/forms/application_processors.py#L216,https://github.com/DOAJ/doaj/blob/feature/3598_currency_code_lax/portality/forms/application_processors.py#L216
ManEdApplication:FormProcessor,portality/forms/application_processors.py#L287,https://github.com/DOAJ/doaj/blob/feature/3598_currency_code_lax/portality/forms/application_processors.py#L287
EditorApplication:FormProcessor,portality/forms/application_processors.py#L491,https://github.com/DOAJ/doaj/blob/feature/3598_currency_code_lax/portality/forms/application_processors.py#L491
AssEdApplication:FormProcessor,portality/forms/application_processors.py#L613,https://github.com/DOAJ/doaj/blob/feature/3598_currency_code_lax/portality/forms/application_processors.py#L613
PublisherUpdateRequest:FormProcessor,portality/forms/application_processors.py#L676,https://github.com/DOAJ/doaj/blob/feature/3598_currency_code_lax/portality/forms/application_processors.py#L676
PublisherUpdateRequestReadOnly:FormProcessor,portality/forms/application_processors.py#L786,https://github.com/DOAJ/doaj/blob/feature/3598_currency_code_lax/portality/forms/application_processors.py#L786
ManEdJournal:FormProcessor,portality/forms/application_processors.py#L802,https://github.com/DOAJ/doaj/blob/feature/3598_currency_code_lax/portality/forms/application_processors.py#L802
EditorJournal:FormProcessor,portality/forms/application_processors.py#L877,https://github.com/DOAJ/doaj/blob/feature/3598_currency_code_lax/portality/forms/application_processors.py#L877
AssEdJournal:FormProcessor,portality/forms/application_processors.py#L935,https://github.com/DOAJ/doaj/blob/feature/3598_currency_code_lax/portality/forms/application_processors.py#L935
ReadOnlyJournal:FormProcessor,portality/forms/application_processors.py#L967,https://github.com/DOAJ/doaj/blob/feature/3598_currency_code_lax/portality/forms/application_processors.py#L967
ManEdBulkJournal:FormProcessor,portality/forms/application_processors.py#L984,https://github.com/DOAJ/doaj/blob/feature/3598_currency_code_lax/portality/forms/application_processors.py#L984
ApplicationForm:Feature,portality/forms/application_forms.py#L2,https://github.com/DOAJ/doaj/blob/feature/3598_currency_code_lax/portality/forms/application_forms.py#L2
BOAI:FormField,portality/forms/application_forms.py#L78,https://github.com/DOAJ/doaj/blob/feature/3598_currency_code_lax/portality/forms/application_forms.py#L78
OAStatementURL:FormField,portality/forms/application_forms.py#L114,https://github.com/DOAJ/doaj/blob/feature/3598_currency_code_lax/portality/forms/application_forms.py#L114
Title:FormField,portality/forms/application_forms.py#L147,https://github.com/DOAJ/doaj/blob/feature/3598_currency_code_lax/portality/forms/application_forms.py#L147
AlternativeTitle:FormField,portality/forms/application_forms.py#L181,https://github.com/DOAJ/doaj/blob/feature/3598_currency_code_lax/portality/forms/application_forms.py#L181
JournalURL:FormField,portality/forms/application_forms.py#L204,https://github.com/DOAJ/doaj/blob/feature/3598_currency_code_lax/portality/forms/application_forms.py#L204
PISSN:FormField,portality/forms/application_forms.py#L231,https://github.com/DOAJ/doaj/blob/feature/3598_currency_code_lax/portality/forms/application_forms.py#L231
EISSN:FormField,portality/forms/application_forms.py#L301,https://github.com/DOAJ/doaj/blob/feature/3598_currency_code_lax/portality/forms/application_forms.py#L301
Keywords:FormField,portality/forms/application_forms.py#L376,https://github.com/DOAJ/doaj/blob/feature/3598_currency_code_lax/portality/forms/application_forms.py#L376
Language:FormField,portality/forms/application_forms.py#L409,https://github.com/DOAJ/doaj/blob/feature/3598_currency_code_lax/portality/forms/application_forms.py#L409
PublisherName:FormField,portality/forms/application_forms.py#L435,https://github.com/DOAJ/doaj/blob/feature/3598_currency_code_lax/portality/forms/application_forms.py#L435
PublisherCountry:FormField,portality/forms/application_forms.py#L458,https://github.com/DOAJ/doaj/blob/feature/3598_currency_code_lax/portality/forms/application_forms.py#L458
InstitutionName:FormField,portality/forms/application_forms.py#L489,https://github.com/DOAJ/doaj/blob/feature/3598_currency_code_lax/portality/forms/application_forms.py#L489
InstitutionCountry:FormField,portality/forms/application_forms.py#L509,https://github.com/DOAJ/doaj/blob/feature/3598_currency_code_lax/portality/forms/application_forms.py#L509
License:FormField,portality/forms/application_forms.py#L529,https://github.com/DOAJ/doaj/blob/feature/3598_currency_code_lax/portality/forms/application_forms.py#L529
LicenseAttributes:FormField,portality/forms/application_forms.py#L576,https://github.com/DOAJ/doaj/blob/feature/3598_currency_code_lax/portality/forms/application_forms.py#L576
LicenseTermsURL:FormField,portality/forms/application_forms.py#L596,https://github.com/DOAJ/doaj/blob/feature/3598_currency_code_lax/portality/forms/application_forms.py#L596
LicenseDisplay:FormField,portality/forms/application_forms.py#L617,https://github.com/DOAJ/doaj/blob/feature/3598_currency_code_lax/portality/forms/application_forms.py#L617
LicenseDisplayExampleUrl:FormField,portality/forms/application_forms.py#L638,https://github.com/DOAJ/doaj/blob/feature/3598_currency_code_lax/portality/forms/application_forms.py#L638
CopyrightAuthorRetails:FormField,portality/forms/application_forms.py#L665,https://github.com/DOAJ/doaj/blob/feature/3598_currency_code_lax/portality/forms/application_forms.py#L665
CopyrightURL:FormField,portality/forms/application_forms.py#L689,https://github.com/DOAJ/doaj/blob/feature/3598_currency_code_lax/portality/forms/application_forms.py#L689
ReviewProcess:FormField,portality/forms/application_forms.py#L722,https://github.com/DOAJ/doaj/blob/feature/3598_currency_code_lax/portality/forms/application_forms.py#L722
ReviewProcessOther:FormField,portality/forms/application_forms.py#L749,https://github.com/DOAJ/doaj/blob/feature/3598_currency_code_lax/portality/forms/application_forms.py#L749
ReviewURL:FormField,portality/forms/application_forms.py#L774,https://github.com/DOAJ/doaj/blob/feature/3598_currency_code_lax/portality/forms/application_forms.py#L774
OAStart:FormField,portality/forms/application_forms.py#L794,https://github.com/DOAJ/doaj/blob/feature/3598_currency_code_lax/portality/forms/application_forms.py#L794
PlagiarismDetection:FormField,portality/forms/application_forms.py#L816,https://github.com/DOAJ/doaj/blob/feature/3598_currency_code_lax/portality/forms/application_forms.py#L816
PlagiarismURL:FormField,portality/forms/application_forms.py#L836,https://github.com/DOAJ/doaj/blob/feature/3598_currency_code_lax/portality/forms/application_forms.py#L836
AimsScopeURL:FormField,portality/forms/application_forms.py#L865,https://github.com/DOAJ/doaj/blob/feature/3598_currency_code_lax/portality/forms/application_forms.py#L865
EditorialBoardURL:FormField,portality/forms/application_forms.py#L884,https://github.com/DOAJ/doaj/blob/feature/3598_currency_code_lax/portality/forms/application_forms.py#L884
AuthorInstructionsURL:FormField,portality/forms/application_forms.py#L903,https://github.com/DOAJ/doaj/blob/feature/3598_currency_code_lax/portality/forms/application_forms.py#L903
PublicationTimeWeeks:FormField,portality/forms/application_forms.py#L922,https://github.com/DOAJ/doaj/blob/feature/3598_currency_code_lax/portality/forms/application_forms.py#L922
APC:FormField,portality/forms/application_forms.py#L941,https://github.com/DOAJ/doaj/blob/feature/3598_currency_code_lax/portality/forms/application_forms.py#L941
APCCharges:FormField,portality/forms/application_forms.py#L962,https://github.com/DOAJ/doaj/blob/feature/3598_currency_code_lax/portality/forms/application_forms.py#L962
APCCurrency:FormField,portality/forms/application_forms.py#L991,https://github.com/DOAJ/doaj/blob/feature/3598_currency_code_lax/portality/forms/application_forms.py#L991
APCMax:FormField,portality/forms/application_forms.py#L1020,https://github.com/DOAJ/doaj/blob/feature/3598_currency_code_lax/portality/forms/application_forms.py#L1020
APCURL:FormField,portality/forms/application_forms.py#L1044,https://github.com/DOAJ/doaj/blob/feature/3598_currency_code_lax/portality/forms/application_forms.py#L1044
HasWaiver:FormField,portality/forms/application_forms.py#L1067,https://github.com/DOAJ/doaj/blob/feature/3598_currency_code_lax/portality/forms/application_forms.py#L1067
WaiverURL:FormField,portality/forms/application_forms.py#L1090,https://github.com/DOAJ/doaj/blob/feature/3598_currency_code_lax/portality/forms/application_forms.py#L1090
HasOtherCharges:FormField,portality/forms/application_forms.py#L1119,https://github.com/DOAJ/doaj/blob/feature/3598_currency_code_lax/portality/forms/application_forms.py#L1119
OtherChargesURL:FormField,portality/forms/application_forms.py#L1139,https://github.com/DOAJ/doaj/blob/feature/3598_currency_code_lax/portality/forms/application_forms.py#L1139
PreservationService:FormField,portality/forms/application_forms.py#L1167,https://github.com/DOAJ/doaj/blob/feature/3598_currency_code_lax/portality/forms/application_forms.py#L1167
PreservationServiceLibrary:FormField,portality/forms/application_forms.py#L1198,https://github.com/DOAJ/doaj/blob/feature/3598_currency_code_lax/portality/forms/application_forms.py#L1198
PreservationServiceOther:FormField,portality/forms/application_forms.py#L1231,https://github.com/DOAJ/doaj/blob/feature/3598_currency_code_lax/portality/forms/application_forms.py#L1231
PreservationServiceURL:FormField,portality/forms/application_forms.py#L1253,https://github.com/DOAJ/doaj/blob/feature/3598_currency_code_lax/portality/forms/application_forms.py#L1253
DepositPolicy:FormField,portality/forms/application_forms.py#L1300,https://github.com/DOAJ/doaj/blob/feature/3598_currency_code_lax/portality/forms/application_forms.py#L1300
DepositPolicyOther:FormField,portality/forms/application_forms.py#L1330,https://github.com/DOAJ/doaj/blob/feature/3598_currency_code_lax/portality/forms/application_forms.py#L1330
DepositPolicyURL:FormField,portality/forms/application_forms.py#L1352,https://github.com/DOAJ/doaj/blob/feature/3598_currency_code_lax/portality/forms/application_forms.py#L1352
PersistentIdentifiers:FormField,portality/forms/application_forms.py#L1412,https://github.com/DOAJ/doaj/blob/feature/3598_currency_code_lax/portality/forms/application_forms.py#L1412
PersistentIdentifiersOther:FormField,portality/forms/application_forms.py#L1437,https://github.com/DOAJ/doaj/blob/feature/3598_currency_code_lax/portality/forms/application_forms.py#L1437
Orcids:FormField,portality/forms/application_forms.py#L1459,https://github.com/DOAJ/doaj/blob/feature/3598_currency_code_lax/portality/forms/application_forms.py#L1459
OpenCitations:FormField,portality/forms/application_forms.py#L1487,https://github.com/DOAJ/doaj/blob/feature/3598_currency_code_lax/portality/forms/application_forms.py#L1487
DOAJSeal:FormField,portality/forms/application_forms.py#L1517,https://github.com/DOAJ/doaj/blob/feature/3598_currency_code_lax/portality/forms/application_forms.py#L1517
QuickReject:FormField,portality/forms/application_forms.py#L1547,https://github.com/DOAJ/doaj/blob/feature/3598_currency_code_lax/portality/forms/application_forms.py#L1547
QuickRejectDetails:FormField,portality/forms/application_forms.py#L1555,https://github.com/DOAJ/doaj/blob/feature/3598_currency_code_lax/portality/forms/application_forms.py#L1555
Owner:FormField,portality/forms/application_forms.py#L1569,https://github.com/DOAJ/doaj/blob/feature/3598_currency_code_lax/portality/forms/application_forms.py#L1569
ApplicationStatus:FormField,portality/forms/application_forms.py#L1593,https://github.com/DOAJ/doaj/blob/feature/3598_currency_code_lax/portality/forms/application_forms.py#L1593
EditorGroup:FormField,portality/forms/application_forms.py#L1631,https://github.com/DOAJ/doaj/blob/feature/3598_currency_code_lax/portality/forms/application_forms.py#L1631
Editor:FormField,portality/forms/application_forms.py#L1652,https://github.com/DOAJ/doaj/blob/feature/3598_currency_code_lax/portality/forms/application_forms.py#L1652
DiscontinuedDate:FormField,portality/forms/application_forms.py#L1667,https://github.com/DOAJ/doaj/blob/feature/3598_currency_code_lax/portality/forms/application_forms.py#L1667
Continues:FormField,portality/forms/application_forms.py#L1691,https://github.com/DOAJ/doaj/blob/feature/3598_currency_code_lax/portality/forms/application_forms.py#L1691
ContinuedBy:FormField,portality/forms/application_forms.py#L1714,https://github.com/DOAJ/doaj/blob/feature/3598_currency_code_lax/portality/forms/application_forms.py#L1714
Subject:FormField,portality/forms/application_forms.py#L1737,https://github.com/DOAJ/doaj/blob/feature/3598_currency_code_lax/portality/forms/application_forms.py#L1737
Notes:FormField,portality/forms/application_forms.py#L1774,https://github.com/DOAJ/doaj/blob/feature/3598_currency_code_lax/portality/forms/application_forms.py#L1774
Note:FormField,portality/forms/application_forms.py#L1799,https://github.com/DOAJ/doaj/blob/feature/3598_currency_code_lax/portality/forms/application_forms.py#L1799
NoteAuthor:FormField,portality/forms/application_forms.py#L1808,https://github.com/DOAJ/doaj/blob/feature/3598_currency_code_lax/portality/forms/application_forms.py#L1808
NoteDate:FormField,portality/forms/application_forms.py#L1820,https://github.com/DOAJ/doaj/blob/feature/3598_currency_code_lax/portality/forms/application_forms.py#L1820
NoteID:FormField,portality/forms/application_forms.py#L1829,https://github.com/DOAJ/doaj/blob/feature/3598_currency_code_lax/portality/forms/application_forms.py#L1829
NoteAuthorID:FormField,portality/forms/application_forms.py#L1837,https://github.com/DOAJ/doaj/blob/feature/3598_currency_code_lax/portality/forms/application_forms.py#L1837
OptionalValidation:FormField,portality/forms/application_forms.py#L1845,https://github.com/DOAJ/doaj/blob/feature/3598_currency_code_lax/portality/forms/application_forms.py#L1845
BulkDOAJSeal:FormField,portality/forms/application_forms.py#L1856,https://github.com/DOAJ/doaj/blob/feature/3598_currency_code_lax/portality/forms/application_forms.py#L1856
BasicCompliance:FieldSet,portality/forms/application_forms.py#L1875,https://github.com/DOAJ/doaj/blob/feature/3598_currency_code_lax/portality/forms/application_forms.py#L1875
AboutJournal:FieldSet,portality/forms/application_forms.py#L1886,https://github.com/DOAJ/doaj/blob/feature/3598_currency_code_lax/portality/forms/application_forms.py#L1886
Publisher:FieldSet,portality/forms/application_forms.py#L1901,https://github.com/DOAJ/doaj/blob/feature/3598_currency_code_lax/portality/forms/application_forms.py#L1901
Institution:FieldSet,portality/forms/application_forms.py#L1911,https://github.com/DOAJ/doaj/blob/feature/3598_currency_code_lax/portality/forms/application_forms.py#L1911
Licensing:FieldSet,portality/forms/application_forms.py#L1921,https://github.com/DOAJ/doaj/blob/feature/3598_currency_code_lax/portality/forms/application_forms.py#L1921
EmbeddedLicense:FieldSet,portality/forms/application_forms.py#L1932,https://github.com/DOAJ/doaj/blob/feature/3598_currency_code_lax/portality/forms/application_forms.py#L1932
Copyright:FieldSet,portality/forms/application_forms.py#L1942,https://github.com/DOAJ/doaj/blob/feature/3598_currency_code_lax/portality/forms/application_forms.py#L1942
PeerReview:FieldSet,portality/forms/application_forms.py#L1952,https://github.com/DOAJ/doaj/blob/feature/3598_currency_code_lax/portality/forms/application_forms.py#L1952
Plagiarism:FieldSet,portality/forms/application_forms.py#L1963,https://github.com/DOAJ/doaj/blob/feature/3598_currency_code_lax/portality/forms/application_forms.py#L1963
Editorial:FieldSet,portality/forms/application_forms.py#L1973,https://github.com/DOAJ/doaj/blob/feature/3598_currency_code_lax/portality/forms/application_forms.py#L1973
APC:FieldSet,portality/forms/application_forms.py#L1985,https://github.com/DOAJ/doaj/blob/feature/3598_currency_code_lax/portality/forms/application_forms.py#L1985
Waivers:FieldSet,portality/forms/application_forms.py#L1998,https://github.com/DOAJ/doaj/blob/feature/3598_currency_code_lax/portality/forms/application_forms.py#L1998
OtherFees:FieldSet,portality/forms/application_forms.py#L2008,https://github.com/DOAJ/doaj/blob/feature/3598_currency_code_lax/portality/forms/application_forms.py#L2008
ArchivingPolicy:FieldSet,portality/forms/application_forms.py#L2018,https://github.com/DOAJ/doaj/blob/feature/3598_currency_code_lax/portality/forms/application_forms.py#L2018
RepositoryPolicy:FieldSet,portality/forms/application_forms.py#L2030,https://github.com/DOAJ/doaj/blob/feature/3598_currency_code_lax/portality/forms/application_forms.py#L2030
UniqueIdentifiers:FieldSet,portality/forms/application_forms.py#L2041,https://github.com/DOAJ/doaj/blob/feature/3598_currency_code_lax/portality/forms/application_forms.py#L2041
Seal:FieldSet,portality/forms/application_forms.py#L2053,https://github.com/DOAJ/doaj/blob/feature/3598_currency_code_lax/portality/forms/application_forms.py#L2053
QuickReject:FieldSet,portality/forms/application_forms.py#L2062,https://github.com/DOAJ/doaj/blob/feature/3598_currency_code_lax/portality/forms/application_forms.py#L2062
Reassign:FieldSet,portality/forms/application_forms.py#L2073,https://github.com/DOAJ/doaj/blob/feature/3598_currency_code_lax/portality/forms/application_forms.py#L2073
Status:FieldSet,portality/forms/application_forms.py#L2082,https://github.com/DOAJ/doaj/blob/feature/3598_currency_code_lax/portality/forms/application_forms.py#L2082
Reviewers:FieldSet,portality/forms/application_forms.py#L2091,https://github.com/DOAJ/doaj/blob/feature/3598_currency_code_lax/portality/forms/application_forms.py#L2091
Continuations:FieldSet,portality/forms/application_forms.py#L2101,https://github.com/DOAJ/doaj/blob/feature/3598_currency_code_lax/portality/forms/application_forms.py#L2101
Subject:FieldSet,portality/forms/application_forms.py#L2113,https://github.com/DOAJ/doaj/blob/feature/3598_currency_code_lax/portality/forms/application_forms.py#L2113
Notes:FieldSet,portality/forms/application_forms.py#L2122,https://github.com/DOAJ/doaj/blob/feature/3598_currency_code_lax/portality/forms/application_forms.py#L2122
OptionalValidation:FieldSet,portality/forms/application_forms.py#L2136,https://github.com/DOAJ/doaj/blob/feature/3598_currency_code_lax/portality/forms/application_forms.py#L2136
BulkEdit:FieldSet,portality/forms/application_forms.py#L2145,https://github.com/DOAJ/doaj/blob/feature/3598_currency_code_lax/portality/forms/application_forms.py#L2145
NewApplication:FormContext,portality/forms/application_forms.py#L2164,https://github.com/DOAJ/doaj/blob/feature/3598_currency_code_lax/portality/forms/application_forms.py#L2164
UpdateRequest:FormContext,portality/forms/application_forms.py#L2199,https://github.com/DOAJ/doaj/blob/feature/3598_currency_code_lax/portality/forms/application_forms.py#L2199
ReadOnlyApplication:FormContext,portality/forms/application_forms.py#L2207,https://github.com/DOAJ/doaj/blob/feature/3598_currency_code_lax/portality/forms/application_forms.py#L2207
AssociateEditorApplication:FormContext,portality/forms/application_forms.py#L2214,https://github.com/DOAJ/doaj/blob/feature/3598_currency_code_lax/portality/forms/application_forms.py#L2214
EditorApplication:FormContext,portality/forms/application_forms.py#L2227,https://github.com/DOAJ/doaj/blob/feature/3598_currency_code_lax/portality/forms/application_forms.py#L2227
ManEdApplication:FormContext,portality/forms/application_forms.py#L2241,https://github.com/DOAJ/doaj/blob/feature/3598_currency_code_lax/portality/forms/application_forms.py#L2241
ReadOnlyJournal:FormContext,portality/forms/application_forms.py#L2261,https://github.com/DOAJ/doaj/blob/feature/3598_currency_code_lax/portality/forms/application_forms.py#L2261
AssEditorJournal:FormContext,portality/forms/application_forms.py#L2296,https://github.com/DOAJ/doaj/blob/feature/3598_currency_code_lax/portality/forms/application_forms.py#L2296
EditorJournal:FormContext,portality/forms/application_forms.py#L2308,https://github.com/DOAJ/doaj/blob/feature/3598_currency_code_lax/portality/forms/application_forms.py#L2308
ManEdJournal:FormContext,portality/forms/application_forms.py#L2319,https://github.com/DOAJ/doaj/blob/feature/3598_currency_code_lax/portality/forms/application_forms.py#L2319
BulkEditJournal:FormContext,portality/forms/application_forms.py#L2333,https://github.com/DOAJ/doaj/blob/feature/3598_currency_code_lax/portality/forms/application_forms.py#L2333
ApplicationStatus:Workflow,portality/forms/application_forms.py#L2423,https://github.com/DOAJ/doaj/blob/feature/3598_currency_code_lax/portality/forms/application_forms.py#L2423
ReservedUsernames:FormValidator,portality/forms/application_forms.py#L2549; portality/forms/validate.py#L238,https://github.com/DOAJ/doaj/blob/feature/3598_currency_code_lax/portality/forms/application_forms.py#L2549; https://github.com/DOAJ/doaj/blob/feature/3598_currency_code_lax/portality/forms/validate.py#L238
OwnerExists:FormValidator,portality/forms/application_forms.py#L2562; portality/forms/validate.py#L263,https://github.com/DOAJ/doaj/blob/feature/3598_currency_code_lax/portality/forms/application_forms.py#L2562; https://github.com/DOAJ/doaj/blob/feature/3598_currency_code_lax/portality/forms/validate.py#L263
Required:FormValidator,portality/forms/application_forms.py#L2575,https://github.com/DOAJ/doaj/blob/feature/3598_currency_code_lax/portality/forms/application_forms.py#L2575
IsURL:FormValidator,portality/forms/application_forms.py#L2592,https://github.com/DOAJ/doaj/blob/feature/3598_currency_code_lax/portality/forms/application_forms.py#L2592
IntRange:FormValidator,portality/forms/application_forms.py#L2609,https://github.com/DOAJ/doaj/blob/feature/3598_currency_code_lax/portality/forms/application_forms.py#L2609
MaxLen:FormValidator,portality/forms/application_forms.py#L2642; portality/forms/validate.py#L153,https://github.com/DOAJ/doaj/blob/feature/3598_currency_code_lax/portality/forms/application_forms.py#L2642; https://github.com/DOAJ/doaj/blob/feature/3598_currency_code_lax/portality/forms/validate.py#L153
StopWords:FormValidator,portality/forms/application_forms.py#L2653; portality/forms/validate.py#L321,https://github.com/DOAJ/doaj/blob/feature/3598_currency_code_lax/portality/forms/application_forms.py#L2653; https://github.com/DOAJ/doaj/blob/feature/3598_currency_code_lax/portality/forms/validate.py#L321
ISSNInPublicDOAJ:FormValidator,portality/forms/application_forms.py#L2663; portality/forms/validate.py#L289,https://github.com/DOAJ/doaj/blob/feature/3598_currency_code_lax/portality/forms/application_forms.py#L2663; https://github.com/DOAJ/doaj/blob/feature/3598_currency_code_lax/portality/forms/validate.py#L289
JournalURLInPublicDOAJ:FormValidator,portality/forms/application_forms.py#L2676; portality/forms/validate.py#L305,https://github.com/DOAJ/doaj/blob/feature/3598_currency_code_lax/portality/forms/application_forms.py#L2676; https://github.com/DOAJ/doaj/blob/feature/3598_currency_code_lax/portality/forms/validate.py#L305
OptionalIf:FormValidator,portality/forms/application_forms.py#L2703; portality/forms/validate.py#L69,https://github.com/DOAJ/doaj/blob/feature/3598_currency_code_lax/portality/forms/application_forms.py#L2703; https://github.com/DOAJ/doaj/blob/feature/3598_currency_code_lax/portality/forms/validate.py#L69
IsISSN:FormValidator,portality/forms/application_forms.py#L2716,https://github.com/DOAJ/doaj/blob/feature/3598_currency_code_lax/portality/forms/application_forms.py#L2716
IsISSNList:FormValidator,portality/forms/application_forms.py#L2729,https://github.com/DOAJ/doaj/blob/feature/3598_currency_code_lax/portality/forms/application_forms.py#L2729
DifferentTo:FormValidator,portality/forms/application_forms.py#L2740; portality/forms/validate.py#L337,https://github.com/DOAJ/doaj/blob/feature/3598_currency_code_lax/portality/forms/application_forms.py#L2740; https://github.com/DOAJ/doaj/blob/feature/3598_currency_code_lax/portality/forms/validate.py#L337
RequiredIf:FormValidator,portality/forms/application_forms.py#L2751,https://github.com/DOAJ/doaj/blob/feature/3598_currency_code_lax/portality/forms/application_forms.py#L2751
OnlyIf:FormValidator,portality/forms/application_forms.py#L2772; portality/forms/validate.py#L407,https://github.com/DOAJ/doaj/blob/feature/3598_currency_code_lax/portality/forms/application_forms.py#L2772; https://github.com/DOAJ/doaj/blob/feature/3598_currency_code_lax/portality/forms/validate.py#L407
NotIf:FormValidator,portality/forms/application_forms.py#L2791; portality/forms/validate.py#L455,https://github.com/DOAJ/doaj/blob/feature/3598_currency_code_lax/portality/forms/application_forms.py#L2791; https://github.com/DOAJ/doaj/blob/feature/3598_currency_code_lax/portality/forms/validate.py#L455
GroupMember:FormValidator,portality/forms/application_forms.py#L2804; portality/forms/validate.py#L493,https://github.com/DOAJ/doaj/blob/feature/3598_currency_code_lax/portality/forms/application_forms.py#L2804; https://github.com/DOAJ/doaj/blob/feature/3598_currency_code_lax/portality/forms/validate.py#L493
RequiredValue:FormValidator,portality/forms/application_forms.py#L2816; portality/forms/validate.py#L521,https://github.com/DOAJ/doaj/blob/feature/3598_currency_code_lax/portality/forms/application_forms.py#L2816; https://github.com/DOAJ/doaj/blob/feature/3598_currency_code_lax/portality/forms/validate.py#L521
BigEndDate:FormValidator,portality/forms/application_forms.py#L2827; portality/forms/validate.py#L536,https://github.com/DOAJ/doaj/blob/feature/3598_currency_code_lax/portality/forms/application_forms.py#L2827; https://github.com/DOAJ/doaj/blob/feature/3598_currency_code_lax/portality/forms/validate.py#L536
FormContext:FormContext,portality/forms/article_forms.py#L26,https://github.com/DOAJ/doaj/blob/feature/3598_currency_code_lax/portality/forms/article_forms.py#L26
FormContextRenderer:FormContext,portality/forms/article_forms.py#L229,https://github.com/DOAJ/doaj/blob/feature/3598_currency_code_lax/portality/forms/article_forms.py#L229
FormHelper:FormContext,portality/forms/article_forms.py#L325,https://github.com/DOAJ/doaj/blob/feature/3598_currency_code_lax/portality/forms/article_forms.py#L325
Article:Form,portality/forms/article_forms.py#L513,https://github.com/DOAJ/doaj/blob/feature/3598_currency_code_lax/portality/forms/article_forms.py#L513
Author:Form,portality/forms/article_forms.py#L543,https://github.com/DOAJ/doaj/blob/feature/3598_currency_code_lax/portality/forms/article_forms.py#L543
ArticleForm:Factory,portality/forms/article_forms.py#L584,https://github.com/DOAJ/doaj/blob/feature/3598_currency_code_lax/portality/forms/article_forms.py#L584
ArticleMetadata:FormContext,portality/forms/article_forms.py#L597,https://github.com/DOAJ/doaj/blob/feature/3598_currency_code_lax/portality/forms/article_forms.py#L597
PublisherArticleMetadata:FormContext,portality/forms/article_forms.py#L696,https://github.com/DOAJ/doaj/blob/feature/3598_currency_code_lax/portality/forms/article_forms.py#L696
AdminArticleMetadata:FormContext,portality/forms/article_forms.py#L713,https://github.com/DOAJ/doaj/blob/feature/3598_currency_code_lax/portality/forms/article_forms.py#L713
DataOptional:FormValidator,portality/forms/validate.py#L46,https://github.com/DOAJ/doaj/blob/feature/3598_currency_code_lax/portality/forms/validate.py#L46
HTTPURL:FormValidator,portality/forms/validate.py#L125,https://github.com/DOAJ/doaj/blob/feature/3598_currency_code_lax/portality/forms/validate.py#L125
RequiredIfRole:FormValidator,portality/forms/validate.py#L169,https://github.com/DOAJ/doaj/blob/feature/3598_currency_code_lax/portality/forms/validate.py#L169
RegexpOnTagList:FormValidator,portality/forms/validate.py#L185,https://github.com/DOAJ/doaj/blob/feature/3598_currency_code_lax/portality/forms/validate.py#L185
ThisOrThat:FormValidator,portality/forms/validate.py#L217,https://github.com/DOAJ/doaj/blob/feature/3598_currency_code_lax/portality/forms/validate.py#L217
RequiredIfOtherValue:FormValidator,portality/forms/validate.py#L359,https://github.com/DOAJ/doaj/blob/feature/3598_currency_code_lax/portality/forms/validate.py#L359
NoScriptTag:FormValidator,portality/forms/validate.py#L477,https://github.com/DOAJ/doaj/blob/feature/3598_currency_code_lax/portality/forms/validate.py#L477
CustomRequired:FormValidator,portality/forms/validate.py#L563,https://github.com/DOAJ/doaj/blob/feature/3598_currency_code_lax/portality/forms/validate.py#L563
EmailAvailable:FormValidator,portality/forms/validate.py#L583; portality/forms/validate.py#L633,https://github.com/DOAJ/doaj/blob/feature/3598_currency_code_lax/portality/forms/validate.py#L583; https://github.com/DOAJ/doaj/blob/feature/3598_currency_code_lax/portality/forms/validate.py#L633
IdAvailable:FormValidator,portality/forms/validate.py#L599,https://github.com/DOAJ/doaj/blob/feature/3598_currency_code_lax/portality/forms/validate.py#L599
IgnoreUnchanged:FormValidator,portality/forms/validate.py#L620,https://github.com/DOAJ/doaj/blob/feature/3598_currency_code_lax/portality/forms/validate.py#L620
AdminArticleMetadata:Page,portality/templates/admin/article_metadata.html#L1,https://github.com/DOAJ/doaj/blob/feature/3598_currency_code_lax/portality/templates/admin/article_metadata.html#L1
AdminNotificationsSearch:Page,portality/templates/admin/global_notifications_search.html#L2,https://github.com/DOAJ/doaj/blob/feature/3598_currency_code_lax/portality/templates/admin/global_notifications_search.html#L2
Dashboard:Template,portality/templates/layouts/dashboard_base.html#L2; portality/templates/layouts/dashboard_base.html#L8,https://github.com/DOAJ/doaj/blob/feature/3598_currency_code_lax/portality/templates/layouts/dashboard_base.html#L2; https://github.com/DOAJ/doaj/blob/feature/3598_currency_code_lax/portality/templates/layouts/dashboard_base.html#L8
Dashboard:Page,portality/templates/dashboard/index.html#L2,https://github.com/DOAJ/doaj/blob/feature/3598_currency_code_lax/portality/templates/dashboard/index.html#L2
GroupStatus:Feature,portality/templates/dashboard/index.html#L83; portality/view/doajservices.py#L106,https://github.com/DOAJ/doaj/blob/feature/3598_currency_code_lax/portality/templates/dashboard/index.html#L83; https://github.com/DOAJ/doaj/blob/feature/3598_currency_code_lax/portality/view/doajservices.py#L106
NotificationsSearch:Page,portality/templates/dashboard/notifications.html#L2,https://github.com/DOAJ/doaj/blob/feature/3598_currency_code_lax/portality/templates/dashboard/notifications.html#L2
DashboardNav:Fragment,portality/templates/dashboard/nav.html#L1,https://github.com/DOAJ/doaj/blob/feature/3598_currency_code_lax/portality/templates/dashboard/nav.html#L1
EditorIndex:Page,portality/templates/editor/index.html#L2,https://github.com/DOAJ/doaj/blob/feature/3598_currency_code_lax/portality/templates/editor/index.html#L2
PublisherUpdateRequestReceived:Email,portality/templates/email/publisher_update_request_received.jinja2#L2,https://github.com/DOAJ/doaj/blob/feature/3598_currency_code_lax/portality/templates/email/publisher_update_request_received.jinja2#L2
EditorApplicationCompleted:Email,portality/templates/email/editor_application_completed.jinja2#L2,https://github.com/DOAJ/doaj/blob/feature/3598_currency_code_lax/portality/templates/email/editor_application_completed.jinja2#L2
PublisherUpdateRequestRejected:Email,portality/templates/email/publisher_update_request_rejected.jinja2#L2,https://github.com/DOAJ/doaj/blob/feature/3598_currency_code_lax/portality/templates/email/publisher_update_request_rejected.jinja2#L2
PublisherUpdateRequestRevisionsRequired:Email,portality/templates/email/publisher_update_request_revisions.jinja2#L2,https://github.com/DOAJ/doaj/blob/feature/3598_currency_code_lax/portality/templates/email/publisher_update_request_revisions.jinja2#L2
AssEdApplicationInProgress:Email,portality/templates/email/assoc_editor_application_inprogress.jinja2#L2,https://github.com/DOAJ/doaj/blob/feature/3598_currency_code_lax/portality/templates/email/assoc_editor_application_inprogress.jinja2#L2
PublisherApplicationInProgress:Email,portality/templates/email/publisher_application_inprogress.jinja2#L2,https://github.com/DOAJ/doaj/blob/feature/3598_currency_code_lax/portality/templates/email/publisher_application_inprogress.jinja2#L2
AssEdApplicationAssigned:Email,portality/templates/email/assoc_editor_application_assigned.jinja2#L2,https://github.com/DOAJ/doaj/blob/feature/3598_currency_code_lax/portality/templates/email/assoc_editor_application_assigned.jinja2#L2
EditorApplicationInProgress:Email,portality/templates/email/editor_application_inprogress.jinja2#L2,https://github.com/DOAJ/doaj/blob/feature/3598_currency_code_lax/portality/templates/email/editor_application_inprogress.jinja2#L2
PublisherUpdateRequestAccepted:Email,portality/templates/email/publisher_update_request_accepted.jinja2#L2,https://github.com/DOAJ/doaj/blob/feature/3598_currency_code_lax/portality/templates/email/publisher_update_request_accepted.jinja2#L2
AccountCreated:Email,portality/templates/email/account_created.jinja2#L2,https://github.com/DOAJ/doaj/blob/feature/3598_currency_code_lax/portality/templates/email/account_created.jinja2#L2
PublisherApplicationRejected:Email,portality/templates/email/publisher_application_rejected.jinja2#L2,https://github.com/DOAJ/doaj/blob/feature/3598_currency_code_lax/portality/templates/email/publisher_application_rejected.jinja2#L2
PasswordReset:Email,portality/templates/email/account_password_reset.jinja2#L2,https://github.com/DOAJ/doaj/blob/feature/3598_currency_code_lax/portality/templates/email/account_password_reset.jinja2#L2
EditorApplicationAssigned:Email,portality/templates/email/editor_application_assigned_group.jinja2#L2,https://github.com/DOAJ/doaj/blob/feature/3598_currency_code_lax/portality/templates/email/editor_application_assigned_group.jinja2#L2
AdminBackgroundJobFinished:Email,portality/templates/email/admin_background_job_finished.jinja2#L2,https://github.com/DOAJ/doaj/blob/feature/3598_currency_code_lax/portality/templates/email/admin_background_job_finished.jinja2#L2
PublisherUpdateRequestEditorAssigned:Email,portality/templates/email/publisher_update_request_editor_assigned.jinja2#L2,https://github.com/DOAJ/doaj/blob/feature/3598_currency_code_lax/portality/templates/email/publisher_update_request_editor_assigned.jinja2#L2
PublisherUpdateRequestInProgress:Email,portality/templates/email/publisher_update_request_inprogress.jinja2#L2,https://github.com/DOAJ/doaj/blob/feature/3598_currency_code_lax/portality/templates/email/publisher_update_request_inprogress.jinja2#L2
PublisherApplicationAccepted:Email,portality/templates/email/publisher_application_accepted.jinja2#L2,https://github.com/DOAJ/doaj/blob/feature/3598_currency_code_lax/portality/templates/email/publisher_application_accepted.jinja2#L2
PublisherApplicationEditorAssigned:Email,portality/templates/email/publisher_application_editor_assigned.jinja2#L2,https://github.com/DOAJ/doaj/blob/feature/3598_currency_code_lax/portality/templates/email/publisher_application_editor_assigned.jinja2#L2
AdminApplicationReady:Email,portality/templates/email/admin_application_ready.jinja2#L2,https://github.com/DOAJ/doaj/blob/feature/3598_currency_code_lax/portality/templates/email/admin_application_ready.jinja2#L2
ScriptTagDetected:Email,portality/templates/email/script_tag_detected.jinja2#L2,https://github.com/DOAJ/doaj/blob/feature/3598_currency_code_lax/portality/templates/email/script_tag_detected.jinja2#L2
PublisherApplicationReceived:Email,portality/templates/email/publisher_application_received.jinja2#L2,https://github.com/DOAJ/doaj/blob/feature/3598_currency_code_lax/portality/templates/email/publisher_application_received.jinja2#L2
AdminJournalAssigned:Email,portality/templates/email/editor_journal_assigned_group.jinja2#L2,https://github.com/DOAJ/doaj/blob/feature/3598_currency_code_lax/portality/templates/email/editor_journal_assigned_group.jinja2#L2
AssEdJournalAssigned:Email,portality/templates/email/assoc_editor_journal_assigned.jinja2#L2,https://github.com/DOAJ/doaj/blob/feature/3598_currency_code_lax/portality/templates/email/assoc_editor_journal_assigned.jinja2#L2
UploadMetadata:Page,portality/templates/publisher/uploadmetadata.html#L1,https://github.com/DOAJ/doaj/blob/feature/3598_currency_code_lax/portality/templates/publisher/uploadmetadata.html#L1
PublisherArticleMetadata:Page,portality/templates/publisher/metadata.html#L1,https://github.com/DOAJ/doaj/blob/feature/3598_currency_code_lax/portality/templates/publisher/metadata.html#L1
Account:Page,portality/templates/account/view.html#L1,https://github.com/DOAJ/doaj/blob/feature/3598_currency_code_lax/portality/templates/account/view.html#L1
WhoCurrentUser:Query,portality/lib/query_filters.py#L143,https://github.com/DOAJ/doaj/blob/feature/3598_currency_code_lax/portality/lib/query_filters.py#L143
Formulaic:Library,portality/lib/formulaic.py#L1,https://github.com/DOAJ/doaj/blob/feature/3598_currency_code_lax/portality/lib/formulaic.py#L1
FormulaicContext:Feature,portality/lib/formulaic.py#L230,https://github.com/DOAJ/doaj/blob/feature/3598_currency_code_lax/portality/lib/formulaic.py#L230
FormulaicFieldset:Feature,portality/lib/formulaic.py#L492,https://github.com/DOAJ/doaj/blob/feature/3598_currency_code_lax/portality/lib/formulaic.py#L492
FormulaicField:Feature,portality/lib/formulaic.py#L537,https://github.com/DOAJ/doaj/blob/feature/3598_currency_code_lax/portality/lib/formulaic.py#L537
FormProcessor:Feature,portality/lib/formulaic.py#L842,https://github.com/DOAJ/doaj/blob/feature/3598_currency_code_lax/portality/lib/formulaic.py#L842
Anonymisation:Feature,portality/lib/anon.py#L1,https://github.com/DOAJ/doaj/blob/feature/3598_currency_code_lax/portality/lib/anon.py#L1
PlausibleAnalytics:ExternalService,portality/lib/plausible.py#L1,https://github.com/DOAJ/doaj/blob/feature/3598_currency_code_lax/portality/lib/plausible.py#L1
GoogleAnalytics:ExternalService,portality/lib/analytics.py#L1,https://github.com/DOAJ/doaj/blob/feature/3598_currency_code_lax/portality/lib/analytics.py#L1
EdgesIntegration:Library,portality/lib/edges.py#L1,https://github.com/DOAJ/doaj/blob/feature/3598_currency_code_lax/portality/lib/edges.py#L1
Coerce:Library,portality/lib/coerce.py#L1,https://github.com/DOAJ/doaj/blob/feature/3598_currency_code_lax/portality/lib/coerce.py#L1
ESMappings:Library,portality/lib/es_data_mapping.py#L4,https://github.com/DOAJ/doaj/blob/feature/3598_currency_code_lax/portality/lib/es_data_mapping.py#L4
Dates:Library,portality/lib/dates.py#L1,https://github.com/DOAJ/doaj/blob/feature/3598_currency_code_lax/portality/lib/dates.py#L1
Dashboard:Blueprint,portality/view/dashboard.py#L13,https://github.com/DOAJ/doaj/blob/feature/3598_currency_code_lax/portality/view/dashboard.py#L13
DOAJ:Blueprint,portality/view/doaj.py#L22,https://github.com/DOAJ/doaj/blob/feature/3598_currency_code_lax/portality/view/doaj.py#L22
Media:WebRoute,portality/view/doaj.py#L431,https://github.com/DOAJ/doaj/blob/feature/3598_currency_code_lax/portality/view/doaj.py#L431
UploadMetadata:Feature,portality/view/publisher.py#L185,https://github.com/DOAJ/doaj/blob/feature/3598_currency_code_lax/portality/view/publisher.py#L185
MustHaveRole:Validator,portality/view/forms.py#L68,https://github.com/DOAJ/doaj/blob/feature/3598_currency_code_lax/portality/view/forms.py#L68
EditorGroup:Form,portality/view/forms.py#L93,https://github.com/DOAJ/doaj/blob/feature/3598_currency_code_lax/portality/view/forms.py#L93
Admin:Blueprint,portality/view/admin.py#L32,https://github.com/DOAJ/doaj/blob/feature/3598_currency_code_lax/portality/view/admin.py#L32
JournalForm:Page,portality/view/admin.py#L194,https://github.com/DOAJ/doaj/blob/feature/3598_currency_code_lax/portality/view/admin.py#L194
API:Feature,portality/api/__init__.py#L1; portality/api/common.py#L1; portality/models/openurl.py#L44,https://github.com/DOAJ/doaj/blob/feature/3598_currency_code_lax/portality/api/__init__.py#L1; https://github.com/DOAJ/doaj/blob/feature/3598_currency_code_lax/portality/api/common.py#L1; https://github.com/DOAJ/doaj/blob/feature/3598_currency_code_lax/portality/models/openurl.py#L44
APISearch:Feature,portality/api/current/discovery.py#L1,https://github.com/DOAJ/doaj/blob/feature/3598_currency_code_lax/portality/api/current/discovery.py#L1
Search:Query,portality/api/current/discovery.py#L335,https://github.com/DOAJ/doaj/blob/feature/3598_currency_code_lax/portality/api/current/discovery.py#L335
APIBulk:Feature,portality/api/current/bulk/__init__.py#L1,https://github.com/DOAJ/doaj/blob/feature/3598_currency_code_lax/portality/api/current/bulk/__init__.py#L1
APIBulkApplications:Feature,portality/api/current/bulk/applications.py#L1,https://github.com/DOAJ/doaj/blob/feature/3598_currency_code_lax/portality/api/current/bulk/applications.py#L1
APIBulkArticles:Feature,portality/api/current/bulk/articles.py#L1,https://github.com/DOAJ/doaj/blob/feature/3598_currency_code_lax/portality/api/current/bulk/articles.py#L1
APICrud:Feature,portality/api/current/crud/__init__.py#L1,https://github.com/DOAJ/doaj/blob/feature/3598_currency_code_lax/portality/api/current/crud/__init__.py#L1
APICrudApplications:Feature,portality/api/current/crud/applications.py#L1,https://github.com/DOAJ/doaj/blob/feature/3598_currency_code_lax/portality/api/current/crud/applications.py#L1
APICrudJournals:Feature,portality/api/current/crud/journals.py#L1,https://github.com/DOAJ/doaj/blob/feature/3598_currency_code_lax/portality/api/current/crud/journals.py#L1
APICrudArticles:Feature,portality/api/current/crud/articles.py#L1,https://github.com/DOAJ/doaj/blob/feature/3598_currency_code_lax/portality/api/current/crud/articles.py#L1
APIOutgoingCommonJournalApplication:Model,portality/api/current/data_objects/common_journal_application.py#L11,https://github.com/DOAJ/doaj/blob/feature/3598_currency_code_lax/portality/api/current/data_objects/common_journal_application.py#L11
APIOutgoingJournal:Model,portality/api/current/data_objects/journal.py#L31,https://github.com/DOAJ/doaj/blob/feature/3598_currency_code_lax/portality/api/current/data_objects/journal.py#L31
APIIncomingApplication:Model,portality/api/current/data_objects/application.py#L127,https://github.com/DOAJ/doaj/blob/feature/3598_currency_code_lax/portality/api/current/data_objects/application.py#L127
APIOutgoingApplication:Model,portality/api/current/data_objects/application.py#L368,https://github.com/DOAJ/doaj/blob/feature/3598_currency_code_lax/portality/api/current/data_objects/application.py#L368
APIIncomingArticle:Model,portality/api/current/data_objects/article.py#L159,https://github.com/DOAJ/doaj/blob/feature/3598_currency_code_lax/portality/api/current/data_objects/article.py#L159
APIOutgoingArticle:Model,portality/api/current/data_objects/article.py#L282,https://github.com/DOAJ/doaj/blob/feature/3598_currency_code_lax/portality/api/current/data_objects/article.py#L282
News:Model,portality/models/news.py#L8,https://github.com/DOAJ/doaj/blob/feature/3598_currency_code_lax/portality/models/news.py#L8
News:Query,portality/models/news.py#L65,https://github.com/DOAJ/doaj/blob/feature/3598_currency_code_lax/portality/models/news.py#L65
Preservation:Model,portality/models/preservation.py#L8,https://github.com/DOAJ/doaj/blob/feature/3598_currency_code_lax/portality/models/preservation.py#L8
BackgroundJob:Model,portality/models/background.py#L11,https://github.com/DOAJ/doaj/blob/feature/3598_currency_code_lax/portality/models/background.py#L11
ActiveBackgroundJob:Query,portality/models/background.py#L215,https://github.com/DOAJ/doaj/blob/feature/3598_currency_code_lax/portality/models/background.py#L215
Notification:Model,portality/models/notifications.py#L6,https://github.com/DOAJ/doaj/blob/feature/3598_currency_code_lax/portality/models/notifications.py#L6
EditorGroup:Model,portality/models/editors.py#L7,https://github.com/DOAJ/doaj/blob/feature/3598_currency_code_lax/portality/models/editors.py#L7
EditorGroupMember:Query,portality/models/editors.py#L112,https://github.com/DOAJ/doaj/blob/feature/3598_currency_code_lax/portality/models/editors.py#L112
Application:Model,portality/models/v2/application.py#L40,https://github.com/DOAJ/doaj/blob/feature/3598_currency_code_lax/portality/models/v2/application.py#L40
AssignedEditorGroups:Query,portality/models/v2/application.py#L384,https://github.com/DOAJ/doaj/blob/feature/3598_currency_code_lax/portality/models/v2/application.py#L384
Harvester:Feature,portality/scripts/harvest.py#L2,https://github.com/DOAJ/doaj/blob/feature/3598_currency_code_lax/portality/scripts/harvest.py#L2
MarkNotificationsSeen:Script,portality/scripts/mark_notifications_seen.py#L1,https://github.com/DOAJ/doaj/blob/feature/3598_currency_code_lax/portality/scripts/mark_notifications_seen.py#L1
AdminJournalCSV:CLI,portality/scripts/admin_journalcsv.py#L1,https://github.com/DOAJ/doaj/blob/feature/3598_currency_code_lax/portality/scripts/admin_journalcsv.py#L1
Sitemap:Script,portality/scripts/sitemap.py#L3,https://github.com/DOAJ/doaj/blob/feature/3598_currency_code_lax/portality/scripts/sitemap.py#L3
JournalUpdateByCSV:Script,portality/scripts/journals_update_via_csv.py#L2,https://github.com/DOAJ/doaj/blob/feature/3598_currency_code_lax/portality/scripts/journals_update_via_csv.py#L2
JournalUpdateByCSV:Feature,portality/scripts/journals_update_via_csv.py#L118,https://github.com/DOAJ/doaj/blob/feature/3598_currency_code_lax/portality/scripts/journals_update_via_csv.py#L118
SetInDOAJBackgroundTask:Process,portality/tasks/journal_in_out_doaj.py#L41,https://github.com/DOAJ/doaj/blob/feature/3598_currency_code_lax/portality/tasks/journal_in_out_doaj.py#L41
JournalBulkDelete:Task,portality/tasks/journal_bulk_delete.py#L37,https://github.com/DOAJ/doaj/blob/feature/3598_currency_code_lax/portality/tasks/journal_bulk_delete.py#L37
Harvester:BackgroundTask,portality/tasks/harvester.py#L44,https://github.com/DOAJ/doaj/blob/feature/3598_currency_code_lax/portality/tasks/harvester.py#L44
PreservationException:Exception,portality/tasks/preservation.py#L25,https://github.com/DOAJ/doaj/blob/feature/3598_currency_code_lax/portality/tasks/preservation.py#L25
ArticlePackage:Feature,portality/tasks/preservation.py#L38,https://github.com/DOAJ/doaj/blob/feature/3598_currency_code_lax/portality/tasks/preservation.py#L38
PreservationBackground:Feature,portality/tasks/preservation.py#L191,https://github.com/DOAJ/doaj/blob/feature/3598_currency_code_lax/portality/tasks/preservation.py#L191
CSVReader:Feature,portality/tasks/preservation.py#L405,https://github.com/DOAJ/doaj/blob/feature/3598_currency_code_lax/portality/tasks/preservation.py#L405
Preservation:Feature,portality/tasks/preservation.py#L442,https://github.com/DOAJ/doaj/blob/feature/3598_currency_code_lax/portality/tasks/preservation.py#L442
PreservationPackage:Feature,portality/tasks/preservation.py#L676,https://github.com/DOAJ/doaj/blob/feature/3598_currency_code_lax/portality/tasks/preservation.py#L676
Sitemap:BackgroundTask,portality/tasks/sitemap.py#L11,https://github.com/DOAJ/doaj/blob/feature/3598_currency_code_lax/portality/tasks/sitemap.py#L11
DOAJ:Library,portality/static/js/doaj.js#L2,https://github.com/DOAJ/doaj/blob/feature/3598_currency_code_lax/portality/static/js/doaj.js#L2
Dashboard:Feature,portality/static/js/dashboard.js#L1,https://github.com/DOAJ/doaj/blob/feature/3598_currency_code_lax/portality/static/js/dashboard.js#L1
Notifications:Feature,portality/static/js/notifications.js#L1,https://github.com/DOAJ/doaj/blob/feature/3598_currency_code_lax/portality/static/js/notifications.js#L1
DontLeave:Feature,portality/static/js/dontleave.js#L1,https://github.com/DOAJ/doaj/blob/feature/3598_currency_code_lax/portality/static/js/dontleave.js#L1
AdminApplicationsSearch:Feature,portality/static/js/edges/admin.applications.edge.js#L1,https://github.com/DOAJ/doaj/blob/feature/3598_currency_code_lax/portality/static/js/edges/admin.applications.edge.js#L1
BackgroundJobsSearch:Feature,portality/static/js/edges/admin.background_jobs.edge.js#L1,https://github.com/DOAJ/doaj/blob/feature/3598_currency_code_lax/portality/static/js/edges/admin.background_jobs.edge.js#L1
AdminNotifications:Edge,portality/static/js/edges/admin.notifications.edge.js#L1,https://github.com/DOAJ/doaj/blob/feature/3598_currency_code_lax/portality/static/js/edges/admin.notifications.edge.js#L1
Notifications:Edge,portality/static/js/edges/notifications.edge.js#L1,https://github.com/DOAJ/doaj/blob/feature/3598_currency_code_lax/portality/static/js/edges/notifications.edge.js#L1
AdminUpdateRequestSearch:Feature,portality/static/js/edges/admin.update_requests.edge.js#L1,https://github.com/DOAJ/doaj/blob/feature/3598_currency_code_lax/portality/static/js/edges/admin.update_requests.edge.js#L1
EditorGroupsSearch:Feature,portality/static/js/edges/admin.editor_groups.edge.js#L1,https://github.com/DOAJ/doaj/blob/feature/3598_currency_code_lax/portality/static/js/edges/admin.editor_groups.edge.js#L1
AdminJournalsSearch:Feature,portality/static/js/edges/admin.journals.edge.js#L1,https://github.com/DOAJ/doaj/blob/feature/3598_currency_code_lax/portality/static/js/edges/admin.journals.edge.js#L1
AdminUserSearch:Feature,portality/static/js/edges/admin.users.edge.js#L1,https://github.com/DOAJ/doaj/blob/feature/3598_currency_code_lax/portality/static/js/edges/admin.users.edge.js#L1
AdminJournalsArticlesSearch:Feature,portality/static/js/edges/admin.journalarticle.edge.js#L1,https://github.com/DOAJ/doaj/blob/feature/3598_currency_code_lax/portality/static/js/edges/admin.journalarticle.edge.js#L1
CMSBuildSASS:Script,portality/cms/build_sass.py#L3,https://github.com/DOAJ/doaj/blob/feature/3598_currency_code_lax/portality/cms/build_sass.py#L3
CMSBuildFragments:Script,portality/cms/build_fragments.py#L1,https://github.com/DOAJ/doaj/blob/feature/3598_currency_code_lax/portality/cms/build_fragments.py#L1
OAIDC:Crosswalk,portality/crosswalks/oaipmh.py#L52,https://github.com/DOAJ/doaj/blob/feature/3598_currency_code_lax/portality/crosswalks/oaipmh.py#L52
OAIArticleXML:Crosswalk,portality/crosswalks/oaipmh.py#L98,https://github.com/DOAJ/doaj/blob/feature/3598_currency_code_lax/portality/crosswalks/oaipmh.py#L98
OAIJournalXML:Crosswalk,portality/crosswalks/oaipmh.py#L230,https://github.com/DOAJ/doaj/blob/feature/3598_currency_code_lax/portality/crosswalks/oaipmh.py#L230
OAIDOAJArticleXML:Crosswalk,portality/crosswalks/oaipmh.py#L308,https://github.com/DOAJ/doaj/blob/feature/3598_currency_code_lax/portality/crosswalks/oaipmh.py#L308
DOAJArticleXML:Crosswalk,portality/crosswalks/article_doaj_xml.py#L15,https://github.com/DOAJ/doaj/blob/feature/3598_currency_code_lax/portality/crosswalks/article_doaj_xml.py#L15
Crossref442XML:Crosswalk,portality/crosswalks/article_crossref_xml.py#L13,https://github.com/DOAJ/doaj/blob/feature/3598_currency_code_lax/portality/crosswalks/article_crossref_xml.py#L13
Crossref531XML:Crosswalk,portality/crosswalks/article_crossref_xml.py#L337,https://github.com/DOAJ/doaj/blob/feature/3598_currency_code_lax/portality/crosswalks/article_crossref_xml.py#L337
JCT:Crosswalk,portality/crosswalks/jct_inprogress.py#L5,https://github.com/DOAJ/doaj/blob/feature/3598_currency_code_lax/portality/crosswalks/jct_inprogress.py#L5
ApplicationForm:Crosswalk,portality/crosswalks/application_form.py#L7,https://github.com/DOAJ/doaj/blob/feature/3598_currency_code_lax/portality/crosswalks/application_form.py#L7
ArticleForm:Crosswalk,portality/crosswalks/article_form.py#L5,https://github.com/DOAJ/doaj/blob/feature/3598_currency_code_lax/portality/crosswalks/article_form.py#L5
JournalQuestions:Crosswalk,portality/crosswalks/journal_questions.py#L13,https://github.com/DOAJ/doaj/blob/feature/3598_currency_code_lax/portality/crosswalks/journal_questions.py#L13
Journal:Crosswalk,portality/crosswalks/journal_form.py#L11,https://github.com/DOAJ/doaj/blob/feature/3598_currency_code_lax/portality/crosswalks/journal_form.py#L11
Atom:Crosswalk,portality/crosswalks/atom.py#L7,https://github.com/DOAJ/doaj/blob/feature/3598_currency_code_lax/portality/crosswalks/atom.py#L7
CMS:Documentation,cms/test-page.html#L2; cms/README.md#L4,https://github.com/DOAJ/doaj/blob/feature/3598_currency_code_lax/cms/test-page.html#L2; https://github.com/DOAJ/doaj/blob/feature/3598_currency_code_lax/cms/README.md#L4
CMS:DataStore,cms/README.md#L3,https://github.com/DOAJ/doaj/blob/feature/3598_currency_code_lax/cms/README.md#L3
Ambassadors:Data,cms/data/ambassadors.yml#L2,https://github.com/DOAJ/doaj/blob/feature/3598_currency_code_lax/cms/data/ambassadors.yml#L2
Supporters:Data,cms/data/supporters.yml#L2,https://github.com/DOAJ/doaj/blob/feature/3598_currency_code_lax/cms/data/supporters.yml#L2
Volunteers:Data,cms/data/volunteers.yml#L3,https://github.com/DOAJ/doaj/blob/feature/3598_currency_code_lax/cms/data/volunteers.yml#L3
Notifications:Data,cms/data/notifications.yml#L1,https://github.com/DOAJ/doaj/blob/feature/3598_currency_code_lax/cms/data/notifications.yml#L1
Team:Data,cms/data/team.yml#L2,https://github.com/DOAJ/doaj/blob/feature/3598_currency_code_lax/cms/data/team.yml#L2
Navigation:Data,cms/data/nav.yml#L1,https://github.com/DOAJ/doaj/blob/feature/3598_currency_code_lax/cms/data/nav.yml#L1
AdvisoryBoardCouncil:Data,cms/data/advisory-board-council.yml#L2,https://github.com/DOAJ/doaj/blob/feature/3598_currency_code_lax/cms/data/advisory-board-council.yml#L2
Sponsors:Data,cms/data/sponsors.yml#L2,https://github.com/DOAJ/doaj/blob/feature/3598_currency_code_lax/cms/data/sponsors.yml#L2
PublisherSupporters:Data,cms/data/publisher-supporters.yml#L1,https://github.com/DOAJ/doaj/blob/feature/3598_currency_code_lax/cms/data/publisher-supporters.yml#L1
Promo:Data,cms/data/promo.yml#L9,https://github.com/DOAJ/doaj/blob/feature/3598_currency_code_lax/cms/data/promo.yml#L9
OAIPMH:Fragment,cms/pages/docs/oai-pmh.md#L8,https://github.com/DOAJ/doaj/blob/feature/3598_currency_code_lax/cms/pages/docs/oai-pmh.md#L8
Widgets:Fragment,cms/pages/docs/widgets.md#L8,https://github.com/DOAJ/doaj/blob/feature/3598_currency_code_lax/cms/pages/docs/widgets.md#L8
PublicDataDump:Fragment,cms/pages/docs/public-data-dump.md#L8,https://github.com/DOAJ/doaj/blob/feature/3598_currency_code_lax/cms/pages/docs/public-data-dump.md#L8
OpenURL:Fragment,cms/pages/docs/openurl.md#L7,https://github.com/DOAJ/doaj/blob/feature/3598_currency_code_lax/cms/pages/docs/openurl.md#L7
XML:Fragment,cms/pages/docs/xml.md#L7,https://github.com/DOAJ/doaj/blob/feature/3598_currency_code_lax/cms/pages/docs/xml.md#L7
FAQ:Fragment,cms/pages/docs/faq.md#L7,https://github.com/DOAJ/doaj/blob/feature/3598_currency_code_lax/cms/pages/docs/faq.md#L7
Preservation:Fragment,cms/pages/preservation/index.md#L7,https://github.com/DOAJ/doaj/blob/feature/3598_currency_code_lax/cms/pages/preservation/index.md#L7
Team:Fragment,cms/pages/about/team.md#L7,https://github.com/DOAJ/doaj/blob/feature/3598_currency_code_lax/cms/pages/about/team.md#L7
Ambassadors:Fragment,cms/pages/about/ambassadors.md#L8,https://github.com/DOAJ/doaj/blob/feature/3598_currency_code_lax/cms/pages/about/ambassadors.md#L8
About:Fragment,cms/pages/about/index.md#L7,https://github.com/DOAJ/doaj/blob/feature/3598_currency_code_lax/cms/pages/about/index.md#L7
Volunteers:Fragment,cms/pages/about/volunteers.md#L8,https://github.com/DOAJ/doaj/blob/feature/3598_currency_code_lax/cms/pages/about/volunteers.md#L8
At20:Fragment,cms/pages/about/at-20.md#L7,https://github.com/DOAJ/doaj/blob/feature/3598_currency_code_lax/cms/pages/about/at-20.md#L7
AdvisoryBoardCouncil:Fragment,cms/pages/about/advisory-board-council.md#L7,https://github.com/DOAJ/doaj/blob/feature/3598_currency_code_lax/cms/pages/about/advisory-board-council.md#L7
ContactUs:Fragment,cms/pages/legal/contact.md#L6,https://github.com/DOAJ/doaj/blob/feature/3598_currency_code_lax/cms/pages/legal/contact.md#L6
Media:Fragment,cms/pages/legal/media.md#L6,https://github.com/DOAJ/doaj/blob/feature/3598_currency_code_lax/cms/pages/legal/media.md#L6
Terms:Fragment,cms/pages/legal/terms.md#L7,https://github.com/DOAJ/doaj/blob/feature/3598_currency_code_lax/cms/pages/legal/terms.md#L7
Accessibility:Fragment,cms/pages/legal/accessibility.md#L6,https://github.com/DOAJ/doaj/blob/feature/3598_currency_code_lax/cms/pages/legal/accessibility.md#L6
Privacy:Fragment,cms/pages/legal/privacy.md#L7,https://github.com/DOAJ/doaj/blob/feature/3598_currency_code_lax/cms/pages/legal/privacy.md#L7
PublisherResponsibilities:Fragment,cms/pages/apply/publisher-responsibilities.md#L7,https://github.com/DOAJ/doaj/blob/feature/3598_currency_code_lax/cms/pages/apply/publisher-responsibilities.md#L7
Seal:Fragment,cms/pages/apply/seal.md#L7,https://github.com/DOAJ/doaj/blob/feature/3598_currency_code_lax/cms/pages/apply/seal.md#L7
ApplicationThanks:Fragment,cms/pages/apply/thank-you.md#L6,https://github.com/DOAJ/doaj/blob/feature/3598_currency_code_lax/cms/pages/apply/thank-you.md#L6
CopyrightAndLicensing:Fragment,cms/pages/apply/copyright-and-licensing.md#L7,https://github.com/DOAJ/doaj/blob/feature/3598_currency_code_lax/cms/pages/apply/copyright-and-licensing.md#L7
DraftSaved:Fragment,cms/pages/apply/draft_saved.md#L5,https://github.com/DOAJ/doaj/blob/feature/3598_currency_code_lax/cms/pages/apply/draft_saved.md#L5
WhyIndex:Fragment,cms/pages/apply/why-index.md#L7,https://github.com/DOAJ/doaj/blob/feature/3598_currency_code_lax/cms/pages/apply/why-index.md#L7
GuideToApplying:Fragment,cms/pages/apply/guide.md#L7,https://github.com/DOAJ/doaj/blob/feature/3598_currency_code_lax/cms/pages/apply/guide.md#L7
Transparency:Fragment,cms/pages/apply/transparency.md#L7,https://github.com/DOAJ/doaj/blob/feature/3598_currency_code_lax/cms/pages/apply/transparency.md#L7
Support:Fragment,cms/pages/support/index.md#L9,https://github.com/DOAJ/doaj/blob/feature/3598_currency_code_lax/cms/pages/support/index.md#L9
PublisherSupporters:Fragment,cms/pages/support/publisher-supporters.md#L9,https://github.com/DOAJ/doaj/blob/feature/3598_currency_code_lax/cms/pages/support/publisher-supporters.md#L9
SupportThanks:Fragment,cms/pages/support/thank-you.md#L5,https://github.com/DOAJ/doaj/blob/feature/3598_currency_code_lax/cms/pages/support/thank-you.md#L5
Supporters:Fragment,cms/pages/support/supporters.md#L6,https://github.com/DOAJ/doaj/blob/feature/3598_currency_code_lax/cms/pages/support/supporters.md#L6
