File Path,Annotation Count,Line Count,Completion Metric
/home/runner/work/doaj/doaj/doaj/LICENSE,0,202,0.0
/home/runner/work/doaj/doaj/doaj/dependencies.sh,0,7,0.0
/home/runner/work/doaj/doaj/doaj/README.md,7,40,0.175
/home/runner/work/doaj/doaj/doaj/dependencies.py,0,27,0.0
/home/runner/work/doaj/doaj/doaj/lccSubjects.xml,1,3017,0.00033145508783559825
/home/runner/work/doaj/doaj/doaj/docs/forms.sh,1,39,0.02564102564102564
/home/runner/work/doaj/doaj/doaj/docs/featuremap.sh,1,37,0.02702702702702703
/home/runner/work/doaj/doaj/doaj/docs/index.sh,1,32,0.03125
/home/runner/work/doaj/doaj/doaj/docs/data_models.sh,9,63,0.14285714285714285
/home/runner/work/doaj/doaj/doaj/docs/README.md,0,86,0.0
/home/runner/work/doaj/doaj/doaj/docs/coverage.sh,1,38,0.02631578947368421
/home/runner/work/doaj/doaj/doaj/docs/testbook.sh,1,53,0.018867924528301886
/home/runner/work/doaj/doaj/doaj/docs/gendocs.sh,0,18,0.0
/home/runner/work/doaj/doaj/doaj/docs/dictionary.md,0,5,0.0
/home/runner/work/doaj/doaj/doaj/docs/system/API.md,5,80,0.0625
/home/runner/work/doaj/doaj/doaj/docs/system/OPENURL.md,7,164,0.042682926829268296
/home/runner/work/doaj/doaj/doaj/docs/system/S3.md,3,405,0.007407407407407408
/home/runner/work/doaj/doaj/doaj/docs/system/AUTHNZ.md,6,75,0.08
/home/runner/work/doaj/doaj/doaj/docs/system/INSTALL.md,9,134,0.06716417910447761
/home/runner/work/doaj/doaj/doaj/docs/system/AWS.md,4,125,0.032
/home/runner/work/doaj/doaj/doaj/docs/data_models/README.md,1,8,0.125
/home/runner/work/doaj/doaj/doaj/docker/docker-compose.yml,0,40,0.0
/home/runner/work/doaj/doaj/doaj/docker/redis/Dockerfile,0,2,0.0
/home/runner/work/doaj/doaj/doaj/docker/redis/redis.conf,0,1,0.0
/home/runner/work/doaj/doaj/doaj/portality/lcc.py,1,150,0.006666666666666667
/home/runner/work/doaj/doaj/doaj/portality/app_email.py,3,149,0.020134228187919462
/home/runner/work/doaj/doaj/doaj/portality/regex.py,5,33,0.15151515151515152
/home/runner/work/doaj/doaj/doaj/portality/upgrade.py,8,208,0.038461538461538464
/home/runner/work/doaj/doaj/doaj/portality/error_handler.py,2,81,0.024691358024691357
/home/runner/work/doaj/doaj/doaj/portality/decorators.py,7,170,0.041176470588235294
/home/runner/work/doaj/doaj/doaj/portality/dao.py,5,1044,0.004789272030651341
/home/runner/work/doaj/doaj/doaj/portality/constants.py,4,85,0.047058823529411764
/home/runner/work/doaj/doaj/doaj/portality/settings.py,138,1356,0.10176991150442478
/home/runner/work/doaj/doaj/doaj/portality/lock.py,4,194,0.020618556701030927
/home/runner/work/doaj/doaj/doaj/portality/datasets.py,8,154,0.05194805194805195
/home/runner/work/doaj/doaj/doaj/portality/core.py,22,343,0.0641399416909621
/home/runner/work/doaj/doaj/doaj/portality/background.py,7,206,0.03398058252427184
/home/runner/work/doaj/doaj/doaj/portality/store.py,5,293,0.017064846416382253
/home/runner/work/doaj/doaj/doaj/portality/__init__.py,0,0,1.0
/home/runner/work/doaj/doaj/doaj/portality/util.py,2,188,0.010638297872340425
/home/runner/work/doaj/doaj/doaj/portality/app.py,33,411,0.08029197080291971
/home/runner/work/doaj/doaj/doaj/portality/authorise.py,1,39,0.02564102564102564
/home/runner/work/doaj/doaj/doaj/portality/api/common.py,4,276,0.014492753623188406
/home/runner/work/doaj/doaj/doaj/portality/api/__init__.py,1,8,0.125
/home/runner/work/doaj/doaj/doaj/portality/api/v2/README.md,0,3,0.0
/home/runner/work/doaj/doaj/doaj/portality/api/current/discovery_api_application_swag.json,0,305,0.0
/home/runner/work/doaj/doaj/doaj/portality/api/current/discovery_api_article_swag.json,0,214,0.0
/home/runner/work/doaj/doaj/doaj/portality/api/current/discovery_api_journal_swag.json,0,298,0.0
/home/runner/work/doaj/doaj/doaj/portality/api/current/__init__.py,0,8,0.0
/home/runner/work/doaj/doaj/doaj/portality/api/current/discovery.py,9,363,0.024793388429752067
/home/runner/work/doaj/doaj/doaj/portality/api/current/data_objects/journal.py,2,56,0.03571428571428571
/home/runner/work/doaj/doaj/doaj/portality/api/current/data_objects/article.py,4,305,0.013114754098360656
/home/runner/work/doaj/doaj/doaj/portality/api/current/data_objects/common.py,0,15,0.0
/home/runner/work/doaj/doaj/doaj/portality/api/current/data_objects/application.py,3,373,0.00804289544235925
/home/runner/work/doaj/doaj/doaj/portality/api/current/data_objects/common_journal_application.py,1,16,0.0625
/home/runner/work/doaj/doaj/doaj/portality/api/current/client/__init__.py,0,0,1.0
/home/runner/work/doaj/doaj/doaj/portality/api/current/client/models.py,0,46,0.0
/home/runner/work/doaj/doaj/doaj/portality/api/current/bulk/articles.py,6,96,0.0625
/home/runner/work/doaj/doaj/doaj/portality/api/current/bulk/applications.py,5,74,0.06756756756756757
/home/runner/work/doaj/doaj/doaj/portality/api/current/bulk/__init__.py,1,3,0.3333333333333333
/home/runner/work/doaj/doaj/doaj/portality/api/current/crud/journals.py,5,53,0.09433962264150944
/home/runner/work/doaj/doaj/doaj/portality/api/current/crud/articles.py,7,280,0.025
/home/runner/work/doaj/doaj/doaj/portality/api/current/crud/applications.py,29,398,0.0728643216080402
/home/runner/work/doaj/doaj/doaj/portality/api/current/crud/common.py,0,5,0.0
/home/runner/work/doaj/doaj/doaj/portality/api/current/crud/__init__.py,1,4,0.25
/home/runner/work/doaj/doaj/doaj/portality/api/v1/README.md,0,3,0.0
/home/runner/work/doaj/doaj/doaj/portality/models/lcc.py,0,98,0.0
/home/runner/work/doaj/doaj/doaj/portality/models/article.py,0,1133,0.0
/home/runner/work/doaj/doaj/doaj/portality/models/history.py,0,48,0.0
/home/runner/work/doaj/doaj/doaj/portality/models/editors.py,3,134,0.022388059701492536
/home/runner/work/doaj/doaj/doaj/portality/models/provenance.py,0,166,0.0
/home/runner/work/doaj/doaj/doaj/portality/models/uploads.py,0,187,0.0
/home/runner/work/doaj/doaj/doaj/portality/models/harvester.py,0,246,0.0
/home/runner/work/doaj/doaj/doaj/portality/models/cache.py,0,103,0.0
/home/runner/work/doaj/doaj/doaj/portality/models/oaipmh.py,0,138,0.0
/home/runner/work/doaj/doaj/doaj/portality/models/account.py,0,237,0.0
/home/runner/work/doaj/doaj/doaj/portality/models/event.py,0,48,0.0
/home/runner/work/doaj/doaj/doaj/portality/models/preservation.py,1,129,0.007751937984496124
/home/runner/work/doaj/doaj/doaj/portality/models/lock.py,0,68,0.0
/home/runner/work/doaj/doaj/doaj/portality/models/news.py,3,79,0.0379746835443038
/home/runner/work/doaj/doaj/doaj/portality/models/background.py,6,304,0.019736842105263157
/home/runner/work/doaj/doaj/doaj/portality/models/openurl.py,2,469,0.0042643923240938165
/home/runner/work/doaj/doaj/doaj/portality/models/atom.py,0,30,0.0
/home/runner/work/doaj/doaj/doaj/portality/models/__init__.py,0,70,0.0
/home/runner/work/doaj/doaj/doaj/portality/models/notifications.py,1,73,0.0136986301369863
/home/runner/work/doaj/doaj/doaj/portality/models/search.py,0,96,0.0
/home/runner/work/doaj/doaj/doaj/portality/models/v2/journal.py,0,1124,0.0
/home/runner/work/doaj/doaj/doaj/portality/models/v2/bibjson.py,0,975,0.0
/home/runner/work/doaj/doaj/doaj/portality/models/v2/shared_structs.py,0,239,0.0
/home/runner/work/doaj/doaj/doaj/portality/models/v2/application.py,3,412,0.007281553398058253
/home/runner/work/doaj/doaj/doaj/portality/models/v2/__init__.py,0,0,1.0
/home/runner/work/doaj/doaj/doaj/portality/models/v1/journal.py,0,1455,0.0
/home/runner/work/doaj/doaj/doaj/portality/models/v1/bibjson.py,0,207,0.0
/home/runner/work/doaj/doaj/doaj/portality/models/v1/shared_structs.py,0,170,0.0
/home/runner/work/doaj/doaj/doaj/portality/models/v1/suggestion.py,0,375,0.0
/home/runner/work/doaj/doaj/doaj/portality/models/v1/__init__.py,0,0,1.0
/home/runner/work/doaj/doaj/doaj/portality/formcontext/forms.py,0,0,1.0
/home/runner/work/doaj/doaj/doaj/portality/static/widget/public_search_config.js,0,6,0.0
/home/runner/work/doaj/doaj/doaj/portality/static/widget/fq_widget_depends_compiled.js,0,8298,0.0
/home/runner/work/doaj/doaj/doaj/portality/static/widget/fixed_query_build.sh,0,29,0.0
/home/runner/work/doaj/doaj/doaj/portality/static/widget/simple_search.js,0,105,0.0
/home/runner/work/doaj/doaj/doaj/portality/static/widget/fixed_query_src.js,0,149,0.0
/home/runner/work/doaj/doaj/doaj/portality/static/widget/ssw_test.html,0,11,0.0
/home/runner/work/doaj/doaj/doaj/portality/static/widget/fq_widget_test.html,0,65,0.0
/home/runner/work/doaj/doaj/doaj/portality/static/widget/fixed_query.js,0,73,0.0
/home/runner/work/doaj/doaj/doaj/portality/static/doaj/isolang_diff.html,0,505,0.0
/home/runner/work/doaj/doaj/doaj/portality/static/doaj/iso_639-2b.xsd,0,933,0.0
/home/runner/work/doaj/doaj/doaj/portality/static/doaj/doajArticles.xsd,0,172,0.0
/home/runner/work/doaj/doaj/doaj/portality/static/doaj/images/cc/README.md,0,9,0.0
/home/runner/work/doaj/doaj/doaj/portality/static/doaj/css/fq_widget.css,0,7,0.0
/home/runner/work/doaj/doaj/doaj/portality/static/doaj/css/edges.css,0,88,0.0
/home/runner/work/doaj/doaj/doaj/portality/static/doaj/css/simple_widget.css,0,7,0.0
/home/runner/work/doaj/doaj/doaj/portality/static/doaj/css/doaj_api.css,0,36,0.0
/home/runner/work/doaj/doaj/doaj/portality/static/js/continuations.js,0,20,0.0
/home/runner/work/doaj/doaj/doaj/portality/static/js/article_metadata_form.js,0,135,0.0
/home/runner/work/doaj/doaj/doaj/portality/static/js/multiformbox.js,0,346,0.0
/home/runner/work/doaj/doaj/doaj/portality/static/js/dontleave.js,1,42,0.023809523809523808
/home/runner/work/doaj/doaj/doaj/portality/static/js/doaj.js,5,321,0.01557632398753894
/home/runner/work/doaj/doaj/doaj/portality/static/js/autocomplete.js,0,46,0.0
/home/runner/work/doaj/doaj/doaj/portality/static/js/bootstrap.doaj.js,0,1158,0.0
/home/runner/work/doaj/doaj/doaj/portality/static/js/recaptcha.js,0,21,0.0
/home/runner/work/doaj/doaj/doaj/portality/static/js/notifications.js,2,86,0.023255813953488372
/home/runner/work/doaj/doaj/doaj/portality/static/js/suggestions_and_journals.js,0,415,0.0
/home/runner/work/doaj/doaj/doaj/portality/static/js/formulaic.js,0,2050,0.0
/home/runner/work/doaj/doaj/doaj/portality/static/js/application_form.js,0,1042,0.0
/home/runner/work/doaj/doaj/doaj/portality/static/js/doaj.fieldrender.edges.js,0,3928,0.0
/home/runner/work/doaj/doaj/doaj/portality/static/js/dashboard.js,10,183,0.0546448087431694
/home/runner/work/doaj/doaj/doaj/portality/static/js/formutils.js,0,39,0.0
/home/runner/work/doaj/doaj/doaj/portality/static/js/contact.js,0,21,0.0
/home/runner/work/doaj/doaj/doaj/portality/static/js/edges/notifications.edge.js,4,252,0.015873015873015872
/home/runner/work/doaj/doaj/doaj/portality/static/js/edges/public.toc.edge.js,0,267,0.0
/home/runner/work/doaj/doaj/doaj/portality/static/js/edges/editor.groupapplications.edge.js,0,410,0.0
/home/runner/work/doaj/doaj/doaj/portality/static/js/edges/admin.applications.edge.js,1,234,0.004273504273504274
/home/runner/work/doaj/doaj/doaj/portality/static/js/edges/public.article.edge.js,0,247,0.0
/home/runner/work/doaj/doaj/doaj/portality/static/js/edges/admin.journalarticle.edge.js,1,721,0.0013869625520110957
/home/runner/work/doaj/doaj/doaj/portality/static/js/edges/admin.journals.edge.js,1,523,0.0019120458891013384
/home/runner/work/doaj/doaj/doaj/portality/static/js/edges/admin.update_requests.edge.js,1,263,0.0038022813688212928
/home/runner/work/doaj/doaj/doaj/portality/static/js/edges/admin.notifications.edge.js,2,254,0.007874015748031496
/home/runner/work/doaj/doaj/doaj/portality/static/js/edges/associate.journals.edge.js,0,354,0.0
/home/runner/work/doaj/doaj/doaj/portality/static/js/edges/admin.editor_groups.edge.js,1,229,0.004366812227074236
/home/runner/work/doaj/doaj/doaj/portality/static/js/edges/publisher.journals.edge.js,0,261,0.0
/home/runner/work/doaj/doaj/doaj/portality/static/js/edges/associate.applications.edge.js,0,338,0.0
/home/runner/work/doaj/doaj/doaj/portality/static/js/edges/publisher.update_requests.edge.js,0,160,0.0
/home/runner/work/doaj/doaj/doaj/portality/static/js/edges/publisher.mydrafts.edge.js,0,84,0.0
/home/runner/work/doaj/doaj/doaj/portality/static/js/edges/admin.background_jobs.edge.js,1,289,0.0034602076124567475
/home/runner/work/doaj/doaj/doaj/portality/static/js/edges/admin.users.edge.js,1,189,0.005291005291005291
/home/runner/work/doaj/doaj/doaj/portality/static/js/edges/editor.groupjournals.edge.js,0,411,0.0
/home/runner/work/doaj/doaj/doaj/portality/static/js/edges/public.journal.edge.js,0,363,0.0
/home/runner/work/doaj/doaj/doaj/portality/bll/doaj.py,10,119,0.08403361344537816
/home/runner/work/doaj/doaj/doaj/portality/bll/exceptions.py,2,142,0.014084507042253521
/home/runner/work/doaj/doaj/doaj/portality/bll/__init__.py,0,2,0.0
/home/runner/work/doaj/doaj/doaj/portality/bll/services/journal.py,12,279,0.043010752688172046
/home/runner/work/doaj/doaj/doaj/portality/bll/services/article.py,9,523,0.017208413001912046
/home/runner/work/doaj/doaj/doaj/portality/bll/services/background_task_status.py,1,139,0.007194244604316547
/home/runner/work/doaj/doaj/doaj/portality/bll/services/site.py,4,123,0.032520325203252036
/home/runner/work/doaj/doaj/doaj/portality/bll/services/events.py,0,62,0.0
/home/runner/work/doaj/doaj/doaj/portality/bll/services/query.py,4,264,0.015151515151515152
/home/runner/work/doaj/doaj/doaj/portality/bll/services/application.py,12,563,0.021314387211367674
/home/runner/work/doaj/doaj/doaj/portality/bll/services/authorisation.py,2,137,0.014598540145985401
/home/runner/work/doaj/doaj/doaj/portality/bll/services/__init__.py,0,0,1.0
/home/runner/work/doaj/doaj/doaj/portality/bll/services/notifications.py,10,127,0.07874015748031496
/home/runner/work/doaj/doaj/doaj/portality/bll/services/todo.py,7,354,0.01977401129943503
/home/runner/work/doaj/doaj/doaj/portality/events/shortcircuit.py,0,6,0.0
/home/runner/work/doaj/doaj/doaj/portality/events/consumer.py,0,11,0.0
/home/runner/work/doaj/doaj/doaj/portality/events/kafka_producer.py,0,12,0.0
/home/runner/work/doaj/doaj/doaj/portality/events/kafka_consumer.py,0,24,0.0
/home/runner/work/doaj/doaj/doaj/portality/events/__init__.py,0,0,1.0
/home/runner/work/doaj/doaj/doaj/portality/events/consumers/update_request_publisher_accepted_notify.py,2,74,0.02702702702702703
/home/runner/work/doaj/doaj/doaj/portality/events/consumers/application_assed_assigned_notify.py,2,44,0.045454545454545456
/home/runner/work/doaj/doaj/doaj/portality/events/consumers/application_publisher_revision_notify.py,2,47,0.0425531914893617
/home/runner/work/doaj/doaj/doaj/portality/events/consumers/update_request_publisher_rejected_notify.py,2,71,0.028169014084507043
/home/runner/work/doaj/doaj/doaj/portality/events/consumers/application_assed_inprogress_notify.py,2,42,0.047619047619047616
/home/runner/work/doaj/doaj/doaj/portality/events/consumers/application_publisher_assigned_notify.py,2,70,0.02857142857142857
/home/runner/work/doaj/doaj/doaj/portality/events/consumers/application_publisher_quickreject_notify.py,2,57,0.03508771929824561
/home/runner/work/doaj/doaj/doaj/portality/events/consumers/application_editor_completed_notify.py,2,64,0.03125
/home/runner/work/doaj/doaj/doaj/portality/events/consumers/application_editor_group_assigned_notify.py,2,50,0.04
/home/runner/work/doaj/doaj/doaj/portality/events/consumers/account_created_email.py,3,52,0.057692307692307696
/home/runner/work/doaj/doaj/doaj/portality/events/consumers/application_publisher_created_notify.py,2,46,0.043478260869565216
/home/runner/work/doaj/doaj/doaj/portality/events/consumers/application_editor_inprogress_notify.py,2,59,0.03389830508474576
/home/runner/work/doaj/doaj/doaj/portality/events/consumers/journal_editor_group_assigned_notify.py,2,50,0.04
/home/runner/work/doaj/doaj/doaj/portality/events/consumers/application_publisher_accepted_notify.py,2,74,0.02702702702702703
/home/runner/work/doaj/doaj/doaj/portality/events/consumers/update_request_publisher_assigned_notify.py,2,68,0.029411764705882353
/home/runner/work/doaj/doaj/doaj/portality/events/consumers/application_publisher_inprogress_notify.py,2,51,0.0392156862745098
/home/runner/work/doaj/doaj/doaj/portality/events/consumers/bg_job_finished_notify.py,2,51,0.0392156862745098
/home/runner/work/doaj/doaj/doaj/portality/events/consumers/account_passwordreset_email.py,3,42,0.07142857142857142
/home/runner/work/doaj/doaj/doaj/portality/events/consumers/__init__.py,0,0,1.0
/home/runner/work/doaj/doaj/doaj/portality/events/consumers/journal_assed_assigned_notify.py,2,45,0.044444444444444446
/home/runner/work/doaj/doaj/doaj/portality/events/consumers/application_maned_ready_notify.py,2,55,0.03636363636363636
/home/runner/work/doaj/doaj/doaj/portality/tasks/check_latest_es_backup.py,0,82,0.0
/home/runner/work/doaj/doaj/doaj/portality/tasks/suggestion_bulk_edit.py,0,214,0.0
/home/runner/work/doaj/doaj/doaj/portality/tasks/ingestarticles.py,0,575,0.0
/home/runner/work/doaj/doaj/doaj/portality/tasks/article_duplicate_report.py,0,304,0.0
/home/runner/work/doaj/doaj/doaj/portality/tasks/reporting.py,0,430,0.0
/home/runner/work/doaj/doaj/doaj/portality/tasks/redis_huey.py,0,32,0.0
/home/runner/work/doaj/doaj/doaj/portality/tasks/read_news.py,0,112,0.0
/home/runner/work/doaj/doaj/doaj/portality/tasks/prune_es_backups.py,0,95,0.0
/home/runner/work/doaj/doaj/doaj/portality/tasks/anon_export.py,1,199,0.005025125628140704
/home/runner/work/doaj/doaj/doaj/portality/tasks/public_data_dump.py,0,253,0.0
/home/runner/work/doaj/doaj/doaj/portality/tasks/async_workflow_notifications.py,0,444,0.0
/home/runner/work/doaj/doaj/doaj/portality/tasks/journal_bulk_edit.py,0,249,0.0
/home/runner/work/doaj/doaj/doaj/portality/tasks/journal_bulk_delete.py,3,164,0.018292682926829267
/home/runner/work/doaj/doaj/doaj/portality/tasks/journal_csv.py,0,72,0.0
/home/runner/work/doaj/doaj/doaj/portality/tasks/consumer_long_running.py,0,19,0.0
/home/runner/work/doaj/doaj/doaj/portality/tasks/consumer_main_queue.py,0,28,0.0
/home/runner/work/doaj/doaj/doaj/portality/tasks/harvester.py,1,128,0.0078125
/home/runner/work/doaj/doaj/doaj/portality/tasks/sitemap.py,2,81,0.024691358024691357
/home/runner/work/doaj/doaj/doaj/portality/tasks/preservation.py,10,763,0.01310615989515072
/home/runner/work/doaj/doaj/doaj/portality/tasks/article_bulk_delete.py,0,136,0.0
/home/runner/work/doaj/doaj/doaj/portality/tasks/article_cleanup_sync.py,0,233,0.0
/home/runner/work/doaj/doaj/doaj/portality/tasks/monitor_bgjobs.py,0,92,0.0
/home/runner/work/doaj/doaj/doaj/portality/tasks/request_es_backup.py,0,93,0.0
/home/runner/work/doaj/doaj/doaj/portality/tasks/journal_in_out_doaj.py,4,153,0.026143790849673203
/home/runner/work/doaj/doaj/doaj/portality/tasks/__init__.py,0,0,1.0
/home/runner/work/doaj/doaj/doaj/portality/tasks/old_data_cleanup.py,0,96,0.0
/home/runner/work/doaj/doaj/doaj/portality/tasks/harvester_helpers/workflow.py,0,121,0.0
/home/runner/work/doaj/doaj/doaj/portality/tasks/harvester_helpers/__init__.py,0,0,1.0
/home/runner/work/doaj/doaj/doaj/portality/tasks/harvester_helpers/epmc/epmc_harvester.py,0,134,0.0
/home/runner/work/doaj/doaj/doaj/portality/tasks/harvester_helpers/epmc/queries.py,0,50,0.0
/home/runner/work/doaj/doaj/doaj/portality/tasks/harvester_helpers/epmc/client.py,0,196,0.0
/home/runner/work/doaj/doaj/doaj/portality/tasks/harvester_helpers/epmc/__init__.py,0,0,1.0
/home/runner/work/doaj/doaj/doaj/portality/tasks/harvester_helpers/epmc/models.py,0,453,0.0
/home/runner/work/doaj/doaj/doaj/portality/tasks/helpers/background_helper.py,1,179,0.00558659217877095
/home/runner/work/doaj/doaj/doaj/portality/tasks/helpers/__init__.py,0,0,1.0
/home/runner/work/doaj/doaj/doaj/portality/view/api_v3.py,0,393,0.0
/home/runner/work/doaj/doaj/doaj/portality/view/api_v2.py,0,185,0.0
/home/runner/work/doaj/doaj/doaj/portality/view/doaj.py,3,629,0.0047694753577106515
/home/runner/work/doaj/doaj/doaj/portality/view/jct.py,0,32,0.0
/home/runner/work/doaj/doaj/doaj/portality/view/api_v1.py,0,179,0.0
/home/runner/work/doaj/doaj/doaj/portality/view/editor.py,0,157,0.0
/home/runner/work/doaj/doaj/doaj/portality/view/dashboard.py,4,68,0.058823529411764705
/home/runner/work/doaj/doaj/doaj/portality/view/admin.py,6,769,0.007802340702210663
/home/runner/work/doaj/doaj/doaj/portality/view/oaipmh.py,0,866,0.0
/home/runner/work/doaj/doaj/doaj/portality/view/account.py,0,363,0.0
/home/runner/work/doaj/doaj/doaj/portality/view/query.py,0,52,0.0
/home/runner/work/doaj/doaj/doaj/portality/view/apply.py,0,96,0.0
/home/runner/work/doaj/doaj/doaj/portality/view/publisher.py,3,377,0.007957559681697613
/home/runner/work/doaj/doaj/doaj/portality/view/doajservices.py,1,114,0.008771929824561403
/home/runner/work/doaj/doaj/doaj/portality/view/forms.py,2,136,0.014705882352941176
/home/runner/work/doaj/doaj/doaj/portality/view/openurl.py,0,103,0.0
/home/runner/work/doaj/doaj/doaj/portality/view/atom.py,0,176,0.0
/home/runner/work/doaj/doaj/doaj/portality/view/__init__.py,0,0,1.0
/home/runner/work/doaj/doaj/doaj/portality/view/status.py,1,200,0.005
/home/runner/work/doaj/doaj/doaj/portality/notifications/application_emails.py,1,81,0.012345679012345678
/home/runner/work/doaj/doaj/doaj/portality/notifications/__init__.py,0,0,1.0
/home/runner/work/doaj/doaj/doaj/portality/forms/utils.py,0,35,0.0
/home/runner/work/doaj/doaj/doaj/portality/forms/application_processors.py,34,966,0.035196687370600416
/home/runner/work/doaj/doaj/doaj/portality/forms/article_forms.py,15,722,0.02077562326869806
/home/runner/work/doaj/doaj/doaj/portality/forms/validate.py,24,625,0.0384
/home/runner/work/doaj/doaj/doaj/portality/forms/fields.py,0,47,0.0
/home/runner/work/doaj/doaj/doaj/portality/forms/application_forms.py,257,3152,0.08153553299492386
/home/runner/work/doaj/doaj/doaj/portality/forms/__init__.py,0,0,1.0
/home/runner/work/doaj/doaj/doaj/portality/cms/implied_attr_list.py,0,65,0.0
/home/runner/work/doaj/doaj/doaj/portality/cms/build_fragments.py,2,166,0.012048192771084338
/home/runner/work/doaj/doaj/doaj/portality/cms/build_sass.py,3,123,0.024390243902439025
/home/runner/work/doaj/doaj/doaj/portality/cms/__init__.py,0,0,1.0
/home/runner/work/doaj/doaj/doaj/portality/scripts/check_latest_es_backup.py,0,14,0.0
/home/runner/work/doaj/doaj/doaj/portality/scripts/ingestarticles.py,0,24,0.0
/home/runner/work/doaj/doaj/doaj/portality/scripts/not_in_doaj_with_articles.py,0,43,0.0
/home/runner/work/doaj/doaj/doaj/portality/scripts/orphaned_datasets.py,0,61,0.0
/home/runner/work/doaj/doaj/doaj/portality/scripts/article_duplicate_report.py,0,57,0.0
/home/runner/work/doaj/doaj/doaj/portality/scripts/articlerm.py,0,121,0.0
/home/runner/work/doaj/doaj/doaj/portality/scripts/3285_non_rejected_ur_of_journal_not_in_doaj.py,0,38,0.0
/home/runner/work/doaj/doaj/doaj/portality/scripts/generate_docs_index.py,0,121,0.0
/home/runner/work/doaj/doaj/doaj/portality/scripts/admin_journalcsv.py,2,27,0.07407407407407407
/home/runner/work/doaj/doaj/doaj/portality/scripts/accounts_with_missing_api_role.py,0,72,0.0
/home/runner/work/doaj/doaj/doaj/portality/scripts/prune_es_backups.py,0,13,0.0
/home/runner/work/doaj/doaj/doaj/portality/scripts/publisher_email_in_doaj.py,0,62,0.0
/home/runner/work/doaj/doaj/doaj/portality/scripts/anon_export.py,0,21,0.0
/home/runner/work/doaj/doaj/doaj/portality/scripts/accounts_delete_pub_no_journal_or_application.py,0,102,0.0
/home/runner/work/doaj/doaj/doaj/portality/scripts/list_by_title.py,0,205,0.0
/home/runner/work/doaj/doaj/doaj/portality/scripts/journals_last_manual_update_between.py,0,93,0.0
/home/runner/work/doaj/doaj/doaj/portality/scripts/manage_background_jobs.py,0,152,0.0
/home/runner/work/doaj/doaj/doaj/portality/scripts/journals_update_via_csv.py,6,191,0.031413612565445025
/home/runner/work/doaj/doaj/doaj/portality/scripts/3155_acc_email_for_journals_csv.py,0,45,0.0
/home/runner/work/doaj/doaj/doaj/portality/scripts/public_data_dump.py,0,33,0.0
/home/runner/work/doaj/doaj/doaj/portality/scripts/prune_marvel.py,0,23,0.0
/home/runner/work/doaj/doaj/doaj/portality/scripts/missing_quick_reject_emails.py,0,79,0.0
/home/runner/work/doaj/doaj/doaj/portality/scripts/deleteuser.py,0,40,0.0
/home/runner/work/doaj/doaj/doaj/portality/scripts/sage_update.py,0,93,0.0
/home/runner/work/doaj/doaj/doaj/portality/scripts/createuser.py,0,87,0.0
/home/runner/work/doaj/doaj/doaj/portality/scripts/form_description_to_field_description.py,0,29,0.0
/home/runner/work/doaj/doaj/doaj/portality/scripts/generate_iso639b_language_code_schema.py,0,144,0.0
/home/runner/work/doaj/doaj/doaj/portality/scripts/async_workflow_notifications.py,0,15,0.0
/home/runner/work/doaj/doaj/doaj/portality/scripts/README.md,0,3,0.0
/home/runner/work/doaj/doaj/doaj/portality/scripts/history_archive.py,0,115,0.0
/home/runner/work/doaj/doaj/doaj/portality/scripts/accounts_with_marketing_consent.py,0,53,0.0
/home/runner/work/doaj/doaj/doaj/portality/scripts/cross_journal_article_issns.py,0,73,0.0
/home/runner/work/doaj/doaj/doaj/portality/scripts/history_dirs_reports.py,0,61,0.0
/home/runner/work/doaj/doaj/doaj/portality/scripts/reports.py,0,31,0.0
/home/runner/work/doaj/doaj/doaj/portality/scripts/articles_invalid_url.py,0,46,0.0
/home/runner/work/doaj/doaj/doaj/portality/scripts/reject_update_requst.py,0,21,0.0
/home/runner/work/doaj/doaj/doaj/portality/scripts/2467_email_no_apc.py,0,49,0.0
/home/runner/work/doaj/doaj/doaj/portality/scripts/sitemap.py,2,17,0.11764705882352941
/home/runner/work/doaj/doaj/doaj/portality/scripts/harvest.py,2,20,0.1
/home/runner/work/doaj/doaj/doaj/portality/scripts/anon_import.py,0,128,0.0
/home/runner/work/doaj/doaj/doaj/portality/scripts/mark_notifications_seen.py,2,21,0.09523809523809523
/home/runner/work/doaj/doaj/doaj/portality/scripts/rejected_applications.py,0,57,0.0
/home/runner/work/doaj/doaj/doaj/portality/scripts/functional_test_csv_to_testbook.py,0,92,0.0
/home/runner/work/doaj/doaj/doaj/portality/scripts/github_issue_activity.py,0,198,0.0
/home/runner/work/doaj/doaj/doaj/portality/scripts/articledump.py,0,40,0.0
/home/runner/work/doaj/doaj/doaj/portality/scripts/applicationrm.py,0,28,0.0
/home/runner/work/doaj/doaj/doaj/portality/scripts/2632_merge_accounts_by_email.py,0,78,0.0
/home/runner/work/doaj/doaj/doaj/portality/scripts/article_duplicate_analysis.py,0,639,0.0
/home/runner/work/doaj/doaj/doaj/portality/scripts/change_application_status.py,0,42,0.0
/home/runner/work/doaj/doaj/doaj/portality/scripts/news.py,0,13,0.0
/home/runner/work/doaj/doaj/doaj/portality/scripts/update_mapping_reindex.py,0,30,0.0
/home/runner/work/doaj/doaj/doaj/portality/scripts/article_cleanup_sync.py,0,41,0.0
/home/runner/work/doaj/doaj/doaj/portality/scripts/pycountry_options_compare.py,0,89,0.0
/home/runner/work/doaj/doaj/doaj/portality/scripts/2634_copy_across_contact_details.py,0,124,0.0
/home/runner/work/doaj/doaj/doaj/portality/scripts/request_es_backup.py,0,14,0.0
/home/runner/work/doaj/doaj/doaj/portality/scripts/sync_doaj_records.py,0,109,0.0
/home/runner/work/doaj/doaj/doaj/portality/scripts/history_records_analyse.py,0,82,0.0
/home/runner/work/doaj/doaj/doaj/portality/scripts/scrip_tags_check.py,0,63,0.0
/home/runner/work/doaj/doaj/doaj/portality/scripts/history_records_assemble.py,0,120,0.0
/home/runner/work/doaj/doaj/doaj/portality/scripts/prepare_delete_request.py,0,89,0.0
/home/runner/work/doaj/doaj/doaj/portality/scripts/articleload.py,0,28,0.0
/home/runner/work/doaj/doaj/doaj/portality/scripts/journalcsv.py,0,23,0.0
/home/runner/work/doaj/doaj/doaj/portality/scripts/articles_identical_issns.py,0,40,0.0
/home/runner/work/doaj/doaj/doaj/portality/scripts/sage_journals_in_doaj.py,0,46,0.0
/home/runner/work/doaj/doaj/doaj/portality/scripts/missing_q14q18.py,0,46,0.0
/home/runner/work/doaj/doaj/doaj/portality/scripts/journals_in_doaj_by_account.py,0,64,0.0
/home/runner/work/doaj/doaj/doaj/portality/scripts/__init__.py,0,0,1.0
/home/runner/work/doaj/doaj/doaj/portality/scripts/2882_empty_string_issns.py,0,49,0.0
/home/runner/work/doaj/doaj/doaj/portality/scripts/accounts_with_same_email.py,0,92,0.0
/home/runner/work/doaj/doaj/doaj/portality/scripts/accounts_with_missing_passwords.py,0,73,0.0
/home/runner/work/doaj/doaj/doaj/portality/scripts/old_data_cleanup.py,0,20,0.0
/home/runner/work/doaj/doaj/doaj/portality/scripts/inconsistent_journal_prov_application.py,0,200,0.0
/home/runner/work/doaj/doaj/doaj/portality/scripts/03022022_update_oa_from_csv/run.py,0,41,0.0
/home/runner/work/doaj/doaj/doaj/portality/scripts/03022022_update_oa_from_csv/NO OA Date - Sheet1.csv,0,1823,0.0
/home/runner/work/doaj/doaj/doaj/portality/crosswalks/article_doaj_xml.py,3,287,0.010452961672473868
/home/runner/work/doaj/doaj/doaj/portality/crosswalks/article_crossref_xml.py,5,394,0.012690355329949238
/home/runner/work/doaj/doaj/doaj/portality/crosswalks/journal_form.py,2,468,0.004273504273504274
/home/runner/work/doaj/doaj/doaj/portality/crosswalks/journal_questions.py,2,343,0.0058309037900874635
/home/runner/work/doaj/doaj/doaj/portality/crosswalks/jct_inprogress.py,2,26,0.07692307692307693
/home/runner/work/doaj/doaj/doaj/portality/crosswalks/application_form.py,5,134,0.03731343283582089
/home/runner/work/doaj/doaj/doaj/portality/crosswalks/exceptions.py,0,7,0.0
/home/runner/work/doaj/doaj/doaj/portality/crosswalks/oaipmh.py,7,558,0.012544802867383513
/home/runner/work/doaj/doaj/doaj/portality/crosswalks/article_form.py,2,156,0.01282051282051282
/home/runner/work/doaj/doaj/doaj/portality/crosswalks/atom.py,2,63,0.031746031746031744
/home/runner/work/doaj/doaj/doaj/portality/crosswalks/__init__.py,0,0,1.0
/home/runner/work/doaj/doaj/doaj/portality/ui/messages.py,0,129,0.0
/home/runner/work/doaj/doaj/doaj/portality/ui/debug_toolbar.py,0,40,0.0
/home/runner/work/doaj/doaj/doaj/portality/ui/__init__.py,0,0,1.0
/home/runner/work/doaj/doaj/doaj/portality/templates/500.html,0,13,0.0
/home/runner/work/doaj/doaj/doaj/portality/templates/_formhelpers.html,0,279,0.0
/home/runner/work/doaj/doaj/doaj/portality/templates/404.html,0,17,0.0
/home/runner/work/doaj/doaj/doaj/portality/templates/_edges_common_css.html,0,8,0.0
/home/runner/work/doaj/doaj/doaj/portality/templates/400.html,0,17,0.0
/home/runner/work/doaj/doaj/doaj/portality/templates/_js_includes.html,0,53,0.0
/home/runner/work/doaj/doaj/doaj/portality/templates/401.html,0,13,0.0
/home/runner/work/doaj/doaj/doaj/portality/templates/unlocked.html,0,9,0.0
/home/runner/work/doaj/doaj/doaj/portality/templates/_edges_common_js.html,0,22,0.0
/home/runner/work/doaj/doaj/doaj/portality/templates/api/current/swagger_description.html,0,32,0.0
/home/runner/work/doaj/doaj/doaj/portality/templates/api/current/api_docs.html,0,109,0.0
/home/runner/work/doaj/doaj/doaj/portality/templates/api/current/extra_docs.html,0,199,0.0
/home/runner/work/doaj/doaj/doaj/portality/templates/openurl/help.html,0,37,0.0
/home/runner/work/doaj/doaj/doaj/portality/templates/openurl/404.html,0,20,0.0
/home/runner/work/doaj/doaj/doaj/portality/templates/account/_register_form.html,0,34,0.0
/home/runner/work/doaj/doaj/doaj/portality/templates/account/view.html,2,139,0.014388489208633094
/home/runner/work/doaj/doaj/doaj/portality/templates/account/login.html,0,21,0.0
/home/runner/work/doaj/doaj/doaj/portality/templates/account/register.html,0,51,0.0
/home/runner/work/doaj/doaj/doaj/portality/templates/account/login_to_apply.html,0,50,0.0
/home/runner/work/doaj/doaj/doaj/portality/templates/account/_login_form.html,0,16,0.0
/home/runner/work/doaj/doaj/doaj/portality/templates/account/_edit_user_form.html,0,59,0.0
/home/runner/work/doaj/doaj/doaj/portality/templates/account/users.html,0,30,0.0
/home/runner/work/doaj/doaj/doaj/portality/templates/account/reset.html,0,25,0.0
/home/runner/work/doaj/doaj/doaj/portality/templates/account/_reset_form.html,0,14,0.0
/home/runner/work/doaj/doaj/doaj/portality/templates/account/forgot.html,0,27,0.0
/home/runner/work/doaj/doaj/doaj/portality/templates/formcontext/_error_header.html,0,5,0.0
/home/runner/work/doaj/doaj/doaj/portality/templates/formcontext/article_metadata_form.html,0,109,0.0
/home/runner/work/doaj/doaj/doaj/portality/templates/dashboard/notifications.html,1,26,0.038461538461538464
/home/runner/work/doaj/doaj/doaj/portality/templates/dashboard/index.html,3,118,0.025423728813559324
/home/runner/work/doaj/doaj/doaj/portality/templates/dashboard/nav.html,2,38,0.05263157894736842
/home/runner/work/doaj/doaj/doaj/portality/templates/application_form/maned_journal.html,0,51,0.0
/home/runner/work/doaj/doaj/doaj/portality/templates/application_form/_application_warning_msg.html,0,19,0.0
/home/runner/work/doaj/doaj/doaj/portality/templates/application_form/editor_application.html,0,28,0.0
/home/runner/work/doaj/doaj/doaj/portality/templates/application_form/assed_journal.html,0,27,0.0
/home/runner/work/doaj/doaj/doaj/portality/templates/application_form/_field.html,0,66,0.0
/home/runner/work/doaj/doaj/doaj/portality/templates/application_form/_fieldsets.html,0,18,0.0
/home/runner/work/doaj/doaj/doaj/portality/templates/application_form/_value.html,0,17,0.0
/home/runner/work/doaj/doaj/doaj/portality/templates/application_form/editorial_side_panel.html,0,30,0.0
/home/runner/work/doaj/doaj/doaj/portality/templates/application_form/_edit_status.html,0,3,0.0
/home/runner/work/doaj/doaj/doaj/portality/templates/application_form/publisher_update_request.html,0,81,0.0
/home/runner/work/doaj/doaj/doaj/portality/templates/application_form/public_application.html,0,73,0.0
/home/runner/work/doaj/doaj/doaj/portality/templates/application_form/editor_journal.html,0,27,0.0
/home/runner/work/doaj/doaj/doaj/portality/templates/application_form/_group.html,0,30,0.0
/home/runner/work/doaj/doaj/doaj/portality/templates/application_form/aside_menu.html,0,21,0.0
/home/runner/work/doaj/doaj/doaj/portality/templates/application_form/modal.html,0,18,0.0
/home/runner/work/doaj/doaj/doaj/portality/templates/application_form/editorial_form_fields.html,0,102,0.0
/home/runner/work/doaj/doaj/doaj/portality/templates/application_form/_entry_group.html,0,5,0.0
/home/runner/work/doaj/doaj/doaj/portality/templates/application_form/_contact.html,0,7,0.0
/home/runner/work/doaj/doaj/doaj/portality/templates/application_form/_entry_group_horizontal.html,0,5,0.0
/home/runner/work/doaj/doaj/doaj/portality/templates/application_form/_form.html,0,27,0.0
/home/runner/work/doaj/doaj/doaj/portality/templates/application_form/_list.html,0,59,0.0
/home/runner/work/doaj/doaj/doaj/portality/templates/application_form/readonly_application.html,0,58,0.0
/home/runner/work/doaj/doaj/doaj/portality/templates/application_form/_buttons.html,0,17,0.0
/home/runner/work/doaj/doaj/doaj/portality/templates/application_form/maned_application.html,0,46,0.0
/home/runner/work/doaj/doaj/doaj/portality/templates/application_form/pagination_menu.html,0,28,0.0
/home/runner/work/doaj/doaj/doaj/portality/templates/application_form/maned_journal_bulk_edit.html,0,16,0.0
/home/runner/work/doaj/doaj/doaj/portality/templates/application_form/assed_application.html,0,27,0.0
/home/runner/work/doaj/doaj/doaj/portality/templates/application_form/pagination_menu_admin.html,0,31,0.0
/home/runner/work/doaj/doaj/doaj/portality/templates/application_form/_backend_validation.html,0,11,0.0
/home/runner/work/doaj/doaj/doaj/portality/templates/application_form/readonly_journal.html,0,57,0.0
/home/runner/work/doaj/doaj/doaj/portality/templates/application_form/editorial_form_body.html,0,31,0.0
/home/runner/work/doaj/doaj/doaj/portality/templates/application_form/_application_diff.html,0,40,0.0
/home/runner/work/doaj/doaj/doaj/portality/templates/application_form/05-business-model/index.html,0,24,0.0
/home/runner/work/doaj/doaj/doaj/portality/templates/application_form/03-copyright-licensing/index.html,0,25,0.0
/home/runner/work/doaj/doaj/doaj/portality/templates/application_form/01-oa-compliance/index.html,0,29,0.0
/home/runner/work/doaj/doaj/doaj/portality/templates/application_form/06-best-practice/index.html,0,30,0.0
/home/runner/work/doaj/doaj/doaj/portality/templates/application_form/02-about/index.html,0,24,0.0
/home/runner/work/doaj/doaj/doaj/portality/templates/application_form/07-review/index.html,0,23,0.0
/home/runner/work/doaj/doaj/doaj/portality/templates/application_form/js/_form_js.html,0,38,0.0
/home/runner/work/doaj/doaj/doaj/portality/templates/application_form/04-editorial/index.html,0,25,0.0
/home/runner/work/doaj/doaj/doaj/portality/templates/application_form/readonly/journal.html,0,21,0.0
/home/runner/work/doaj/doaj/doaj/portality/templates/admin/_applications_and_update_requests_common.html,0,33,0.0
/home/runner/work/doaj/doaj/doaj/portality/templates/admin/editor_group_search.html,0,29,0.0
/home/runner/work/doaj/doaj/doaj/portality/templates/admin/applications.html,0,28,0.0
/home/runner/work/doaj/doaj/doaj/portality/templates/admin/journal_locked.html,0,25,0.0
/home/runner/work/doaj/doaj/doaj/portality/templates/admin/update_requests.html,0,28,0.0
/home/runner/work/doaj/doaj/doaj/portality/templates/admin/article_metadata.html,2,51,0.0392156862745098
/home/runner/work/doaj/doaj/doaj/portality/templates/admin/admin_site_search.html,0,71,0.0
/home/runner/work/doaj/doaj/doaj/portality/templates/admin/admin_base.html,0,14,0.0
/home/runner/work/doaj/doaj/doaj/portality/templates/admin/background_jobs_search.html,0,24,0.0
/home/runner/work/doaj/doaj/doaj/portality/templates/admin/_applications_and_update_requests_common_js.html,0,2,0.0
/home/runner/work/doaj/doaj/doaj/portality/templates/admin/index.html,0,26,0.0
/home/runner/work/doaj/doaj/doaj/portality/templates/admin/continuation.html,0,51,0.0
/home/runner/work/doaj/doaj/doaj/portality/templates/admin/application_locked.html,0,25,0.0
/home/runner/work/doaj/doaj/doaj/portality/templates/admin/editor_group.html,0,81,0.0
/home/runner/work/doaj/doaj/doaj/portality/templates/admin/global_notifications_search.html,4,32,0.125
/home/runner/work/doaj/doaj/doaj/portality/templates/editor/associate_journals.html,0,25,0.0
/home/runner/work/doaj/doaj/doaj/portality/templates/editor/journal_locked.html,0,25,0.0
/home/runner/work/doaj/doaj/doaj/portality/templates/editor/associate_applications.html,0,26,0.0
/home/runner/work/doaj/doaj/doaj/portality/templates/editor/index.html,1,52,0.019230769230769232
/home/runner/work/doaj/doaj/doaj/portality/templates/editor/group_journals.html,0,25,0.0
/home/runner/work/doaj/doaj/doaj/portality/templates/editor/application_locked.html,0,26,0.0
/home/runner/work/doaj/doaj/doaj/portality/templates/editor/editor_base.html,0,21,0.0
/home/runner/work/doaj/doaj/doaj/portality/templates/editor/nav.html,0,29,0.0
/home/runner/work/doaj/doaj/doaj/portality/templates/editor/group_applications.html,0,26,0.0
/home/runner/work/doaj/doaj/doaj/portality/templates/publisher/uploadmetadata.html,1,213,0.004694835680751174
/home/runner/work/doaj/doaj/doaj/portality/templates/publisher/metadata.html,2,35,0.05714285714285714
/home/runner/work/doaj/doaj/doaj/portality/templates/publisher/application_already_submitted.html,0,18,0.0
/home/runner/work/doaj/doaj/doaj/portality/templates/publisher/journals.html,0,25,0.0
/home/runner/work/doaj/doaj/doaj/portality/templates/publisher/application_deleted.html,0,8,0.0
/home/runner/work/doaj/doaj/doaj/portality/templates/publisher/help.html,0,240,0.0
/home/runner/work/doaj/doaj/doaj/portality/templates/publisher/updates_in_progress.html,0,29,0.0
/home/runner/work/doaj/doaj/doaj/portality/templates/publisher/locked.html,0,25,0.0
/home/runner/work/doaj/doaj/doaj/portality/templates/publisher/index.html,0,30,0.0
/home/runner/work/doaj/doaj/doaj/portality/templates/publisher/publisher_base.html,0,20,0.0
/home/runner/work/doaj/doaj/doaj/portality/templates/publisher/preservation.html,0,203,0.0
/home/runner/work/doaj/doaj/doaj/portality/templates/publisher/nav.html,0,35,0.0
/home/runner/work/doaj/doaj/doaj/portality/templates/data/advisory-board-council.html,0,64,0.0
/home/runner/work/doaj/doaj/doaj/portality/templates/data/team.html,0,34,0.0
/home/runner/work/doaj/doaj/doaj/portality/templates/data/publisher-supporters.html,0,7,0.0
/home/runner/work/doaj/doaj/doaj/portality/templates/data/ambassadors.html,0,38,0.0
/home/runner/work/doaj/doaj/doaj/portality/templates/data/volunteers.html,0,44,0.0
/home/runner/work/doaj/doaj/doaj/portality/templates/data/editorial-subcommittee.html,0,31,0.0
/home/runner/work/doaj/doaj/doaj/portality/templates/data/sponsors.html,0,38,0.0
/home/runner/work/doaj/doaj/doaj/portality/templates/doaj/articles_search.html,0,28,0.0
/home/runner/work/doaj/doaj/doaj/portality/templates/doaj/site_note.html,0,3,0.0
/home/runner/work/doaj/doaj/doaj/portality/templates/doaj/article.html,0,240,0.0
/home/runner/work/doaj/doaj/doaj/portality/templates/doaj/toc.html,0,494,0.0
/home/runner/work/doaj/doaj/doaj/portality/templates/doaj/journals_search.html,0,28,0.0
/home/runner/work/doaj/doaj/doaj/portality/templates/doaj/readonly.html,0,8,0.0
/home/runner/work/doaj/doaj/doaj/portality/templates/doaj/index.html,0,247,0.0
/home/runner/work/doaj/doaj/doaj/portality/templates/doaj/contact.html,0,64,0.0
/home/runner/work/doaj/doaj/doaj/portality/templates/doaj/cookie_consent.html,0,6,0.0
/home/runner/work/doaj/doaj/doaj/portality/templates/email/editor_application_completed.jinja2,4,15,0.26666666666666666
/home/runner/work/doaj/doaj/doaj/portality/templates/email/script_tag_detected.jinja2,2,10,0.2
/home/runner/work/doaj/doaj/doaj/portality/templates/email/publisher_application_rejected.jinja2,4,28,0.14285714285714285
/home/runner/work/doaj/doaj/doaj/portality/templates/email/publisher_application_inprogress.jinja2,4,20,0.2
/home/runner/work/doaj/doaj/doaj/portality/templates/email/admin_background_job_finished.jinja2,4,13,0.3076923076923077
/home/runner/work/doaj/doaj/doaj/portality/templates/email/assoc_editor_application_assigned.jinja2,5,16,0.3125
/home/runner/work/doaj/doaj/doaj/portality/templates/email/publisher_application_editor_assigned.jinja2,4,20,0.2
/home/runner/work/doaj/doaj/doaj/portality/templates/email/publisher_application_accepted.jinja2,7,32,0.21875
/home/runner/work/doaj/doaj/doaj/portality/templates/email/editor_application_assigned_group.jinja2,4,16,0.25
/home/runner/work/doaj/doaj/doaj/portality/templates/email/publisher_update_request_accepted.jinja2,5,23,0.21739130434782608
/home/runner/work/doaj/doaj/doaj/portality/templates/email/publisher_update_request_rejected.jinja2,4,25,0.16
/home/runner/work/doaj/doaj/doaj/portality/templates/email/publisher_update_request_received.jinja2,3,23,0.13043478260869565
/home/runner/work/doaj/doaj/doaj/portality/templates/email/account_password_reset.jinja2,4,18,0.2222222222222222
/home/runner/work/doaj/doaj/doaj/portality/templates/email/assoc_editor_journal_assigned.jinja2,4,16,0.25
/home/runner/work/doaj/doaj/doaj/portality/templates/email/publisher_update_request_revisions.jinja2,3,19,0.15789473684210525
/home/runner/work/doaj/doaj/doaj/portality/templates/email/publisher_update_request_editor_assigned.jinja2,3,19,0.15789473684210525
/home/runner/work/doaj/doaj/doaj/portality/templates/email/publisher_update_request_inprogress.jinja2,4,20,0.2
/home/runner/work/doaj/doaj/doaj/portality/templates/email/assoc_editor_application_inprogress.jinja2,4,14,0.2857142857142857
/home/runner/work/doaj/doaj/doaj/portality/templates/email/notification_email.jinja2,0,13,0.0
/home/runner/work/doaj/doaj/doaj/portality/templates/email/account_created.jinja2,4,23,0.17391304347826086
/home/runner/work/doaj/doaj/doaj/portality/templates/email/admin_application_ready.jinja2,4,12,0.3333333333333333
/home/runner/work/doaj/doaj/doaj/portality/templates/email/publisher_application_received.jinja2,5,33,0.15151515151515152
/home/runner/work/doaj/doaj/doaj/portality/templates/email/editor_application_inprogress.jinja2,4,15,0.26666666666666666
/home/runner/work/doaj/doaj/doaj/portality/templates/email/editor_journal_assigned_group.jinja2,4,16,0.25
/home/runner/work/doaj/doaj/doaj/portality/templates/email/workflow_reminder_fragments/admin_ready_frag,0,2,0.0
/home/runner/work/doaj/doaj/doaj/portality/templates/email/workflow_reminder_fragments/editor_age_frag,0,3,0.0
/home/runner/work/doaj/doaj/doaj/portality/templates/email/workflow_reminder_fragments/admin_age_frag,0,1,0.0
/home/runner/work/doaj/doaj/doaj/portality/templates/email/workflow_reminder_fragments/assoc_ed_age_frag,0,6,0.0
/home/runner/work/doaj/doaj/doaj/portality/templates/email/workflow_reminder_fragments/editor_groupcount_frag,0,3,0.0
/home/runner/work/doaj/doaj/doaj/portality/templates/includes/_back-to-top.html,0,1,0.0
/home/runner/work/doaj/doaj/doaj/portality/templates/includes/header-secondary-navigation.html,0,30,0.0
/home/runner/work/doaj/doaj/doaj/portality/templates/includes/_wechat_modal.html,0,12,0.0
/home/runner/work/doaj/doaj/doaj/portality/templates/includes/_sidenav_toc.html,0,19,0.0
/home/runner/work/doaj/doaj/doaj/portality/templates/includes/_sidenav_donation.html,0,22,0.0
/home/runner/work/doaj/doaj/doaj/portality/templates/includes/_header-secondary-navigation-account.html,0,54,0.0
/home/runner/work/doaj/doaj/doaj/portality/templates/includes/menu-items.html,0,20,0.0
/home/runner/work/doaj/doaj/doaj/portality/templates/includes/_quick_search_modal.html,0,33,0.0
/home/runner/work/doaj/doaj/doaj/portality/templates/includes/header-primary-navigation.html,0,28,0.0
/home/runner/work/doaj/doaj/doaj/portality/templates/includes/footer.html,0,62,0.0
/home/runner/work/doaj/doaj/doaj/portality/templates/includes/_aside_in_case_of_rejection.html,0,12,0.0
/home/runner/work/doaj/doaj/doaj/portality/templates/includes/_nav_modals.html,0,9,0.0
/home/runner/work/doaj/doaj/doaj/portality/templates/includes/_hotjar.html,0,14,0.0
/home/runner/work/doaj/doaj/doaj/portality/templates/includes/header.html,0,69,0.0
/home/runner/work/doaj/doaj/doaj/portality/templates/includes/search-help-modal.html,0,23,0.0
/home/runner/work/doaj/doaj/doaj/portality/templates/includes/_flash_notification.html,0,31,0.0
/home/runner/work/doaj/doaj/doaj/portality/templates/includes/_todo_item.html,0,47,0.0
/home/runner/work/doaj/doaj/doaj/portality/templates/includes/footer-column.html,0,9,0.0
/home/runner/work/doaj/doaj/doaj/portality/templates/includes/contribution_rates.html,0,302,0.0
/home/runner/work/doaj/doaj/doaj/portality/templates/layouts/static_page.html,0,32,0.0
/home/runner/work/doaj/doaj/doaj/portality/templates/layouts/single_col_page.html,0,11,0.0
/home/runner/work/doaj/doaj/doaj/portality/templates/layouts/public_base.html,0,38,0.0
/home/runner/work/doaj/doaj/doaj/portality/templates/layouts/sidenav.html,0,53,0.0
/home/runner/work/doaj/doaj/doaj/portality/templates/layouts/base.html,0,72,0.0
/home/runner/work/doaj/doaj/doaj/portality/templates/layouts/dashboard_base.html,4,122,0.03278688524590164
/home/runner/work/doaj/doaj/doaj/portality/templates/layouts/no-sidenav.html,0,23,0.0
/home/runner/work/doaj/doaj/doaj/portality/lib/edges.py,4,61,0.06557377049180328
/home/runner/work/doaj/doaj/doaj/portality/lib/analytics.py,1,172,0.005813953488372093
/home/runner/work/doaj/doaj/doaj/portality/lib/normalise.py,0,59,0.0
/home/runner/work/doaj/doaj/doaj/portality/lib/dates.py,1,118,0.00847457627118644
/home/runner/work/doaj/doaj/doaj/portality/lib/anon.py,1,24,0.041666666666666664
/home/runner/work/doaj/doaj/doaj/portality/lib/dataobj.py,0,1384,0.0
/home/runner/work/doaj/doaj/doaj/portality/lib/query_filters.py,1,374,0.00267379679144385
/home/runner/work/doaj/doaj/doaj/portality/lib/isolang.py,0,48,0.0
/home/runner/work/doaj/doaj/doaj/portality/lib/formulaic.py,11,997,0.011033099297893681
/home/runner/work/doaj/doaj/doaj/portality/lib/xmlutil.py,0,65,0.0
/home/runner/work/doaj/doaj/doaj/portality/lib/argvalidate.py,0,14,0.0
/home/runner/work/doaj/doaj/doaj/portality/lib/modeldoc.py,0,148,0.0
/home/runner/work/doaj/doaj/doaj/portality/lib/coerce.py,5,132,0.03787878787878788
/home/runner/work/doaj/doaj/doaj/portality/lib/swagger.py,0,113,0.0
/home/runner/work/doaj/doaj/doaj/portality/lib/nav.py,0,20,0.0
/home/runner/work/doaj/doaj/doaj/portality/lib/__init__.py,0,0,1.0
/home/runner/work/doaj/doaj/doaj/portality/lib/paths.py,0,33,0.0
/home/runner/work/doaj/doaj/doaj/portality/lib/plugin.py,0,67,0.0
/home/runner/work/doaj/doaj/doaj/portality/lib/plausible.py,1,98,0.01020408163265306
/home/runner/work/doaj/doaj/doaj/portality/lib/httputil.py,0,238,0.0
/home/runner/work/doaj/doaj/doaj/portality/lib/report_to_csv.py,0,22,0.0
/home/runner/work/doaj/doaj/doaj/portality/lib/es_queries.py,0,9,0.0
/home/runner/work/doaj/doaj/doaj/portality/lib/es_data_mapping.py,3,53,0.05660377358490566
/home/runner/work/doaj/doaj/doaj/portality/lib/seamlessdoc.py,0,149,0.0
/home/runner/work/doaj/doaj/doaj/portality/lib/seamless.py,0,1041,0.0
/home/runner/work/doaj/doaj/doaj/deploy/doaj_static_gunicorn_config.py,0,14,0.0
/home/runner/work/doaj/doaj/doaj/deploy/doaj_test_gunicorn_config.py,0,16,0.0
/home/runner/work/doaj/doaj/doaj/deploy/robots-test.txt,0,2,0.0
/home/runner/work/doaj/doaj/doaj/deploy/deploy.sh,0,63,0.0
/home/runner/work/doaj/doaj/doaj/deploy/robots-production.txt,0,9,0.0
/home/runner/work/doaj/doaj/doaj/deploy/ci_deploy_static.sh,0,42,0.0
/home/runner/work/doaj/doaj/doaj/deploy/doaj_gunicorn_config.py,0,16,0.0
/home/runner/work/doaj/doaj/doaj/deploy/kibana_machine/prune_indexes.py,0,42,0.0
/home/runner/work/doaj/doaj/doaj/deploy/kibana_machine/README.md,1,20,0.05
/home/runner/work/doaj/doaj/doaj/deploy/kibana_machine/release_read_only.py,0,18,0.0
/home/runner/work/doaj/doaj/doaj/deploy/logstash/filebeat-nginx.conf,0,58,0.0
/home/runner/work/doaj/doaj/doaj/deploy/new_infrastructure_migration_scripts/copy_data_from_live_to_new.py,0,46,0.0
/home/runner/work/doaj/doaj/doaj/deploy/nginx/doaj-test,0,122,0.0
/home/runner/work/doaj/doaj/doaj/deploy/nginx/doaj,0,274,0.0
/home/runner/work/doaj/doaj/doaj/deploy/nginx/doaj-redirects.map,0,26,0.0
/home/runner/work/doaj/doaj/doaj/deploy/supervisor/test/doaj.conf,0,10,0.0
/home/runner/work/doaj/doaj/doaj/deploy/supervisor/test/kafka-consumer.conf,0,9,0.0
/home/runner/work/doaj/doaj/doaj/deploy/supervisor/test/huey-main.conf,0,9,0.0
/home/runner/work/doaj/doaj/doaj/deploy/supervisor/test/doaj-static.conf,0,10,0.0
/home/runner/work/doaj/doaj/doaj/deploy/supervisor/test/huey-long-running.conf,0,9,0.0
/home/runner/work/doaj/doaj/doaj/deploy/supervisor/production/doaj.conf,0,10,0.0
/home/runner/work/doaj/doaj/doaj/deploy/supervisor/production/kafka-consumer.conf,0,9,0.0
/home/runner/work/doaj/doaj/doaj/deploy/supervisor/production-background/huey-main.conf,0,9,0.0
/home/runner/work/doaj/doaj/doaj/deploy/supervisor/production-background/huey-long-running.conf,0,9,0.0
/home/runner/work/doaj/doaj/doaj/deploy/lambda/alert_backups_missing.py,1,101,0.009900990099009901
/home/runner/work/doaj/doaj/doaj/deploy/logrotate/doaj-nginx,0,25,0.0
/home/runner/work/doaj/doaj/doaj/deploy/logrotate/doaj-test-nginx,0,20,0.0
/home/runner/work/doaj/doaj/doaj/deploy/logrotate/README.md,0,33,0.0
/home/runner/work/doaj/doaj/doaj/deploy/logrotate/doaj-analytics,0,13,0.0
/home/runner/work/doaj/doaj/doaj/deploy/systemd/kafka.service,0,15,0.0
/home/runner/work/doaj/doaj/doaj/deploy/systemd/README.md,0,6,0.0
/home/runner/work/doaj/doaj/doaj/deploy/systemd/zookeeper.service,0,13,0.0
/home/runner/work/doaj/doaj/doaj/deploy/dev/huey_long_running.sh,1,4,0.25
/home/runner/work/doaj/doaj/doaj/deploy/dev/huey_main_queue.sh,1,4,0.25
/home/runner/work/doaj/doaj/doaj/deploy/kafka_2.13-3.1.0/server.properties,0,150,0.0
/home/runner/work/doaj/doaj/doaj/doajtest/helpers.py,0,365,0.0
/home/runner/work/doaj/doaj/doaj/doajtest/README.md,0,35,0.0
/home/runner/work/doaj/doaj/doaj/doajtest/clonelive.py,0,14,0.0
/home/runner/work/doaj/doaj/doaj/doajtest/make_matrix.py,0,219,0.0
/home/runner/work/doaj/doaj/doaj/doajtest/__init__.py,0,0,1.0
/home/runner/work/doaj/doaj/doaj/doajtest/UI/pages/public_search_results.py,0,30,0.0
/home/runner/work/doaj/doaj/doaj/doajtest/UI/pages/main_page.py,0,16,0.0
/home/runner/work/doaj/doaj/doaj/doajtest/UI/pages/metadata_form.py,0,89,0.0
/home/runner/work/doaj/doaj/doaj/doajtest/UI/pages/login_page.py,0,19,0.0
/home/runner/work/doaj/doaj/doaj/doajtest/UI/tests/web_test.py,0,67,0.0
/home/runner/work/doaj/doaj/doaj/doajtest/UI/tests/config.json,0,4,0.0
/home/runner/work/doaj/doaj/doaj/doajtest/UI/tests/conftest.py,0,37,0.0
/home/runner/work/doaj/doaj/doaj/doajtest/example_files/incoming_application.json,0,103,0.0
/home/runner/work/doaj/doaj/doaj/doajtest/functional/bulk_api.py,0,64,0.0
/home/runner/work/doaj/doaj/doaj/doajtest/functional/stress_test.py,0,84,0.0
/home/runner/work/doaj/doaj/doaj/doajtest/functional/oaipmh_client_test.py,0,109,0.0
/home/runner/work/doaj/doaj/doaj/doajtest/functional/rate_test.py,0,54,0.0
/home/runner/work/doaj/doaj/doaj/doajtest/functional/make_todos.py,0,58,0.0
/home/runner/work/doaj/doaj/doaj/doajtest/functional/rate_test2.py,0,18,0.0
/home/runner/work/doaj/doaj/doaj/doajtest/functional/make_notifications.py,1,354,0.002824858757062147
/home/runner/work/doaj/doaj/doaj/doajtest/demo_scripts/async_workflow_notifications_demo.py,0,48,0.0
/home/runner/work/doaj/doaj/doaj/doajtest/unit_tester/bgtask_tester.py,0,10,0.0
/home/runner/work/doaj/doaj/doaj/doajtest/unit_tester/__init__.py,0,3,0.0
/home/runner/work/doaj/doaj/doaj/doajtest/fixtures/dois.py,0,42,0.0
/home/runner/work/doaj/doaj/doaj/doajtest/fixtures/article.py,0,273,0.0
/home/runner/work/doaj/doaj/doaj/doajtest/fixtures/article_doajxml.py,0,98,0.0
/home/runner/work/doaj/doaj/doaj/doajtest/fixtures/editors.py,0,32,0.0
/home/runner/work/doaj/doaj/doaj/doajtest/fixtures/provenance.py,0,129,0.0
/home/runner/work/doaj/doaj/doaj/doajtest/fixtures/snapshots.py,0,201,0.0
/home/runner/work/doaj/doaj/doaj/doajtest/fixtures/harvester.py,0,162,0.0
/home/runner/work/doaj/doaj/doaj/doajtest/fixtures/bibjson.py,0,85,0.0
/home/runner/work/doaj/doaj/doaj/doajtest/fixtures/issns.py,0,20,0.0
/home/runner/work/doaj/doaj/doaj/doajtest/fixtures/accounts.py,0,69,0.0
/home/runner/work/doaj/doaj/doaj/doajtest/fixtures/background.py,0,74,0.0
/home/runner/work/doaj/doaj/doaj/doajtest/fixtures/__init__.py,0,8,0.0
/home/runner/work/doaj/doaj/doaj/doajtest/fixtures/article_crossref.py,2,141,0.014184397163120567
/home/runner/work/doaj/doaj/doaj/doajtest/fixtures/v2/journals.py,0,212,0.0
/home/runner/work/doaj/doaj/doaj/doajtest/fixtures/v2/applications.py,0,159,0.0
/home/runner/work/doaj/doaj/doaj/doajtest/fixtures/v2/common.py,0,175,0.0
/home/runner/work/doaj/doaj/doaj/doajtest/fixtures/v2/__init__.py,0,2,0.0
/home/runner/work/doaj/doaj/doaj/doajtest/testbook/update_requests/update_requests.yml,0,75,0.0
/home/runner/work/doaj/doaj/doaj/doajtest/testbook/journal_form/associate_form.yml,1,38,0.02631578947368421
/home/runner/work/doaj/doaj/doaj/doajtest/testbook/journal_form/editor_form.yml,1,48,0.020833333333333332
/home/runner/work/doaj/doaj/doaj/doajtest/testbook/journal_form/maned_form.yml,1,88,0.011363636363636364
/home/runner/work/doaj/doaj/doaj/doajtest/testbook/public_site/subject_facet.yml,0,126,0.0
/home/runner/work/doaj/doaj/doaj/doajtest/testbook/public_site/public_search.yml,0,160,0.0
/home/runner/work/doaj/doaj/doaj/doajtest/testbook/public_site/home_page.yml,0,122,0.0
/home/runner/work/doaj/doaj/doaj/doajtest/testbook/administrative_search/editor_groups.yml,1,67,0.014925373134328358
/home/runner/work/doaj/doaj/doaj/doajtest/testbook/administrative_search/background_jobs.yml,1,60,0.016666666666666666
/home/runner/work/doaj/doaj/doaj/doajtest/testbook/administrative_search/applications_update_requests.yml,2,134,0.014925373134328358
/home/runner/work/doaj/doaj/doaj/doajtest/testbook/administrative_search/users.yml,1,69,0.014492753623188406
/home/runner/work/doaj/doaj/doaj/doajtest/testbook/administrative_search/journals.yml,1,136,0.007352941176470588
/home/runner/work/doaj/doaj/doaj/doajtest/testbook/administrative_search/journals_and_articles_(admin).yml,1,126,0.007936507936507936
/home/runner/work/doaj/doaj/doaj/doajtest/testbook/articles_preservation/user_test_script.yml,1,77,0.012987012987012988
/home/runner/work/doaj/doaj/doaj/doajtest/testbook/article_metadata_upload_form/article_metadata_upload_form.yml,1,66,0.015151515151515152
/home/runner/work/doaj/doaj/doaj/doajtest/testbook/dashboard/editorial_group_status.yml,1,95,0.010526315789473684
/home/runner/work/doaj/doaj/doaj/doajtest/testbook/user_management/marketing_consent.yml,0,38,0.0
/home/runner/work/doaj/doaj/doaj/doajtest/testbook/user_management/user_management.yml,0,207,0.0
/home/runner/work/doaj/doaj/doaj/doajtest/testbook/publisher_search/update_requests.yml,0,81,0.0
/home/runner/work/doaj/doaj/doaj/doajtest/testbook/publisher_search/journals.yml,0,85,0.0
/home/runner/work/doaj/doaj/doaj/doajtest/testbook/admin_article_metadata_form/admin_article_metadata_form.yml,1,119,0.008403361344537815
/home/runner/work/doaj/doaj/doaj/doajtest/testbook/article_xml_upload/crossref-5.3.1.yml,1,307,0.003257328990228013
/home/runner/work/doaj/doaj/doaj/doajtest/testbook/article_xml_upload/crossref-4.4.2.yml,1,286,0.0034965034965034965
/home/runner/work/doaj/doaj/doaj/doajtest/testbook/article_xml_upload/article_doaj_xml_upload.yml,1,338,0.0029585798816568047
/home/runner/work/doaj/doaj/doaj/doajtest/testbook/new_application_form/publishers_form.yml,1,237,0.004219409282700422
/home/runner/work/doaj/doaj/doaj/doajtest/testbook/new_application_form/editor_form.yml,1,33,0.030303030303030304
/home/runner/work/doaj/doaj/doaj/doajtest/testbook/new_application_form/maned_form.yml,1,63,0.015873015873015872
/home/runner/work/doaj/doaj/doaj/doajtest/testbook/new_application_form/associate_editor_form.yml,1,31,0.03225806451612903
/home/runner/work/doaj/doaj/doaj/doajtest/testbook/publication_fees_information_toc/apc_information_on_toc.yml,0,166,0.0
/home/runner/work/doaj/doaj/doaj/doajtest/testbook/notifications/notifications.yml,0,100,0.0
/home/runner/work/doaj/doaj/doaj/doajtest/testbook/publisher_dashboards_drafts/publisher_dashboard.yml,0,135,0.0
/home/runner/work/doaj/doaj/doaj/doajtest/testbook/continuations/continuations.yml,1,206,0.0048543689320388345
/home/runner/work/doaj/doaj/doaj/doajtest/testbook/application_state_change/update_request_rejection.yml,2,147,0.013605442176870748
/home/runner/work/doaj/doaj/doaj/doajtest/testbook/application_state_change/application_state_change.yml,3,112,0.026785714285714284
/home/runner/work/doaj/doaj/doaj/doajtest/testbook/quick_reject/quick_reject_feature.yml,0,128,0.0
/home/runner/work/doaj/doaj/doaj/doajtest/testbook/associate_search/applications.yml,1,72,0.013888888888888888
/home/runner/work/doaj/doaj/doaj/doajtest/testbook/associate_search/journals.yml,1,57,0.017543859649122806
/home/runner/work/doaj/doaj/doaj/doajtest/testbook/bulk_edit/journals_articles.yml,4,293,0.013651877133105802
/home/runner/work/doaj/doaj/doaj/doajtest/testbook/bulk_edit/applications.yml,3,123,0.024390243902439025
/home/runner/work/doaj/doaj/doaj/doajtest/testbook/editor_search/applications.yml,1,70,0.014285714285714285
/home/runner/work/doaj/doaj/doaj/doajtest/testbook/editor_search/journals.yml,1,101,0.009900990099009901
/home/runner/work/doaj/doaj/doaj/doajtest/xml_upload_test_package/README.md,0,20,0.0
/home/runner/work/doaj/doaj/doaj/doajtest/xml_upload_test_package/orcid_invalid.xml,0,0,1.0
/home/runner/work/doaj/doaj/doaj/doajtest/xml_upload_test_package/invalid_language.xml,0,42,0.0
/home/runner/work/doaj/doaj/doaj/doajtest/xml_upload_test_package/admin_metadata_form_test_pack.xml,0,132,0.0
/home/runner/work/doaj/doaj/doaj/doajtest/xml_upload_test_package/orcid_id_invalid.xml,0,48,0.0
/home/runner/work/doaj/doaj/doaj/doajtest/xml_upload_test_package/DOAJ/unowned_issn.xml,0,47,0.0
/home/runner/work/doaj/doaj/doaj/doajtest/xml_upload_test_package/DOAJ/fulltext_invalid.xml,0,16,0.0
/home/runner/work/doaj/doaj/doaj/doajtest/xml_upload_test_package/DOAJ/update.xml,0,47,0.0
/home/runner/work/doaj/doaj/doaj/doajtest/xml_upload_test_package/DOAJ/successful.xml,0,49,0.0
/home/runner/work/doaj/doaj/doaj/doajtest/xml_upload_test_package/DOAJ/not_xml.xml,0,1,0.0
/home/runner/work/doaj/doaj/doaj/doajtest/xml_upload_test_package/DOAJ/shared_issn.xml,0,47,0.0
/home/runner/work/doaj/doaj/doaj/doajtest/xml_upload_test_package/DOAJ/no_issn.xml,0,45,0.0
/home/runner/work/doaj/doaj/doaj/doajtest/xml_upload_test_package/DOAJ/withdrawn_journal.xml,0,48,0.0
/home/runner/work/doaj/doaj/doaj/doajtest/xml_upload_test_package/DOAJ/unmatched_issn.xml,0,47,0.0
/home/runner/work/doaj/doaj/doaj/doajtest/xml_upload_test_package/DOAJ/duplicate_in_file.xml,0,86,0.0
/home/runner/work/doaj/doaj/doaj/doajtest/xml_upload_test_package/DOAJ/identical_issns.xml,0,47,0.0
/home/runner/work/doaj/doaj/doaj/doajtest/xml_upload_test_package/DOAJ/schema_invalid.xml,0,4,0.0
/home/runner/work/doaj/doaj/doaj/doajtest/xml_upload_test_package/Crossref/not_xml.xml,0,1,0.0
/home/runner/work/doaj/doaj/doaj/doajtest/xml_upload_test_package/Crossref/schema_invalid.xml,0,4,0.0
/home/runner/work/doaj/doaj/doaj/doajtest/xml_upload_test_package/Crossref/4.4.2/3_issns.xml,0,64,0.0
/home/runner/work/doaj/doaj/doaj/doajtest/xml_upload_test_package/Crossref/4.4.2/2_issns_1st_electronic_2nd_no_type.xml,0,63,0.0
/home/runner/work/doaj/doaj/doaj/doajtest/xml_upload_test_package/Crossref/4.4.2/2_issns_1st_print_2nd_electronic.xml,0,63,0.0
/home/runner/work/doaj/doaj/doaj/doajtest/xml_upload_test_package/Crossref/4.4.2/unowned_issn.xml,0,63,0.0
/home/runner/work/doaj/doaj/doaj/doajtest/xml_upload_test_package/Crossref/4.4.2/2_issns_1st_no_type_2nd_print.xml,0,63,0.0
/home/runner/work/doaj/doaj/doaj/doajtest/xml_upload_test_package/Crossref/4.4.2/update.xml,0,63,0.0
/home/runner/work/doaj/doaj/doaj/doajtest/xml_upload_test_package/Crossref/4.4.2/2_issns_1st_no_type_2nd_electronic.xml,0,63,0.0
/home/runner/work/doaj/doaj/doaj/doajtest/xml_upload_test_package/Crossref/4.4.2/successful.xml,0,66,0.0
/home/runner/work/doaj/doaj/doaj/doajtest/xml_upload_test_package/Crossref/4.4.2/title_with_html_tags.xml,0,63,0.0
/home/runner/work/doaj/doaj/doaj/doajtest/xml_upload_test_package/Crossref/4.4.2/shared_issn.xml,0,63,0.0
/home/runner/work/doaj/doaj/doaj/doajtest/xml_upload_test_package/Crossref/4.4.2/1_issn_no_type.xml,0,63,0.0
/home/runner/work/doaj/doaj/doaj/doajtest/xml_upload_test_package/Crossref/4.4.2/2_issns_1st_electronic_2nd_print.xml,0,63,0.0
/home/runner/work/doaj/doaj/doaj/doajtest/xml_upload_test_package/Crossref/4.4.2/no_issn.xml,0,61,0.0
/home/runner/work/doaj/doaj/doaj/doajtest/xml_upload_test_package/Crossref/4.4.2/1_issn_electronic.xml,0,63,0.0
/home/runner/work/doaj/doaj/doaj/doajtest/xml_upload_test_package/Crossref/4.4.2/2_issns_1st_print_2nd_no_type.xml,0,63,0.0
/home/runner/work/doaj/doaj/doaj/doajtest/xml_upload_test_package/Crossref/4.4.2/2_issns_no_types.xml,0,63,0.0
/home/runner/work/doaj/doaj/doaj/doajtest/xml_upload_test_package/Crossref/4.4.2/2_issns_same_types.xml,0,64,0.0
/home/runner/work/doaj/doaj/doaj/doajtest/xml_upload_test_package/Crossref/4.4.2/1_issn_print.xml,0,63,0.0
/home/runner/work/doaj/doaj/doaj/doajtest/xml_upload_test_package/Crossref/4.4.2/unmatched_issn.xml,0,63,0.0
/home/runner/work/doaj/doaj/doaj/doajtest/xml_upload_test_package/Crossref/4.4.2/duplicate_in_file.xml,0,110,0.0
/home/runner/work/doaj/doaj/doaj/doajtest/xml_upload_test_package/Crossref/4.4.2/identical_issns.xml,0,63,0.0
/home/runner/work/doaj/doaj/doaj/doajtest/xml_upload_test_package/Crossref/5.3.1/unowned_issn.xml,0,63,0.0
/home/runner/work/doaj/doaj/doaj/doajtest/xml_upload_test_package/Crossref/5.3.1/journal.article5.3.1.xml,0,180,0.0
/home/runner/work/doaj/doaj/doaj/doajtest/xml_upload_test_package/Crossref/5.3.1/update.xml,0,62,0.0
/home/runner/work/doaj/doaj/doaj/doajtest/xml_upload_test_package/Crossref/5.3.1/successful.xml,0,62,0.0
/home/runner/work/doaj/doaj/doaj/doajtest/xml_upload_test_package/Crossref/5.3.1/title_with_html_tags.xml,0,63,0.0
/home/runner/work/doaj/doaj/doaj/doajtest/xml_upload_test_package/Crossref/5.3.1/shared_issn.xml,0,63,0.0
/home/runner/work/doaj/doaj/doaj/doajtest/xml_upload_test_package/Crossref/5.3.1/no_issn.xml,0,61,0.0
/home/runner/work/doaj/doaj/doaj/doajtest/xml_upload_test_package/Crossref/5.3.1/unmatched_issn.xml,0,63,0.0
/home/runner/work/doaj/doaj/doaj/doajtest/xml_upload_test_package/Crossref/5.3.1/duplicate_in_file.xml,0,110,0.0
/home/runner/work/doaj/doaj/doaj/doajtest/xml_upload_test_package/Crossref/5.3.1/identical_issns.xml,0,63,0.0
/home/runner/work/doaj/doaj/doaj/doajtest/unit/test_query_filters.py,0,287,0.0
/home/runner/work/doaj/doaj/doaj/doajtest/unit/test_upgrade.py,0,79,0.0
/home/runner/work/doaj/doaj/doaj/doajtest/unit/test_fc_assed_app_review.py,0,285,0.0
/home/runner/work/doaj/doaj/doaj/doajtest/unit/test_snapshot_tasks.py,0,26,0.0
/home/runner/work/doaj/doaj/doaj/doajtest/unit/test_bll_authorisations.py,0,162,0.0
/home/runner/work/doaj/doaj/doaj/doajtest/unit/test_lib_normalise_doi.py,0,58,0.0
/home/runner/work/doaj/doaj/doaj/doajtest/unit/test_bll_journal_csv.py,0,215,0.0
/home/runner/work/doaj/doaj/doaj/doajtest/unit/test_bll_article_create_article.py,0,270,0.0
/home/runner/work/doaj/doaj/doaj/doajtest/unit/test_tick.py,0,64,0.0
/home/runner/work/doaj/doaj/doaj/doajtest/unit/test_workflow_emails.py,0,220,0.0
/home/runner/work/doaj/doaj/doaj/doajtest/unit/test_index_searchbox.py,0,63,0.0
/home/runner/work/doaj/doaj/doaj/doajtest/unit/test_oaipmh.py,0,391,0.0
/home/runner/work/doaj/doaj/doaj/doajtest/unit/test_task_article_bulk_delete.py,0,68,0.0
/home/runner/work/doaj/doaj/doaj/doajtest/unit/test_util.py,0,37,0.0
/home/runner/work/doaj/doaj/doaj/doajtest/unit/test_bll_article_issn_ownership_status.py,0,173,0.0
/home/runner/work/doaj/doaj/doaj/doajtest/unit/test_feed.py,0,94,0.0
/home/runner/work/doaj/doaj/doaj/doajtest/unit/test_admin_edit_metadata.py,0,150,0.0
/home/runner/work/doaj/doaj/doaj/doajtest/unit/test_models.py,0,1614,0.0
/home/runner/work/doaj/doaj/doaj/doajtest/unit/test_bll_article_discover_duplicates.py,0,194,0.0
/home/runner/work/doaj/doaj/doaj/doajtest/unit/test_tasks_anon_export.py,0,68,0.0
/home/runner/work/doaj/doaj/doaj/doajtest/unit/test_tasks_ingestarticles_schema_independent.py,0,141,0.0
/home/runner/work/doaj/doaj/doaj/doajtest/unit/test_bll_getters.py,0,124,0.0
/home/runner/work/doaj/doaj/doaj/doajtest/unit/test_task_journal_bulkedit.py,0,254,0.0
/home/runner/work/doaj/doaj/doaj/doajtest/unit/test_background_task_status.py,0,232,0.0
/home/runner/work/doaj/doaj/doaj/doajtest/unit/test_tasks_old_data_cleanup.py,0,85,0.0
/home/runner/work/doaj/doaj/doaj/doajtest/unit/test_task_suggestion_bulkedit.py,0,245,0.0
/home/runner/work/doaj/doaj/doaj/doajtest/unit/test_task_preservation.py,0,133,0.0
/home/runner/work/doaj/doaj/doaj/doajtest/unit/test_reserved_usernames.py,0,37,0.0
/home/runner/work/doaj/doaj/doaj/doajtest/unit/test_forms_application_processors_admin.py,0,72,0.0
/home/runner/work/doaj/doaj/doaj/doajtest/unit/test_bll_reject_application.py,0,115,0.0
/home/runner/work/doaj/doaj/doaj/doajtest/unit/test_bll_todo_top_todo.py,0,195,0.0
/home/runner/work/doaj/doaj/doaj/doajtest/unit/test_article_match.py,0,274,0.0
/home/runner/work/doaj/doaj/doaj/doajtest/unit/test_fc_maned_app_review.py,0,440,0.0
/home/runner/work/doaj/doaj/doaj/doajtest/unit/test_article_prepare_update_publisher.py,0,90,0.0
/home/runner/work/doaj/doaj/doaj/doajtest/unit/test_bll_article_is_legitimate_owner.py,0,118,0.0
/home/runner/work/doaj/doaj/doaj/doajtest/unit/test_tasks_ingestDOAJarticles.py,0,1942,0.0
/home/runner/work/doaj/doaj/doaj/doajtest/unit/test_form_validate.py,0,90,0.0
/home/runner/work/doaj/doaj/doaj/doajtest/unit/test_update_article.py,0,194,0.0
/home/runner/work/doaj/doaj/doaj/doajtest/unit/test_bll_accept_application.py,0,157,0.0
/home/runner/work/doaj/doaj/doaj/doajtest/unit/test_tasks_ingestCrossref531Articles.py,0,948,0.0
/home/runner/work/doaj/doaj/doaj/doajtest/unit/test_duplicate_report_script.py,0,184,0.0
/home/runner/work/doaj/doaj/doaj/doajtest/unit/test_crosswalks.py,0,140,0.0
/home/runner/work/doaj/doaj/doaj/doajtest/unit/test_article_acceptable_and_permissions.py,0,113,0.0
/home/runner/work/doaj/doaj/doaj/doajtest/unit/test_scripts_accounts_with_marketing_consent.py,0,73,0.0
/home/runner/work/doaj/doaj/doaj/doajtest/unit/test_bll_notifications_notification_seen.py,0,73,0.0
/home/runner/work/doaj/doaj/doaj/doajtest/unit/test_snapshot.py,0,77,0.0
/home/runner/work/doaj/doaj/doaj/doajtest/unit/test_harvester_state.py,0,159,0.0
/home/runner/work/doaj/doaj/doaj/doajtest/unit/test_query.py,0,341,0.0
/home/runner/work/doaj/doaj/doaj/doajtest/unit/test_create_article.py,0,222,0.0
/home/runner/work/doaj/doaj/doaj/doajtest/unit/test_toc.py,0,134,0.0
/home/runner/work/doaj/doaj/doaj/doajtest/unit/test_tasks_sitemap.py,0,34,0.0
/home/runner/work/doaj/doaj/doaj/doajtest/unit/test_bll_events.py,0,70,0.0
/home/runner/work/doaj/doaj/doaj/doajtest/unit/test_crosswalks_journal2questions.py,0,27,0.0
/home/runner/work/doaj/doaj/doaj/doajtest/unit/test_tasks_ingestCrossref442Articles.py,0,2188,0.0
/home/runner/work/doaj/doaj/doaj/doajtest/unit/test_task_journal_bulk_delete.py,0,64,0.0
/home/runner/work/doaj/doaj/doaj/doajtest/unit/test_article_cleanup_sync.py,0,282,0.0
/home/runner/work/doaj/doaj/doaj/doajtest/unit/test_reporting.py,0,280,0.0
/home/runner/work/doaj/doaj/doaj/doajtest/unit/test_harvester_empc_harvester.py,0,47,0.0
/home/runner/work/doaj/doaj/doaj/doajtest/unit/test_background.py,0,123,0.0
/home/runner/work/doaj/doaj/doaj/doajtest/unit/test_tasks_harvest.py,0,131,0.0
/home/runner/work/doaj/doaj/doaj/doajtest/unit/test_regexes.py,0,43,0.0
/home/runner/work/doaj/doaj/doaj/doajtest/unit/test_lib_es_query.py,0,75,0.0
/home/runner/work/doaj/doaj/doaj/doajtest/unit/test_scripts_accounts_delete_pub_no_journal.py,0,156,0.0
/home/runner/work/doaj/doaj/doaj/doajtest/unit/test_bll_article_get_duplicates.py,0,130,0.0
/home/runner/work/doaj/doaj/doaj/doajtest/unit/test_store.py,0,54,0.0
/home/runner/work/doaj/doaj/doaj/doajtest/unit/test_anon.py,0,107,0.0
/home/runner/work/doaj/doaj/doaj/doajtest/unit/test_tasks_public_data_dump.py,0,226,0.0
/home/runner/work/doaj/doaj/doaj/doajtest/unit/test_openurl.py,0,195,0.0
/home/runner/work/doaj/doaj/doaj/doajtest/unit/test_article_prepare_update_admin.py,0,81,0.0
/home/runner/work/doaj/doaj/doaj/doajtest/unit/test_background_helper.py,0,116,0.0
/home/runner/work/doaj/doaj/doaj/doajtest/unit/test_bll_update_request.py,0,152,0.0
/home/runner/work/doaj/doaj/doaj/doajtest/unit/test_formrender.py,0,156,0.0
/home/runner/work/doaj/doaj/doaj/doajtest/unit/run_test.sh,0,5,0.0
/home/runner/work/doaj/doaj/doaj/doajtest/unit/test_lib_plausible.py,0,75,0.0
/home/runner/work/doaj/doaj/doaj/doajtest/unit/test_bll_object_conversions.py,0,179,0.0
/home/runner/work/doaj/doaj/doaj/doajtest/unit/test_lock.py,0,122,0.0
/home/runner/work/doaj/doaj/doaj/doajtest/unit/test_prune_marvel.py,0,40,0.0
/home/runner/work/doaj/doaj/doaj/doajtest/unit/test_bll_notifications_notify.py,0,91,0.0
/home/runner/work/doaj/doaj/doaj/doajtest/unit/test_datasets.py,0,89,0.0
/home/runner/work/doaj/doaj/doaj/doajtest/unit/test_bll_site_sitemap.py,0,193,0.0
/home/runner/work/doaj/doaj/doaj/doajtest/unit/__init__.py,0,0,1.0
/home/runner/work/doaj/doaj/doaj/doajtest/unit/test_fc_editor_app_review.py,0,327,0.0
/home/runner/work/doaj/doaj/doaj/doajtest/unit/test_bll_delete_application.py,0,154,0.0
/home/runner/work/doaj/doaj/doaj/doajtest/unit/test_lib_normalise_url.py,0,62,0.0
/home/runner/work/doaj/doaj/doaj/doajtest/unit/test_bll_notifications_top_notifications.py,0,32,0.0
/home/runner/work/doaj/doaj/doaj/doajtest/unit/test_bll_article_batch_create_article.py,0,271,0.0
/home/runner/work/doaj/doaj/doaj/doajtest/unit/test_jinja_template_filters.py,0,42,0.0
/home/runner/work/doaj/doaj/doaj/doajtest/unit/test_es_snapshots_client.py,0,109,0.0
/home/runner/work/doaj/doaj/doaj/doajtest/unit/test_task_monitor_bgjobs.py,0,66,0.0
/home/runner/work/doaj/doaj/doaj/doajtest/unit/test_bll_application_unreject_application.py,0,145,0.0
/home/runner/work/doaj/doaj/doaj/doajtest/unit/test_withdraw_reinstate.py,0,199,0.0
/home/runner/work/doaj/doaj/doaj/doajtest/unit/test_forms_application_processors_public.py,0,123,0.0
/home/runner/work/doaj/doaj/doaj/doajtest/unit/event_consumers/test_application_publisher_in_progress_notify.py,0,70,0.0
/home/runner/work/doaj/doaj/doaj/doajtest/unit/event_consumers/test_application_publisher_revision_notify.py,0,67,0.0
/home/runner/work/doaj/doaj/doaj/doajtest/unit/event_consumers/test_bg_job_finished_notify.py,0,59,0.0
/home/runner/work/doaj/doaj/doaj/doajtest/unit/event_consumers/test_journal_editor_group_assigned_notify.py,0,75,0.0
/home/runner/work/doaj/doaj/doaj/doajtest/unit/event_consumers/test_account_passwordreset_email.py,0,85,0.0
/home/runner/work/doaj/doaj/doaj/doajtest/unit/event_consumers/test_update_request_publisher_accepted_notify.py,0,65,0.0
/home/runner/work/doaj/doaj/doaj/doajtest/unit/event_consumers/test_application_editor_completed_notify.py,0,68,0.0
/home/runner/work/doaj/doaj/doaj/doajtest/unit/event_consumers/test_application_maned_ready_notify.py,0,68,0.0
/home/runner/work/doaj/doaj/doaj/doajtest/unit/event_consumers/test_journal_assed_assigned_notify.py,0,67,0.0
/home/runner/work/doaj/doaj/doaj/doajtest/unit/event_consumers/test_application_publisher_quickreject_notify.py,0,87,0.0
/home/runner/work/doaj/doaj/doaj/doajtest/unit/event_consumers/test_application_publisher_accepted_notify.py,0,66,0.0
/home/runner/work/doaj/doaj/doaj/doajtest/unit/event_consumers/test_application_editor_group_assigned_notify.py,0,75,0.0
/home/runner/work/doaj/doaj/doaj/doajtest/unit/event_consumers/test_application_publisher_assigned_notify.py,0,74,0.0
/home/runner/work/doaj/doaj/doaj/doajtest/unit/event_consumers/test_application_assed_inprogress_notify.py,0,69,0.0
/home/runner/work/doaj/doaj/doaj/doajtest/unit/event_consumers/test_application_editor_inprogress_notify.py,0,72,0.0
/home/runner/work/doaj/doaj/doaj/doajtest/unit/event_consumers/test_account_created_email.py,0,85,0.0
/home/runner/work/doaj/doaj/doaj/doajtest/unit/event_consumers/test_application_assed_assigned_notify.py,0,67,0.0
/home/runner/work/doaj/doaj/doaj/doajtest/unit/event_consumers/test_update_request_publisher_rejected_notify.py,0,77,0.0
/home/runner/work/doaj/doaj/doaj/doajtest/unit/event_consumers/__init__.py,0,0,1.0
/home/runner/work/doaj/doaj/doaj/doajtest/unit/event_consumers/test_update_request_publisher_assigned_notify.py,0,73,0.0
/home/runner/work/doaj/doaj/doaj/doajtest/unit/event_consumers/test_application_publisher_created_notify.py,0,60,0.0
/home/runner/work/doaj/doaj/doaj/doajtest/unit/resources/create_application.json,0,120,0.0
/home/runner/work/doaj/doaj/doaj/doajtest/unit/resources/crossref531_article_uploads.xml,0,89,0.0
/home/runner/work/doaj/doaj/doaj/doajtest/unit/resources/superlong_fail.xml,0,609,0.0
/home/runner/work/doaj/doaj/doaj/doajtest/unit/resources/migrate.json,0,20,0.0
/home/runner/work/doaj/doaj/doaj/doajtest/unit/resources/harvester_resp.json,0,203,0.0
/home/runner/work/doaj/doaj/doaj/doajtest/unit/resources/create_article.json,0,58,0.0
/home/runner/work/doaj/doaj/doaj/doajtest/unit/resources/articles_metadata_form.py,0,64,0.0
/home/runner/work/doaj/doaj/doaj/doajtest/unit/resources/partialimport.xml,0,313,0.0
/home/runner/work/doaj/doaj/doaj/doajtest/unit/resources/crossref442_article_uploads.xml,0,2174,0.0
/home/runner/work/doaj/doaj/doaj/doajtest/unit/resources/articlematch.xml,0,313,0.0
/home/runner/work/doaj/doaj/doaj/doajtest/unit/resources/superlong_success.xml,0,455,0.0
/home/runner/work/doaj/doaj/doaj/doajtest/unit/resources/doajxml_article_uploads.xml,0,1825,0.0
/home/runner/work/doaj/doaj/doaj/doajtest/unit/api_tests/test_apiv3_bulk_application.py,0,202,0.0
/home/runner/work/doaj/doaj/doaj/doajtest/unit/api_tests/test_api_client.py,0,30,0.0
/home/runner/work/doaj/doaj/doaj/doajtest/unit/api_tests/test_apiv3_dataobj.py,0,116,0.0
/home/runner/work/doaj/doaj/doaj/doajtest/unit/api_tests/test_api_errors.py,0,82,0.0
/home/runner/work/doaj/doaj/doaj/doajtest/unit/api_tests/test_apiv3_crud_journal.py,0,125,0.0
/home/runner/work/doaj/doaj/doaj/doajtest/unit/api_tests/test_api_crud_returnvalues.py,0,223,0.0
/home/runner/work/doaj/doaj/doaj/doajtest/unit/api_tests/test_apiv3_crud_application.py,0,834,0.0
/home/runner/work/doaj/doaj/doaj/doajtest/unit/api_tests/test_api_account.py,0,111,0.0
/home/runner/work/doaj/doaj/doaj/doajtest/unit/api_tests/test_api_crud_article.py,0,842,0.0
/home/runner/work/doaj/doaj/doaj/doajtest/unit/api_tests/__init__.py,0,0,1.0
/home/runner/work/doaj/doaj/doaj/doajtest/unit/api_tests/test_apiv3_discovery.py,0,469,0.0
/home/runner/work/doaj/doaj/doaj/doajtest/unit/api_tests/test_api_bulk_article.py,0,443,0.0
/home/runner/work/doaj/doaj/doaj/doajtest/unit/application_processors/test_editor_journal_review.py,0,115,0.0
/home/runner/work/doaj/doaj/doaj/doajtest/unit/application_processors/test_application_processor_emails.py,0,1383,0.0
/home/runner/work/doaj/doaj/doaj/doajtest/unit/application_processors/test_new_application.py,0,108,0.0
/home/runner/work/doaj/doaj/doaj/doajtest/unit/application_processors/test_maned_journal_review.py,0,224,0.0
/home/runner/work/doaj/doaj/doaj/doajtest/unit/application_processors/test_assed_journal_review.py,0,111,0.0
/home/runner/work/doaj/doaj/doaj/doajtest/unit/application_processors/test_readonly_journal.py,0,88,0.0
/home/runner/work/doaj/doaj/doaj/doajtest/unit/application_processors/__init__.py,0,0,1.0
/home/runner/work/doaj/doaj/doaj/doajtest/unit/application_processors/test_publisher_update_request.py,0,369,0.0
/home/runner/work/doaj/doaj/doaj/doajtest/mocks/response.py,0,65,0.0
/home/runner/work/doaj/doaj/doaj/doajtest/mocks/file.py,0,12,0.0
/home/runner/work/doaj/doaj/doaj/doajtest/mocks/events_Consumer.py,0,29,0.0
/home/runner/work/doaj/doaj/doaj/doajtest/mocks/model_Cache.py,0,49,0.0
/home/runner/work/doaj/doaj/doaj/doajtest/mocks/model_Journal.py,0,42,0.0
/home/runner/work/doaj/doaj/doaj/doajtest/mocks/bll_article.py,0,168,0.0
/home/runner/work/doaj/doaj/doaj/doajtest/mocks/model_Article.py,0,36,0.0
/home/runner/work/doaj/doaj/doaj/doajtest/mocks/preservation.py,0,228,0.0
/home/runner/work/doaj/doaj/doaj/doajtest/mocks/bll_notification.py,0,12,0.0
/home/runner/work/doaj/doaj/doaj/doajtest/mocks/ftp.py,0,64,0.0
/home/runner/work/doaj/doaj/doaj/doajtest/mocks/models_Cache.py,0,53,0.0
/home/runner/work/doaj/doaj/doaj/doajtest/mocks/xwalk.py,0,6,0.0
/home/runner/work/doaj/doaj/doaj/doajtest/mocks/store.py,0,37,0.0
/home/runner/work/doaj/doaj/doaj/doajtest/mocks/__init__.py,0,0,1.0
/home/runner/work/doaj/doaj/doaj/cms/README.md,3,223,0.013452914798206279
/home/runner/work/doaj/doaj/doaj/cms/test-page.html,1,427,0.00234192037470726
/home/runner/work/doaj/doaj/doaj/cms/data/advisory-board-council.yml,1,154,0.006493506493506494
/home/runner/work/doaj/doaj/doaj/cms/data/ambassadors.yml,1,153,0.006535947712418301
/home/runner/work/doaj/doaj/doaj/cms/data/editorial-subcommittee.yml,1,64,0.015625
/home/runner/work/doaj/doaj/doaj/cms/data/notifications.yml,1,144,0.006944444444444444
/home/runner/work/doaj/doaj/doaj/cms/data/promo.yml,1,37,0.02702702702702703
/home/runner/work/doaj/doaj/doaj/cms/data/nav.yml,41,129,0.3178294573643411
/home/runner/work/doaj/doaj/doaj/cms/data/volunteers.yml,1,887,0.0011273957158962795
/home/runner/work/doaj/doaj/doaj/cms/data/sponsors.yml,1,116,0.008620689655172414
/home/runner/work/doaj/doaj/doaj/cms/data/team.yml,1,189,0.005291005291005291
/home/runner/work/doaj/doaj/doaj/cms/data/publisher-supporters.yml,1,55,0.01818181818181818
/home/runner/work/doaj/doaj/doaj/cms/data/supporters.yml,1,42,0.023809523809523808
/home/runner/work/doaj/doaj/doaj/cms/pages/docs/widgets.md,4,112,0.03571428571428571
/home/runner/work/doaj/doaj/doaj/cms/pages/docs/oai-pmh.md,3,291,0.010309278350515464
/home/runner/work/doaj/doaj/doaj/cms/pages/docs/xml.md,1,250,0.004
/home/runner/work/doaj/doaj/doaj/cms/pages/docs/openurl.md,1,31,0.03225806451612903
/home/runner/work/doaj/doaj/doaj/cms/pages/docs/public-data-dump.md,2,46,0.043478260869565216
/home/runner/work/doaj/doaj/doaj/cms/pages/docs/faq.md,1,85,0.011764705882352941
/home/runner/work/doaj/doaj/doaj/cms/pages/apply/publisher-responsibilities.md,1,19,0.05263157894736842
/home/runner/work/doaj/doaj/doaj/cms/pages/apply/thank-you.md,1,24,0.041666666666666664
/home/runner/work/doaj/doaj/doaj/cms/pages/apply/transparency.md,1,198,0.005050505050505051
/home/runner/work/doaj/doaj/doaj/cms/pages/apply/guide.md,1,240,0.004166666666666667
/home/runner/work/doaj/doaj/doaj/cms/pages/apply/why-index.md,1,24,0.041666666666666664
/home/runner/work/doaj/doaj/doaj/cms/pages/apply/copyright-and-licensing.md,1,51,0.0196078431372549
/home/runner/work/doaj/doaj/doaj/cms/pages/apply/draft_saved.md,1,9,0.1111111111111111
/home/runner/work/doaj/doaj/doaj/cms/pages/apply/seal.md,1,49,0.02040816326530612
/home/runner/work/doaj/doaj/doaj/cms/pages/about/ambassadors.md,1,12,0.08333333333333333
/home/runner/work/doaj/doaj/doaj/cms/pages/about/index.md,1,91,0.01098901098901099
/home/runner/work/doaj/doaj/doaj/cms/pages/about/volunteers.md,1,18,0.05555555555555555
/home/runner/work/doaj/doaj/doaj/cms/pages/about/team.md,1,11,0.09090909090909091
/home/runner/work/doaj/doaj/doaj/cms/pages/about/editorial-subcommittee.md,1,12,0.08333333333333333
/home/runner/work/doaj/doaj/doaj/cms/pages/about/advisory-board-council.md,1,9,0.1111111111111111
/home/runner/work/doaj/doaj/doaj/cms/pages/preservation/index.md,1,86,0.011627906976744186
/home/runner/work/doaj/doaj/doaj/cms/pages/support/publisher-supporters.md,2,36,0.05555555555555555
/home/runner/work/doaj/doaj/doaj/cms/pages/support/index.md,2,20,0.1
/home/runner/work/doaj/doaj/doaj/cms/pages/support/thank-you.md,1,13,0.07692307692307693
/home/runner/work/doaj/doaj/doaj/cms/pages/support/supporters.md,1,18,0.05555555555555555
/home/runner/work/doaj/doaj/doaj/cms/pages/legal/media.md,1,28,0.03571428571428571
/home/runner/work/doaj/doaj/doaj/cms/pages/legal/terms.md,1,63,0.015873015873015872
/home/runner/work/doaj/doaj/doaj/cms/pages/legal/accessibility.md,1,98,0.01020408163265306
/home/runner/work/doaj/doaj/doaj/cms/pages/legal/privacy.md,1,197,0.005076142131979695
/home/runner/work/doaj/doaj/doaj/cms/pages/legal/contact.md,1,17,0.058823529411764705
/home/runner/work/doaj/doaj/doaj/data_import_settings/README.md,4,19,0.21052631578947367
/home/runner/work/doaj/doaj/doaj/scratchpad/event_trigger.py,0,9,0.0
/home/runner/work/doaj/doaj/doaj/scratchpad/duplicate_articles/duplicate_articles.py,0,88,0.0
/home/runner/work/doaj/doaj/doaj/scratchpad/issue290/orphan_issns.py,0,97,0.0
