DOAJ:Documentation,README.md#L2,https://github.com/DOAJ/doaj/blob/feature/3519_application_annotation_backend/README.md#L2
LCCXML:Data,lccSubjects.xml#L1,https://github.com/DOAJ/doaj/blob/feature/3519_application_annotation_backend/lccSubjects.xml#L1
AuthNZ:Feature,portality/authorise.py#L5,https://github.com/DOAJ/doaj/blob/feature/3519_application_annotation_backend/portality/authorise.py#L5
DataSets:Data,portality/datasets.py#L2,https://github.com/DOAJ/doaj/blob/feature/3519_application_annotation_backend/portality/datasets.py#L2
Countries:Data,portality/datasets.py#L13,https://github.com/DOAJ/doaj/blob/feature/3519_application_annotation_backend/portality/datasets.py#L13
Currencies:Data,portality/datasets.py#L29,https://github.com/DOAJ/doaj/blob/feature/3519_application_annotation_backend/portality/datasets.py#L29
Languages:Data,portality/datasets.py#L46,https://github.com/DOAJ/doaj/blob/feature/3519_application_annotation_backend/portality/datasets.py#L46
Email:Library,portality/app_email.py#L1,https://github.com/DOAJ/doaj/blob/feature/3519_application_annotation_backend/portality/app_email.py#L1
DOAJ:WebApp,portality/app.py#L10,https://github.com/DOAJ/doaj/blob/feature/3519_application_annotation_backend/portality/app.py#L10
FileStore:Feature,portality/store.py#L42,https://github.com/DOAJ/doaj/blob/feature/3519_application_annotation_backend/portality/store.py#L42
FileStoreS3:Feature,portality/store.py#L76,https://github.com/DOAJ/doaj/blob/feature/3519_application_annotation_backend/portality/store.py#L76
Constants:Config,portality/constants.py#L1,https://github.com/DOAJ/doaj/blob/feature/3519_application_annotation_backend/portality/constants.py#L1
Lock:Feature,portality/lock.py#L2,https://github.com/DOAJ/doaj/blob/feature/3519_application_annotation_backend/portality/lock.py#L2
Lock:Query,portality/lock.py#L176,https://github.com/DOAJ/doaj/blob/feature/3519_application_annotation_backend/portality/lock.py#L176
DomainObject:Model,portality/dao.py#L47,https://github.com/DOAJ/doaj/blob/feature/3519_application_annotation_backend/portality/dao.py#L47
SearchURLGenerator:Feature,portality/dao.py#L1008,https://github.com/DOAJ/doaj/blob/feature/3519_application_annotation_backend/portality/dao.py#L1008
LoginManager:Feature,portality/core.py#L26,https://github.com/DOAJ/doaj/blob/feature/3519_application_annotation_backend/portality/core.py#L26
CreateApp:Framework,portality/core.py#L37,https://github.com/DOAJ/doaj/blob/feature/3519_application_annotation_backend/portality/core.py#L37
CrossrefXML:Feature,portality/core.py#L135,https://github.com/DOAJ/doaj/blob/feature/3519_application_annotation_backend/portality/core.py#L135
ElasticConnection:Framework,portality/core.py#L168,https://github.com/DOAJ/doaj/blob/feature/3519_application_annotation_backend/portality/core.py#L168
InitialiseIndex:Framework,portality/core.py#L224,https://github.com/DOAJ/doaj/blob/feature/3519_application_annotation_backend/portality/core.py#L224
APM:Feature,portality/core.py#L252,https://github.com/DOAJ/doaj/blob/feature/3519_application_annotation_backend/portality/core.py#L252
ProxyFix:Framework,portality/core.py#L267,https://github.com/DOAJ/doaj/blob/feature/3519_application_annotation_backend/portality/core.py#L267
CMS:Build,portality/core.py#L324,https://github.com/DOAJ/doaj/blob/feature/3519_application_annotation_backend/portality/core.py#L324
ErrorHandler:Feature,portality/error_handler.py#L46,https://github.com/DOAJ/doaj/blob/feature/3519_application_annotation_backend/portality/error_handler.py#L46
Swagger:Feature,portality/decorators.py#L15,https://github.com/DOAJ/doaj/blob/feature/3519_application_annotation_backend/portality/decorators.py#L15
APIKey:Feature,portality/decorators.py#L29; portality/decorators.py#L48,https://github.com/DOAJ/doaj/blob/feature/3519_application_annotation_backend/portality/decorators.py#L29; https://github.com/DOAJ/doaj/blob/feature/3519_application_annotation_backend/portality/decorators.py#L48
SSLRequired:Feature,portality/decorators.py#L70,https://github.com/DOAJ/doaj/blob/feature/3519_application_annotation_backend/portality/decorators.py#L70
Authorisation:Feature,portality/decorators.py#L88,https://github.com/DOAJ/doaj/blob/feature/3519_application_annotation_backend/portality/decorators.py#L88
ReadOnlyMode:Feature,portality/decorators.py#L103,https://github.com/DOAJ/doaj/blob/feature/3519_application_annotation_backend/portality/decorators.py#L103
CaptureSigterm:Feature,portality/decorators.py#L140,https://github.com/DOAJ/doaj/blob/feature/3519_application_annotation_backend/portality/decorators.py#L140
Migrations:Framework,portality/upgrade.py#L2,https://github.com/DOAJ/doaj/blob/feature/3519_application_annotation_backend/portality/upgrade.py#L2
DOI:Regex,portality/regex.py#L3,https://github.com/DOAJ/doaj/blob/feature/3519_application_annotation_backend/portality/regex.py#L3
ORCID:Regex,portality/regex.py#L7,https://github.com/DOAJ/doaj/blob/feature/3519_application_annotation_backend/portality/regex.py#L7
ISSN:Regex,portality/regex.py#L11,https://github.com/DOAJ/doaj/blob/feature/3519_application_annotation_backend/portality/regex.py#L11
Date:Regex,portality/regex.py#L15,https://github.com/DOAJ/doaj/blob/feature/3519_application_annotation_backend/portality/regex.py#L15
URL:Regex,portality/regex.py#L19,https://github.com/DOAJ/doaj/blob/feature/3519_application_annotation_backend/portality/regex.py#L19
BackgroundTasks:Feature,portality/background.py#L39; portality/tasks/helpers/background_helper.py#L2,https://github.com/DOAJ/doaj/blob/feature/3519_application_annotation_backend/portality/background.py#L39; https://github.com/DOAJ/doaj/blob/feature/3519_application_annotation_backend/portality/tasks/helpers/background_helper.py#L2
BackgroundTask:Process,portality/background.py#L110,https://github.com/DOAJ/doaj/blob/feature/3519_application_annotation_backend/portality/background.py#L110
AdminBackgroundTask:Process,portality/background.py#L191,https://github.com/DOAJ/doaj/blob/feature/3519_application_annotation_backend/portality/background.py#L191
Elasticsearch:Technology,portality/util.py#L133,https://github.com/DOAJ/doaj/blob/feature/3519_application_annotation_backend/portality/util.py#L133
ReCAPTCHA:ExternalService,portality/util.py#L142,https://github.com/DOAJ/doaj/blob/feature/3519_application_annotation_backend/portality/util.py#L142
AppSettings:Config,portality/settings.py#L2,https://github.com/DOAJ/doaj/blob/feature/3519_application_annotation_backend/portality/settings.py#L2
LCC:Data,portality/lcc.py#L2,https://github.com/DOAJ/doaj/blob/feature/3519_application_annotation_backend/portality/lcc.py#L2
UploadMetadata:Feature,portality/view/publisher.py#L183,https://github.com/DOAJ/doaj/blob/feature/3519_application_annotation_backend/portality/view/publisher.py#L183
Admin:Blueprint,portality/view/admin.py#L31,https://github.com/DOAJ/doaj/blob/feature/3519_application_annotation_backend/portality/view/admin.py#L31
JournalForm:Page,portality/view/admin.py#L193,https://github.com/DOAJ/doaj/blob/feature/3519_application_annotation_backend/portality/view/admin.py#L193
DOAJ:Blueprint,portality/view/doaj.py#L22,https://github.com/DOAJ/doaj/blob/feature/3519_application_annotation_backend/portality/view/doaj.py#L22
Media:WebRoute,portality/view/doaj.py#L431,https://github.com/DOAJ/doaj/blob/feature/3519_application_annotation_backend/portality/view/doaj.py#L431
Dashboard:Blueprint,portality/view/dashboard.py#L13,https://github.com/DOAJ/doaj/blob/feature/3519_application_annotation_backend/portality/view/dashboard.py#L13
BackgroundTask:Monitoring,portality/view/status.py#L190; portality/bll/services/background_task_status.py#L2,https://github.com/DOAJ/doaj/blob/feature/3519_application_annotation_backend/portality/view/status.py#L190; https://github.com/DOAJ/doaj/blob/feature/3519_application_annotation_backend/portality/bll/services/background_task_status.py#L2
GroupStatus:Feature,portality/view/doajservices.py#L106; portality/templates/dashboard/index.html#L83,https://github.com/DOAJ/doaj/blob/feature/3519_application_annotation_backend/portality/view/doajservices.py#L106; https://github.com/DOAJ/doaj/blob/feature/3519_application_annotation_backend/portality/templates/dashboard/index.html#L83
MustHaveRole:Validator,portality/view/forms.py#L68,https://github.com/DOAJ/doaj/blob/feature/3519_application_annotation_backend/portality/view/forms.py#L68
EditorGroup:Form,portality/view/forms.py#L93,https://github.com/DOAJ/doaj/blob/feature/3519_application_annotation_backend/portality/view/forms.py#L93
Preservation:Model,portality/models/preservation.py#L7,https://github.com/DOAJ/doaj/blob/feature/3519_application_annotation_backend/portality/models/preservation.py#L7
Notification:Model,portality/models/notifications.py#L6,https://github.com/DOAJ/doaj/blob/feature/3519_application_annotation_backend/portality/models/notifications.py#L6
News:Model,portality/models/news.py#L7,https://github.com/DOAJ/doaj/blob/feature/3519_application_annotation_backend/portality/models/news.py#L7
News:Query,portality/models/news.py#L64,https://github.com/DOAJ/doaj/blob/feature/3519_application_annotation_backend/portality/models/news.py#L64
EditorGroup:Model,portality/models/editors.py#L7,https://github.com/DOAJ/doaj/blob/feature/3519_application_annotation_backend/portality/models/editors.py#L7
EditorGroupMember:Query,portality/models/editors.py#L112,https://github.com/DOAJ/doaj/blob/feature/3519_application_annotation_backend/portality/models/editors.py#L112
BackgroundJob:Model,portality/models/background.py#L10,https://github.com/DOAJ/doaj/blob/feature/3519_application_annotation_backend/portality/models/background.py#L10
ActiveBackgroundJob:Query,portality/models/background.py#L193,https://github.com/DOAJ/doaj/blob/feature/3519_application_annotation_backend/portality/models/background.py#L193
API:Feature,portality/models/openurl.py#L44; portality/api/__init__.py#L1; portality/api/common.py#L1,https://github.com/DOAJ/doaj/blob/feature/3519_application_annotation_backend/portality/models/openurl.py#L44; https://github.com/DOAJ/doaj/blob/feature/3519_application_annotation_backend/portality/api/__init__.py#L1; https://github.com/DOAJ/doaj/blob/feature/3519_application_annotation_backend/portality/api/common.py#L1
Application:Model,portality/models/v2/application.py#L40,https://github.com/DOAJ/doaj/blob/feature/3519_application_annotation_backend/portality/models/v2/application.py#L40
AssignedEditorGroups:Query,portality/models/v2/application.py#L384,https://github.com/DOAJ/doaj/blob/feature/3519_application_annotation_backend/portality/models/v2/application.py#L384
GoogleAnalytics:ExternalService,portality/lib/analytics.py#L1,https://github.com/DOAJ/doaj/blob/feature/3519_application_annotation_backend/portality/lib/analytics.py#L1
EdgesIntegration:Library,portality/lib/edges.py#L1,https://github.com/DOAJ/doaj/blob/feature/3519_application_annotation_backend/portality/lib/edges.py#L1
Anonymisation:Feature,portality/lib/anon.py#L1,https://github.com/DOAJ/doaj/blob/feature/3519_application_annotation_backend/portality/lib/anon.py#L1
Formulaic:Library,portality/lib/formulaic.py#L1,https://github.com/DOAJ/doaj/blob/feature/3519_application_annotation_backend/portality/lib/formulaic.py#L1
FormulaicContext:Feature,portality/lib/formulaic.py#L223,https://github.com/DOAJ/doaj/blob/feature/3519_application_annotation_backend/portality/lib/formulaic.py#L223
FormulaicFieldset:Feature,portality/lib/formulaic.py#L468,https://github.com/DOAJ/doaj/blob/feature/3519_application_annotation_backend/portality/lib/formulaic.py#L468
FormulaicField:Feature,portality/lib/formulaic.py#L512,https://github.com/DOAJ/doaj/blob/feature/3519_application_annotation_backend/portality/lib/formulaic.py#L512
FormProcessor:Feature,portality/lib/formulaic.py#L785,https://github.com/DOAJ/doaj/blob/feature/3519_application_annotation_backend/portality/lib/formulaic.py#L785
Coerce:Library,portality/lib/coerce.py#L1,https://github.com/DOAJ/doaj/blob/feature/3519_application_annotation_backend/portality/lib/coerce.py#L1
PlausibleAnalytics:ExternalService,portality/lib/plausible.py#L1,https://github.com/DOAJ/doaj/blob/feature/3519_application_annotation_backend/portality/lib/plausible.py#L1
WhoCurrentUser:Query,portality/lib/query_filters.py#L143,https://github.com/DOAJ/doaj/blob/feature/3519_application_annotation_backend/portality/lib/query_filters.py#L143
ESMappings:Library,portality/lib/es_data_mapping.py#L4,https://github.com/DOAJ/doaj/blob/feature/3519_application_annotation_backend/portality/lib/es_data_mapping.py#L4
Dates:Library,portality/lib/dates.py#L1,https://github.com/DOAJ/doaj/blob/feature/3519_application_annotation_backend/portality/lib/dates.py#L1
FormContext:FormContext,portality/forms/article_forms.py#L25,https://github.com/DOAJ/doaj/blob/feature/3519_application_annotation_backend/portality/forms/article_forms.py#L25
FormContextRenderer:FormContext,portality/forms/article_forms.py#L228,https://github.com/DOAJ/doaj/blob/feature/3519_application_annotation_backend/portality/forms/article_forms.py#L228
FormHelper:FormContext,portality/forms/article_forms.py#L324,https://github.com/DOAJ/doaj/blob/feature/3519_application_annotation_backend/portality/forms/article_forms.py#L324
Article:Form,portality/forms/article_forms.py#L512,https://github.com/DOAJ/doaj/blob/feature/3519_application_annotation_backend/portality/forms/article_forms.py#L512
Author:Form,portality/forms/article_forms.py#L542,https://github.com/DOAJ/doaj/blob/feature/3519_application_annotation_backend/portality/forms/article_forms.py#L542
ArticleForm:Factory,portality/forms/article_forms.py#L583,https://github.com/DOAJ/doaj/blob/feature/3519_application_annotation_backend/portality/forms/article_forms.py#L583
ArticleMetadata:FormContext,portality/forms/article_forms.py#L596,https://github.com/DOAJ/doaj/blob/feature/3519_application_annotation_backend/portality/forms/article_forms.py#L596
PublisherArticleMetadata:FormContext,portality/forms/article_forms.py#L695,https://github.com/DOAJ/doaj/blob/feature/3519_application_annotation_backend/portality/forms/article_forms.py#L695
AdminArticleMetadata:FormContext,portality/forms/article_forms.py#L712,https://github.com/DOAJ/doaj/blob/feature/3519_application_annotation_backend/portality/forms/article_forms.py#L712
ApplicationForm:Feature,portality/forms/application_forms.py#L2,https://github.com/DOAJ/doaj/blob/feature/3519_application_annotation_backend/portality/forms/application_forms.py#L2
BOAI:FormField,portality/forms/application_forms.py#L75,https://github.com/DOAJ/doaj/blob/feature/3519_application_annotation_backend/portality/forms/application_forms.py#L75
OAStatementURL:FormField,portality/forms/application_forms.py#L111,https://github.com/DOAJ/doaj/blob/feature/3519_application_annotation_backend/portality/forms/application_forms.py#L111
Title:FormField,portality/forms/application_forms.py#L144,https://github.com/DOAJ/doaj/blob/feature/3519_application_annotation_backend/portality/forms/application_forms.py#L144
AlternativeTitle:FormField,portality/forms/application_forms.py#L178,https://github.com/DOAJ/doaj/blob/feature/3519_application_annotation_backend/portality/forms/application_forms.py#L178
JournalURL:FormField,portality/forms/application_forms.py#L201,https://github.com/DOAJ/doaj/blob/feature/3519_application_annotation_backend/portality/forms/application_forms.py#L201
PISSN:FormField,portality/forms/application_forms.py#L228,https://github.com/DOAJ/doaj/blob/feature/3519_application_annotation_backend/portality/forms/application_forms.py#L228
EISSN:FormField,portality/forms/application_forms.py#L303,https://github.com/DOAJ/doaj/blob/feature/3519_application_annotation_backend/portality/forms/application_forms.py#L303
Keywords:FormField,portality/forms/application_forms.py#L383,https://github.com/DOAJ/doaj/blob/feature/3519_application_annotation_backend/portality/forms/application_forms.py#L383
Language:FormField,portality/forms/application_forms.py#L416,https://github.com/DOAJ/doaj/blob/feature/3519_application_annotation_backend/portality/forms/application_forms.py#L416
PublisherName:FormField,portality/forms/application_forms.py#L442,https://github.com/DOAJ/doaj/blob/feature/3519_application_annotation_backend/portality/forms/application_forms.py#L442
PublisherCountry:FormField,portality/forms/application_forms.py#L465,https://github.com/DOAJ/doaj/blob/feature/3519_application_annotation_backend/portality/forms/application_forms.py#L465
InstitutionName:FormField,portality/forms/application_forms.py#L496,https://github.com/DOAJ/doaj/blob/feature/3519_application_annotation_backend/portality/forms/application_forms.py#L496
InstitutionCountry:FormField,portality/forms/application_forms.py#L516,https://github.com/DOAJ/doaj/blob/feature/3519_application_annotation_backend/portality/forms/application_forms.py#L516
License:FormField,portality/forms/application_forms.py#L536,https://github.com/DOAJ/doaj/blob/feature/3519_application_annotation_backend/portality/forms/application_forms.py#L536
LicenseAttributes:FormField,portality/forms/application_forms.py#L583,https://github.com/DOAJ/doaj/blob/feature/3519_application_annotation_backend/portality/forms/application_forms.py#L583
LicenseTermsURL:FormField,portality/forms/application_forms.py#L603,https://github.com/DOAJ/doaj/blob/feature/3519_application_annotation_backend/portality/forms/application_forms.py#L603
LicenseDisplay:FormField,portality/forms/application_forms.py#L624,https://github.com/DOAJ/doaj/blob/feature/3519_application_annotation_backend/portality/forms/application_forms.py#L624
LicenseDisplayExampleUrl:FormField,portality/forms/application_forms.py#L645,https://github.com/DOAJ/doaj/blob/feature/3519_application_annotation_backend/portality/forms/application_forms.py#L645
CopyrightAuthorRetails:FormField,portality/forms/application_forms.py#L672,https://github.com/DOAJ/doaj/blob/feature/3519_application_annotation_backend/portality/forms/application_forms.py#L672
CopyrightURL:FormField,portality/forms/application_forms.py#L696,https://github.com/DOAJ/doaj/blob/feature/3519_application_annotation_backend/portality/forms/application_forms.py#L696
ReviewProcess:FormField,portality/forms/application_forms.py#L729,https://github.com/DOAJ/doaj/blob/feature/3519_application_annotation_backend/portality/forms/application_forms.py#L729
ReviewProcessOther:FormField,portality/forms/application_forms.py#L756,https://github.com/DOAJ/doaj/blob/feature/3519_application_annotation_backend/portality/forms/application_forms.py#L756
ReviewURL:FormField,portality/forms/application_forms.py#L781,https://github.com/DOAJ/doaj/blob/feature/3519_application_annotation_backend/portality/forms/application_forms.py#L781
OAStart:FormField,portality/forms/application_forms.py#L801,https://github.com/DOAJ/doaj/blob/feature/3519_application_annotation_backend/portality/forms/application_forms.py#L801
PlagiarismDetection:FormField,portality/forms/application_forms.py#L823,https://github.com/DOAJ/doaj/blob/feature/3519_application_annotation_backend/portality/forms/application_forms.py#L823
PlagiarismURL:FormField,portality/forms/application_forms.py#L843,https://github.com/DOAJ/doaj/blob/feature/3519_application_annotation_backend/portality/forms/application_forms.py#L843
AimsScopeURL:FormField,portality/forms/application_forms.py#L872,https://github.com/DOAJ/doaj/blob/feature/3519_application_annotation_backend/portality/forms/application_forms.py#L872
EditorialBoardURL:FormField,portality/forms/application_forms.py#L891,https://github.com/DOAJ/doaj/blob/feature/3519_application_annotation_backend/portality/forms/application_forms.py#L891
AuthorInstructionsURL:FormField,portality/forms/application_forms.py#L910,https://github.com/DOAJ/doaj/blob/feature/3519_application_annotation_backend/portality/forms/application_forms.py#L910
PublicationTimeWeeks:FormField,portality/forms/application_forms.py#L929,https://github.com/DOAJ/doaj/blob/feature/3519_application_annotation_backend/portality/forms/application_forms.py#L929
APC:FormField,portality/forms/application_forms.py#L948,https://github.com/DOAJ/doaj/blob/feature/3519_application_annotation_backend/portality/forms/application_forms.py#L948
APCCharges:FormField,portality/forms/application_forms.py#L969,https://github.com/DOAJ/doaj/blob/feature/3519_application_annotation_backend/portality/forms/application_forms.py#L969
APCCurrency:FormField,portality/forms/application_forms.py#L998,https://github.com/DOAJ/doaj/blob/feature/3519_application_annotation_backend/portality/forms/application_forms.py#L998
APCMax:FormField,portality/forms/application_forms.py#L1025,https://github.com/DOAJ/doaj/blob/feature/3519_application_annotation_backend/portality/forms/application_forms.py#L1025
APCURL:FormField,portality/forms/application_forms.py#L1048,https://github.com/DOAJ/doaj/blob/feature/3519_application_annotation_backend/portality/forms/application_forms.py#L1048
HasWaiver:FormField,portality/forms/application_forms.py#L1071,https://github.com/DOAJ/doaj/blob/feature/3519_application_annotation_backend/portality/forms/application_forms.py#L1071
WaiverURL:FormField,portality/forms/application_forms.py#L1094,https://github.com/DOAJ/doaj/blob/feature/3519_application_annotation_backend/portality/forms/application_forms.py#L1094
HasOtherCharges:FormField,portality/forms/application_forms.py#L1123,https://github.com/DOAJ/doaj/blob/feature/3519_application_annotation_backend/portality/forms/application_forms.py#L1123
OtherChargesURL:FormField,portality/forms/application_forms.py#L1143,https://github.com/DOAJ/doaj/blob/feature/3519_application_annotation_backend/portality/forms/application_forms.py#L1143
PreservationService:FormField,portality/forms/application_forms.py#L1171,https://github.com/DOAJ/doaj/blob/feature/3519_application_annotation_backend/portality/forms/application_forms.py#L1171
PreservationServiceLibrary:FormField,portality/forms/application_forms.py#L1202,https://github.com/DOAJ/doaj/blob/feature/3519_application_annotation_backend/portality/forms/application_forms.py#L1202
PreservationServiceOther:FormField,portality/forms/application_forms.py#L1235,https://github.com/DOAJ/doaj/blob/feature/3519_application_annotation_backend/portality/forms/application_forms.py#L1235
PreservationServiceURL:FormField,portality/forms/application_forms.py#L1257,https://github.com/DOAJ/doaj/blob/feature/3519_application_annotation_backend/portality/forms/application_forms.py#L1257
DepositPolicy:FormField,portality/forms/application_forms.py#L1304,https://github.com/DOAJ/doaj/blob/feature/3519_application_annotation_backend/portality/forms/application_forms.py#L1304
DepositPolicyOther:FormField,portality/forms/application_forms.py#L1334,https://github.com/DOAJ/doaj/blob/feature/3519_application_annotation_backend/portality/forms/application_forms.py#L1334
DepositPolicyURL:FormField,portality/forms/application_forms.py#L1356,https://github.com/DOAJ/doaj/blob/feature/3519_application_annotation_backend/portality/forms/application_forms.py#L1356
PersistentIdentifiers:FormField,portality/forms/application_forms.py#L1416,https://github.com/DOAJ/doaj/blob/feature/3519_application_annotation_backend/portality/forms/application_forms.py#L1416
PersistentIdentifiersOther:FormField,portality/forms/application_forms.py#L1441,https://github.com/DOAJ/doaj/blob/feature/3519_application_annotation_backend/portality/forms/application_forms.py#L1441
Orcids:FormField,portality/forms/application_forms.py#L1463,https://github.com/DOAJ/doaj/blob/feature/3519_application_annotation_backend/portality/forms/application_forms.py#L1463
OpenCitations:FormField,portality/forms/application_forms.py#L1491,https://github.com/DOAJ/doaj/blob/feature/3519_application_annotation_backend/portality/forms/application_forms.py#L1491
DOAJSeal:FormField,portality/forms/application_forms.py#L1521,https://github.com/DOAJ/doaj/blob/feature/3519_application_annotation_backend/portality/forms/application_forms.py#L1521
QuickReject:FormField,portality/forms/application_forms.py#L1551,https://github.com/DOAJ/doaj/blob/feature/3519_application_annotation_backend/portality/forms/application_forms.py#L1551
QuickRejectDetails:FormField,portality/forms/application_forms.py#L1559,https://github.com/DOAJ/doaj/blob/feature/3519_application_annotation_backend/portality/forms/application_forms.py#L1559
Owner:FormField,portality/forms/application_forms.py#L1573,https://github.com/DOAJ/doaj/blob/feature/3519_application_annotation_backend/portality/forms/application_forms.py#L1573
ApplicationStatus:FormField,portality/forms/application_forms.py#L1597,https://github.com/DOAJ/doaj/blob/feature/3519_application_annotation_backend/portality/forms/application_forms.py#L1597
EditorGroup:FormField,portality/forms/application_forms.py#L1635,https://github.com/DOAJ/doaj/blob/feature/3519_application_annotation_backend/portality/forms/application_forms.py#L1635
Editor:FormField,portality/forms/application_forms.py#L1656,https://github.com/DOAJ/doaj/blob/feature/3519_application_annotation_backend/portality/forms/application_forms.py#L1656
DiscontinuedDate:FormField,portality/forms/application_forms.py#L1671,https://github.com/DOAJ/doaj/blob/feature/3519_application_annotation_backend/portality/forms/application_forms.py#L1671
Continues:FormField,portality/forms/application_forms.py#L1695,https://github.com/DOAJ/doaj/blob/feature/3519_application_annotation_backend/portality/forms/application_forms.py#L1695
ContinuedBy:FormField,portality/forms/application_forms.py#L1718,https://github.com/DOAJ/doaj/blob/feature/3519_application_annotation_backend/portality/forms/application_forms.py#L1718
Subject:FormField,portality/forms/application_forms.py#L1741,https://github.com/DOAJ/doaj/blob/feature/3519_application_annotation_backend/portality/forms/application_forms.py#L1741
Notes:FormField,portality/forms/application_forms.py#L1778,https://github.com/DOAJ/doaj/blob/feature/3519_application_annotation_backend/portality/forms/application_forms.py#L1778
Note:FormField,portality/forms/application_forms.py#L1809,https://github.com/DOAJ/doaj/blob/feature/3519_application_annotation_backend/portality/forms/application_forms.py#L1809
NoteDate:FormField,portality/forms/application_forms.py#L1818,https://github.com/DOAJ/doaj/blob/feature/3519_application_annotation_backend/portality/forms/application_forms.py#L1818
NoteID:FormField,portality/forms/application_forms.py#L1827,https://github.com/DOAJ/doaj/blob/feature/3519_application_annotation_backend/portality/forms/application_forms.py#L1827
OptionalValidation:FormField,portality/forms/application_forms.py#L1835,https://github.com/DOAJ/doaj/blob/feature/3519_application_annotation_backend/portality/forms/application_forms.py#L1835
BulkDOAJSeal:FormField,portality/forms/application_forms.py#L1846,https://github.com/DOAJ/doaj/blob/feature/3519_application_annotation_backend/portality/forms/application_forms.py#L1846
BasicCompliance:FieldSet,portality/forms/application_forms.py#L1865,https://github.com/DOAJ/doaj/blob/feature/3519_application_annotation_backend/portality/forms/application_forms.py#L1865
AboutJournal:FieldSet,portality/forms/application_forms.py#L1876,https://github.com/DOAJ/doaj/blob/feature/3519_application_annotation_backend/portality/forms/application_forms.py#L1876
Publisher:FieldSet,portality/forms/application_forms.py#L1891,https://github.com/DOAJ/doaj/blob/feature/3519_application_annotation_backend/portality/forms/application_forms.py#L1891
Institution:FieldSet,portality/forms/application_forms.py#L1901,https://github.com/DOAJ/doaj/blob/feature/3519_application_annotation_backend/portality/forms/application_forms.py#L1901
Licensing:FieldSet,portality/forms/application_forms.py#L1911,https://github.com/DOAJ/doaj/blob/feature/3519_application_annotation_backend/portality/forms/application_forms.py#L1911
EmbeddedLicense:FieldSet,portality/forms/application_forms.py#L1922,https://github.com/DOAJ/doaj/blob/feature/3519_application_annotation_backend/portality/forms/application_forms.py#L1922
Copyright:FieldSet,portality/forms/application_forms.py#L1932,https://github.com/DOAJ/doaj/blob/feature/3519_application_annotation_backend/portality/forms/application_forms.py#L1932
PeerReview:FieldSet,portality/forms/application_forms.py#L1942,https://github.com/DOAJ/doaj/blob/feature/3519_application_annotation_backend/portality/forms/application_forms.py#L1942
Plagiarism:FieldSet,portality/forms/application_forms.py#L1953,https://github.com/DOAJ/doaj/blob/feature/3519_application_annotation_backend/portality/forms/application_forms.py#L1953
Editorial:FieldSet,portality/forms/application_forms.py#L1963,https://github.com/DOAJ/doaj/blob/feature/3519_application_annotation_backend/portality/forms/application_forms.py#L1963
APC:FieldSet,portality/forms/application_forms.py#L1975,https://github.com/DOAJ/doaj/blob/feature/3519_application_annotation_backend/portality/forms/application_forms.py#L1975
Waivers:FieldSet,portality/forms/application_forms.py#L1988,https://github.com/DOAJ/doaj/blob/feature/3519_application_annotation_backend/portality/forms/application_forms.py#L1988
OtherFees:FieldSet,portality/forms/application_forms.py#L1998,https://github.com/DOAJ/doaj/blob/feature/3519_application_annotation_backend/portality/forms/application_forms.py#L1998
ArchivingPolicy:FieldSet,portality/forms/application_forms.py#L2008,https://github.com/DOAJ/doaj/blob/feature/3519_application_annotation_backend/portality/forms/application_forms.py#L2008
RepositoryPolicy:FieldSet,portality/forms/application_forms.py#L2020,https://github.com/DOAJ/doaj/blob/feature/3519_application_annotation_backend/portality/forms/application_forms.py#L2020
UniqueIdentifiers:FieldSet,portality/forms/application_forms.py#L2031,https://github.com/DOAJ/doaj/blob/feature/3519_application_annotation_backend/portality/forms/application_forms.py#L2031
Seal:FieldSet,portality/forms/application_forms.py#L2043,https://github.com/DOAJ/doaj/blob/feature/3519_application_annotation_backend/portality/forms/application_forms.py#L2043
QuickReject:FieldSet,portality/forms/application_forms.py#L2052,https://github.com/DOAJ/doaj/blob/feature/3519_application_annotation_backend/portality/forms/application_forms.py#L2052
Reassign:FieldSet,portality/forms/application_forms.py#L2063,https://github.com/DOAJ/doaj/blob/feature/3519_application_annotation_backend/portality/forms/application_forms.py#L2063
Status:FieldSet,portality/forms/application_forms.py#L2072,https://github.com/DOAJ/doaj/blob/feature/3519_application_annotation_backend/portality/forms/application_forms.py#L2072
Reviewers:FieldSet,portality/forms/application_forms.py#L2081,https://github.com/DOAJ/doaj/blob/feature/3519_application_annotation_backend/portality/forms/application_forms.py#L2081
Continuations:FieldSet,portality/forms/application_forms.py#L2091,https://github.com/DOAJ/doaj/blob/feature/3519_application_annotation_backend/portality/forms/application_forms.py#L2091
Subject:FieldSet,portality/forms/application_forms.py#L2103,https://github.com/DOAJ/doaj/blob/feature/3519_application_annotation_backend/portality/forms/application_forms.py#L2103
Notes:FieldSet,portality/forms/application_forms.py#L2112,https://github.com/DOAJ/doaj/blob/feature/3519_application_annotation_backend/portality/forms/application_forms.py#L2112
OptionalValidation:FieldSet,portality/forms/application_forms.py#L2124,https://github.com/DOAJ/doaj/blob/feature/3519_application_annotation_backend/portality/forms/application_forms.py#L2124
BulkEdit:FieldSet,portality/forms/application_forms.py#L2133,https://github.com/DOAJ/doaj/blob/feature/3519_application_annotation_backend/portality/forms/application_forms.py#L2133
NewApplication:FormContext,portality/forms/application_forms.py#L2152,https://github.com/DOAJ/doaj/blob/feature/3519_application_annotation_backend/portality/forms/application_forms.py#L2152
UpdateRequest:FormContext,portality/forms/application_forms.py#L2187,https://github.com/DOAJ/doaj/blob/feature/3519_application_annotation_backend/portality/forms/application_forms.py#L2187
ReadOnlyApplication:FormContext,portality/forms/application_forms.py#L2195,https://github.com/DOAJ/doaj/blob/feature/3519_application_annotation_backend/portality/forms/application_forms.py#L2195
AssociateEditorApplication:FormContext,portality/forms/application_forms.py#L2202,https://github.com/DOAJ/doaj/blob/feature/3519_application_annotation_backend/portality/forms/application_forms.py#L2202
EditorApplication:FormContext,portality/forms/application_forms.py#L2215,https://github.com/DOAJ/doaj/blob/feature/3519_application_annotation_backend/portality/forms/application_forms.py#L2215
ManEdApplication:FormContext,portality/forms/application_forms.py#L2229,https://github.com/DOAJ/doaj/blob/feature/3519_application_annotation_backend/portality/forms/application_forms.py#L2229
ReadOnlyJournal:FormContext,portality/forms/application_forms.py#L2249,https://github.com/DOAJ/doaj/blob/feature/3519_application_annotation_backend/portality/forms/application_forms.py#L2249
AssEditorJournal:FormContext,portality/forms/application_forms.py#L2284,https://github.com/DOAJ/doaj/blob/feature/3519_application_annotation_backend/portality/forms/application_forms.py#L2284
EditorJournal:FormContext,portality/forms/application_forms.py#L2296,https://github.com/DOAJ/doaj/blob/feature/3519_application_annotation_backend/portality/forms/application_forms.py#L2296
ManEdJournal:FormContext,portality/forms/application_forms.py#L2307,https://github.com/DOAJ/doaj/blob/feature/3519_application_annotation_backend/portality/forms/application_forms.py#L2307
BulkEditJournal:FormContext,portality/forms/application_forms.py#L2321,https://github.com/DOAJ/doaj/blob/feature/3519_application_annotation_backend/portality/forms/application_forms.py#L2321
ApplicationStatus:Workflow,portality/forms/application_forms.py#L2411,https://github.com/DOAJ/doaj/blob/feature/3519_application_annotation_backend/portality/forms/application_forms.py#L2411
ReservedUsernames:FormValidator,portality/forms/application_forms.py#L2524; portality/forms/validate.py#L235,https://github.com/DOAJ/doaj/blob/feature/3519_application_annotation_backend/portality/forms/application_forms.py#L2524; https://github.com/DOAJ/doaj/blob/feature/3519_application_annotation_backend/portality/forms/validate.py#L235
OwnerExists:FormValidator,portality/forms/application_forms.py#L2537; portality/forms/validate.py#L260,https://github.com/DOAJ/doaj/blob/feature/3519_application_annotation_backend/portality/forms/application_forms.py#L2537; https://github.com/DOAJ/doaj/blob/feature/3519_application_annotation_backend/portality/forms/validate.py#L260
Required:FormValidator,portality/forms/application_forms.py#L2550,https://github.com/DOAJ/doaj/blob/feature/3519_application_annotation_backend/portality/forms/application_forms.py#L2550
IsURL:FormValidator,portality/forms/application_forms.py#L2567,https://github.com/DOAJ/doaj/blob/feature/3519_application_annotation_backend/portality/forms/application_forms.py#L2567
IntRange:FormValidator,portality/forms/application_forms.py#L2584,https://github.com/DOAJ/doaj/blob/feature/3519_application_annotation_backend/portality/forms/application_forms.py#L2584
MaxLen:FormValidator,portality/forms/application_forms.py#L2617; portality/forms/validate.py#L150,https://github.com/DOAJ/doaj/blob/feature/3519_application_annotation_backend/portality/forms/application_forms.py#L2617; https://github.com/DOAJ/doaj/blob/feature/3519_application_annotation_backend/portality/forms/validate.py#L150
StopWords:FormValidator,portality/forms/application_forms.py#L2628; portality/forms/validate.py#L318,https://github.com/DOAJ/doaj/blob/feature/3519_application_annotation_backend/portality/forms/application_forms.py#L2628; https://github.com/DOAJ/doaj/blob/feature/3519_application_annotation_backend/portality/forms/validate.py#L318
ISSNInPublicDOAJ:FormValidator,portality/forms/application_forms.py#L2638; portality/forms/validate.py#L286,https://github.com/DOAJ/doaj/blob/feature/3519_application_annotation_backend/portality/forms/application_forms.py#L2638; https://github.com/DOAJ/doaj/blob/feature/3519_application_annotation_backend/portality/forms/validate.py#L286
JournalURLInPublicDOAJ:FormValidator,portality/forms/application_forms.py#L2651; portality/forms/validate.py#L302,https://github.com/DOAJ/doaj/blob/feature/3519_application_annotation_backend/portality/forms/application_forms.py#L2651; https://github.com/DOAJ/doaj/blob/feature/3519_application_annotation_backend/portality/forms/validate.py#L302
OptionalIf:FormValidator,portality/forms/application_forms.py#L2678; portality/forms/validate.py#L66,https://github.com/DOAJ/doaj/blob/feature/3519_application_annotation_backend/portality/forms/application_forms.py#L2678; https://github.com/DOAJ/doaj/blob/feature/3519_application_annotation_backend/portality/forms/validate.py#L66
IsISSN:FormValidator,portality/forms/application_forms.py#L2691,https://github.com/DOAJ/doaj/blob/feature/3519_application_annotation_backend/portality/forms/application_forms.py#L2691
IsISSNList:FormValidator,portality/forms/application_forms.py#L2704,https://github.com/DOAJ/doaj/blob/feature/3519_application_annotation_backend/portality/forms/application_forms.py#L2704
DifferentTo:FormValidator,portality/forms/application_forms.py#L2715; portality/forms/validate.py#L334,https://github.com/DOAJ/doaj/blob/feature/3519_application_annotation_backend/portality/forms/application_forms.py#L2715; https://github.com/DOAJ/doaj/blob/feature/3519_application_annotation_backend/portality/forms/validate.py#L334
RequiredIf:FormValidator,portality/forms/application_forms.py#L2726,https://github.com/DOAJ/doaj/blob/feature/3519_application_annotation_backend/portality/forms/application_forms.py#L2726
OnlyIf:FormValidator,portality/forms/application_forms.py#L2747; portality/forms/validate.py#L404,https://github.com/DOAJ/doaj/blob/feature/3519_application_annotation_backend/portality/forms/application_forms.py#L2747; https://github.com/DOAJ/doaj/blob/feature/3519_application_annotation_backend/portality/forms/validate.py#L404
NotIf:FormValidator,portality/forms/application_forms.py#L2766; portality/forms/validate.py#L452,https://github.com/DOAJ/doaj/blob/feature/3519_application_annotation_backend/portality/forms/application_forms.py#L2766; https://github.com/DOAJ/doaj/blob/feature/3519_application_annotation_backend/portality/forms/validate.py#L452
GroupMember:FormValidator,portality/forms/application_forms.py#L2779; portality/forms/validate.py#L490,https://github.com/DOAJ/doaj/blob/feature/3519_application_annotation_backend/portality/forms/application_forms.py#L2779; https://github.com/DOAJ/doaj/blob/feature/3519_application_annotation_backend/portality/forms/validate.py#L490
RequiredValue:FormValidator,portality/forms/application_forms.py#L2791; portality/forms/validate.py#L518,https://github.com/DOAJ/doaj/blob/feature/3519_application_annotation_backend/portality/forms/application_forms.py#L2791; https://github.com/DOAJ/doaj/blob/feature/3519_application_annotation_backend/portality/forms/validate.py#L518
BigEndDate:FormValidator,portality/forms/application_forms.py#L2802; portality/forms/validate.py#L533,https://github.com/DOAJ/doaj/blob/feature/3519_application_annotation_backend/portality/forms/application_forms.py#L2802; https://github.com/DOAJ/doaj/blob/feature/3519_application_annotation_backend/portality/forms/validate.py#L533
NewApplication:FormProcessor,portality/forms/application_processors.py#L203,https://github.com/DOAJ/doaj/blob/feature/3519_application_annotation_backend/portality/forms/application_processors.py#L203
ManEdApplication:FormProcessor,portality/forms/application_processors.py#L274,https://github.com/DOAJ/doaj/blob/feature/3519_application_annotation_backend/portality/forms/application_processors.py#L274
EditorApplication:FormProcessor,portality/forms/application_processors.py#L477,https://github.com/DOAJ/doaj/blob/feature/3519_application_annotation_backend/portality/forms/application_processors.py#L477
AssEdApplication:FormProcessor,portality/forms/application_processors.py#L599,https://github.com/DOAJ/doaj/blob/feature/3519_application_annotation_backend/portality/forms/application_processors.py#L599
PublisherUpdateRequest:FormProcessor,portality/forms/application_processors.py#L661,https://github.com/DOAJ/doaj/blob/feature/3519_application_annotation_backend/portality/forms/application_processors.py#L661
PublisherUpdateRequestReadOnly:FormProcessor,portality/forms/application_processors.py#L770,https://github.com/DOAJ/doaj/blob/feature/3519_application_annotation_backend/portality/forms/application_processors.py#L770
ManEdJournal:FormProcessor,portality/forms/application_processors.py#L786,https://github.com/DOAJ/doaj/blob/feature/3519_application_annotation_backend/portality/forms/application_processors.py#L786
EditorJournal:FormProcessor,portality/forms/application_processors.py#L859,https://github.com/DOAJ/doaj/blob/feature/3519_application_annotation_backend/portality/forms/application_processors.py#L859
AssEdJournal:FormProcessor,portality/forms/application_processors.py#L916,https://github.com/DOAJ/doaj/blob/feature/3519_application_annotation_backend/portality/forms/application_processors.py#L916
ReadOnlyJournal:FormProcessor,portality/forms/application_processors.py#L947,https://github.com/DOAJ/doaj/blob/feature/3519_application_annotation_backend/portality/forms/application_processors.py#L947
ManEdBulkJournal:FormProcessor,portality/forms/application_processors.py#L964,https://github.com/DOAJ/doaj/blob/feature/3519_application_annotation_backend/portality/forms/application_processors.py#L964
DataOptional:FormValidator,portality/forms/validate.py#L43,https://github.com/DOAJ/doaj/blob/feature/3519_application_annotation_backend/portality/forms/validate.py#L43
HTTPURL:FormValidator,portality/forms/validate.py#L122,https://github.com/DOAJ/doaj/blob/feature/3519_application_annotation_backend/portality/forms/validate.py#L122
RequiredIfRole:FormValidator,portality/forms/validate.py#L166,https://github.com/DOAJ/doaj/blob/feature/3519_application_annotation_backend/portality/forms/validate.py#L166
RegexpOnTagList:FormValidator,portality/forms/validate.py#L182,https://github.com/DOAJ/doaj/blob/feature/3519_application_annotation_backend/portality/forms/validate.py#L182
ThisOrThat:FormValidator,portality/forms/validate.py#L214,https://github.com/DOAJ/doaj/blob/feature/3519_application_annotation_backend/portality/forms/validate.py#L214
RequiredIfOtherValue:FormValidator,portality/forms/validate.py#L356,https://github.com/DOAJ/doaj/blob/feature/3519_application_annotation_backend/portality/forms/validate.py#L356
NoScriptTag:FormValidator,portality/forms/validate.py#L474,https://github.com/DOAJ/doaj/blob/feature/3519_application_annotation_backend/portality/forms/validate.py#L474
CustomRequired:FormValidator,portality/forms/validate.py#L560,https://github.com/DOAJ/doaj/blob/feature/3519_application_annotation_backend/portality/forms/validate.py#L560
EmailAvailable:FormValidator,portality/forms/validate.py#L580,https://github.com/DOAJ/doaj/blob/feature/3519_application_annotation_backend/portality/forms/validate.py#L580
IdAvailable:FormValidator,portality/forms/validate.py#L596,https://github.com/DOAJ/doaj/blob/feature/3519_application_annotation_backend/portality/forms/validate.py#L596
IgnoreUnchanged:FormValidator,portality/forms/validate.py#L617,https://github.com/DOAJ/doaj/blob/feature/3519_application_annotation_backend/portality/forms/validate.py#L617
APISearch:Feature,portality/api/current/discovery.py#L1,https://github.com/DOAJ/doaj/blob/feature/3519_application_annotation_backend/portality/api/current/discovery.py#L1
Search:Query,portality/api/current/discovery.py#L335,https://github.com/DOAJ/doaj/blob/feature/3519_application_annotation_backend/portality/api/current/discovery.py#L335
APICrudJournals:Feature,portality/api/current/crud/journals.py#L1,https://github.com/DOAJ/doaj/blob/feature/3519_application_annotation_backend/portality/api/current/crud/journals.py#L1
APICrudArticles:Feature,portality/api/current/crud/articles.py#L1,https://github.com/DOAJ/doaj/blob/feature/3519_application_annotation_backend/portality/api/current/crud/articles.py#L1
APICrud:Feature,portality/api/current/crud/__init__.py#L1,https://github.com/DOAJ/doaj/blob/feature/3519_application_annotation_backend/portality/api/current/crud/__init__.py#L1
APICrudApplications:Feature,portality/api/current/crud/applications.py#L1,https://github.com/DOAJ/doaj/blob/feature/3519_application_annotation_backend/portality/api/current/crud/applications.py#L1
APIIncomingApplication:Model,portality/api/current/data_objects/application.py#L114,https://github.com/DOAJ/doaj/blob/feature/3519_application_annotation_backend/portality/api/current/data_objects/application.py#L114
APIOutgoingApplication:Model,portality/api/current/data_objects/application.py#L354,https://github.com/DOAJ/doaj/blob/feature/3519_application_annotation_backend/portality/api/current/data_objects/application.py#L354
APIOutgoingCommonJournalApplication:Model,portality/api/current/data_objects/common_journal_application.py#L11,https://github.com/DOAJ/doaj/blob/feature/3519_application_annotation_backend/portality/api/current/data_objects/common_journal_application.py#L11
APIIncomingArticle:Model,portality/api/current/data_objects/article.py#L159,https://github.com/DOAJ/doaj/blob/feature/3519_application_annotation_backend/portality/api/current/data_objects/article.py#L159
APIOutgoingArticle:Model,portality/api/current/data_objects/article.py#L282,https://github.com/DOAJ/doaj/blob/feature/3519_application_annotation_backend/portality/api/current/data_objects/article.py#L282
APIOutgoingJournal:Model,portality/api/current/data_objects/journal.py#L31,https://github.com/DOAJ/doaj/blob/feature/3519_application_annotation_backend/portality/api/current/data_objects/journal.py#L31
APIBulkArticles:Feature,portality/api/current/bulk/articles.py#L1,https://github.com/DOAJ/doaj/blob/feature/3519_application_annotation_backend/portality/api/current/bulk/articles.py#L1
APIBulk:Feature,portality/api/current/bulk/__init__.py#L1,https://github.com/DOAJ/doaj/blob/feature/3519_application_annotation_backend/portality/api/current/bulk/__init__.py#L1
APIBulkApplications:Feature,portality/api/current/bulk/applications.py#L1,https://github.com/DOAJ/doaj/blob/feature/3519_application_annotation_backend/portality/api/current/bulk/applications.py#L1
Email:Notifications,portality/notifications/application_emails.py#L1,https://github.com/DOAJ/doaj/blob/feature/3519_application_annotation_backend/portality/notifications/application_emails.py#L1
JournalUpdateByCSV:Script,portality/scripts/journals_update_via_csv.py#L2,https://github.com/DOAJ/doaj/blob/feature/3519_application_annotation_backend/portality/scripts/journals_update_via_csv.py#L2
JournalUpdateByCSV:Feature,portality/scripts/journals_update_via_csv.py#L99,https://github.com/DOAJ/doaj/blob/feature/3519_application_annotation_backend/portality/scripts/journals_update_via_csv.py#L99
Sitemap:Script,portality/scripts/sitemap.py#L3,https://github.com/DOAJ/doaj/blob/feature/3519_application_annotation_backend/portality/scripts/sitemap.py#L3
AdminJournalCSV:CLI,portality/scripts/admin_journalcsv.py#L1,https://github.com/DOAJ/doaj/blob/feature/3519_application_annotation_backend/portality/scripts/admin_journalcsv.py#L1
MarkNotificationsSeen:Script,portality/scripts/mark_notifications_seen.py#L1,https://github.com/DOAJ/doaj/blob/feature/3519_application_annotation_backend/portality/scripts/mark_notifications_seen.py#L1
Harvester:Feature,portality/scripts/harvest.py#L2,https://github.com/DOAJ/doaj/blob/feature/3519_application_annotation_backend/portality/scripts/harvest.py#L2
Harvester:BackgroundTask,portality/tasks/harvester.py#L44,https://github.com/DOAJ/doaj/blob/feature/3519_application_annotation_backend/portality/tasks/harvester.py#L44
PreservationException:Exception,portality/tasks/preservation.py#L26,https://github.com/DOAJ/doaj/blob/feature/3519_application_annotation_backend/portality/tasks/preservation.py#L26
ArticlePackage:Feature,portality/tasks/preservation.py#L39,https://github.com/DOAJ/doaj/blob/feature/3519_application_annotation_backend/portality/tasks/preservation.py#L39
PreservationBackground:Feature,portality/tasks/preservation.py#L192,https://github.com/DOAJ/doaj/blob/feature/3519_application_annotation_backend/portality/tasks/preservation.py#L192
CSVReader:Feature,portality/tasks/preservation.py#L406,https://github.com/DOAJ/doaj/blob/feature/3519_application_annotation_backend/portality/tasks/preservation.py#L406
Preservation:Feature,portality/tasks/preservation.py#L443,https://github.com/DOAJ/doaj/blob/feature/3519_application_annotation_backend/portality/tasks/preservation.py#L443
PreservationPackage:Feature,portality/tasks/preservation.py#L677,https://github.com/DOAJ/doaj/blob/feature/3519_application_annotation_backend/portality/tasks/preservation.py#L677
AnonExport:Feature,portality/tasks/anon_export.py#L150; data_import_settings/README.md#L15,https://github.com/DOAJ/doaj/blob/feature/3519_application_annotation_backend/portality/tasks/anon_export.py#L150; https://github.com/DOAJ/doaj/blob/feature/3519_application_annotation_backend/data_import_settings/README.md#L15
Sitemap:BackgroundTask,portality/tasks/sitemap.py#L11,https://github.com/DOAJ/doaj/blob/feature/3519_application_annotation_backend/portality/tasks/sitemap.py#L11
JournalBulkDelete:Task,portality/tasks/journal_bulk_delete.py#L36,https://github.com/DOAJ/doaj/blob/feature/3519_application_annotation_backend/portality/tasks/journal_bulk_delete.py#L36
SetInDOAJBackgroundTask:Process,portality/tasks/journal_in_out_doaj.py#L41,https://github.com/DOAJ/doaj/blob/feature/3519_application_annotation_backend/portality/tasks/journal_in_out_doaj.py#L41
JournalQuestions:Crosswalk,portality/crosswalks/journal_questions.py#L13,https://github.com/DOAJ/doaj/blob/feature/3519_application_annotation_backend/portality/crosswalks/journal_questions.py#L13
Journal:Crosswalk,portality/crosswalks/journal_form.py#L9,https://github.com/DOAJ/doaj/blob/feature/3519_application_annotation_backend/portality/crosswalks/journal_form.py#L9
Crossref442XML:Crosswalk,portality/crosswalks/article_crossref_xml.py#L13,https://github.com/DOAJ/doaj/blob/feature/3519_application_annotation_backend/portality/crosswalks/article_crossref_xml.py#L13
Crossref531XML:Crosswalk,portality/crosswalks/article_crossref_xml.py#L337,https://github.com/DOAJ/doaj/blob/feature/3519_application_annotation_backend/portality/crosswalks/article_crossref_xml.py#L337
ArticleForm:Crosswalk,portality/crosswalks/article_form.py#L5,https://github.com/DOAJ/doaj/blob/feature/3519_application_annotation_backend/portality/crosswalks/article_form.py#L5
Atom:Crosswalk,portality/crosswalks/atom.py#L7,https://github.com/DOAJ/doaj/blob/feature/3519_application_annotation_backend/portality/crosswalks/atom.py#L7
OAIDC:Crosswalk,portality/crosswalks/oaipmh.py#L47,https://github.com/DOAJ/doaj/blob/feature/3519_application_annotation_backend/portality/crosswalks/oaipmh.py#L47
OAIArticleXML:Crosswalk,portality/crosswalks/oaipmh.py#L93,https://github.com/DOAJ/doaj/blob/feature/3519_application_annotation_backend/portality/crosswalks/oaipmh.py#L93
OAIJournalXML:Crosswalk,portality/crosswalks/oaipmh.py#L225,https://github.com/DOAJ/doaj/blob/feature/3519_application_annotation_backend/portality/crosswalks/oaipmh.py#L225
OAIDOAJArticleXML:Crosswalk,portality/crosswalks/oaipmh.py#L304,https://github.com/DOAJ/doaj/blob/feature/3519_application_annotation_backend/portality/crosswalks/oaipmh.py#L304
ApplicationForm:Crosswalk,portality/crosswalks/application_form.py#L7,https://github.com/DOAJ/doaj/blob/feature/3519_application_annotation_backend/portality/crosswalks/application_form.py#L7
DOAJArticleXML:Crosswalk,portality/crosswalks/article_doaj_xml.py#L14,https://github.com/DOAJ/doaj/blob/feature/3519_application_annotation_backend/portality/crosswalks/article_doaj_xml.py#L14
JCT:Crosswalk,portality/crosswalks/jct_inprogress.py#L5,https://github.com/DOAJ/doaj/blob/feature/3519_application_annotation_backend/portality/crosswalks/jct_inprogress.py#L5
CMSBuildFragments:Script,portality/cms/build_fragments.py#L1,https://github.com/DOAJ/doaj/blob/feature/3519_application_annotation_backend/portality/cms/build_fragments.py#L1
CMSBuildSASS:Script,portality/cms/build_sass.py#L3,https://github.com/DOAJ/doaj/blob/feature/3519_application_annotation_backend/portality/cms/build_sass.py#L3
ApplicationPublisherInProgressNotify:Consumer,portality/events/consumers/application_publisher_inprogress_notify.py#L1,https://github.com/DOAJ/doaj/blob/feature/3519_application_annotation_backend/portality/events/consumers/application_publisher_inprogress_notify.py#L1
BGJobFinishedNotifiy:Consumer,portality/events/consumers/bg_job_finished_notify.py#L1,https://github.com/DOAJ/doaj/blob/feature/3519_application_annotation_backend/portality/events/consumers/bg_job_finished_notify.py#L1
ApplicationEditorInProgressNotify:Consumer,portality/events/consumers/application_editor_inprogress_notify.py#L1,https://github.com/DOAJ/doaj/blob/feature/3519_application_annotation_backend/portality/events/consumers/application_editor_inprogress_notify.py#L1
AccountCreatedEmail:Consumer,portality/events/consumers/account_created_email.py#L1,https://github.com/DOAJ/doaj/blob/feature/3519_application_annotation_backend/portality/events/consumers/account_created_email.py#L1
ApplicationAssedAssignedNotify:Consumer,portality/events/consumers/application_assed_assigned_notify.py#L1,https://github.com/DOAJ/doaj/blob/feature/3519_application_annotation_backend/portality/events/consumers/application_assed_assigned_notify.py#L1
ApplicationAssedInProgressNotify:Consumer,portality/events/consumers/application_assed_inprogress_notify.py#L1,https://github.com/DOAJ/doaj/blob/feature/3519_application_annotation_backend/portality/events/consumers/application_assed_inprogress_notify.py#L1
ApplicatioditorGroupAssignedNotify:Consumer,portality/events/consumers/application_editor_group_assigned_notify.py#L1,https://github.com/DOAJ/doaj/blob/feature/3519_application_annotation_backend/portality/events/consumers/application_editor_group_assigned_notify.py#L1
ApplicationPublisherCreatedNotify:Notifications,portality/events/consumers/application_publisher_created_notify.py#L1,https://github.com/DOAJ/doaj/blob/feature/3519_application_annotation_backend/portality/events/consumers/application_publisher_created_notify.py#L1
ApplicationEditorCompletedNotify:Consumer,portality/events/consumers/application_editor_completed_notify.py#L1,https://github.com/DOAJ/doaj/blob/feature/3519_application_annotation_backend/portality/events/consumers/application_editor_completed_notify.py#L1
JournalAssedAssignedNotify:Consumer,portality/events/consumers/journal_assed_assigned_notify.py#L1,https://github.com/DOAJ/doaj/blob/feature/3519_application_annotation_backend/portality/events/consumers/journal_assed_assigned_notify.py#L1
UpdateRequestPublisherAcceptedNotify:Consumer,portality/events/consumers/update_request_publisher_accepted_notify.py#L1,https://github.com/DOAJ/doaj/blob/feature/3519_application_annotation_backend/portality/events/consumers/update_request_publisher_accepted_notify.py#L1
ApplicationPublisherRevisionNotify:Consumer,portality/events/consumers/application_publisher_revision_notify.py#L1,https://github.com/DOAJ/doaj/blob/feature/3519_application_annotation_backend/portality/events/consumers/application_publisher_revision_notify.py#L1
ApplicationPublisherQuickRejectNotify:Consumer,portality/events/consumers/application_publisher_quickreject_notify.py#L1,https://github.com/DOAJ/doaj/blob/feature/3519_application_annotation_backend/portality/events/consumers/application_publisher_quickreject_notify.py#L1
ApplicationManedReadyNotify:Consumer,portality/events/consumers/application_maned_ready_notify.py#L1,https://github.com/DOAJ/doaj/blob/feature/3519_application_annotation_backend/portality/events/consumers/application_maned_ready_notify.py#L1
UpdateRequestPublisherRejectedNotify:Consumer,portality/events/consumers/update_request_publisher_rejected_notify.py#L1,https://github.com/DOAJ/doaj/blob/feature/3519_application_annotation_backend/portality/events/consumers/update_request_publisher_rejected_notify.py#L1
ApplicationPublisherAcceptedNotify:Consumer,portality/events/consumers/application_publisher_accepted_notify.py#L1,https://github.com/DOAJ/doaj/blob/feature/3519_application_annotation_backend/portality/events/consumers/application_publisher_accepted_notify.py#L1
JournalEditorGroupAssignedNotify:Consumer,portality/events/consumers/journal_editor_group_assigned_notify.py#L1,https://github.com/DOAJ/doaj/blob/feature/3519_application_annotation_backend/portality/events/consumers/journal_editor_group_assigned_notify.py#L1
ApplicationPublisherAssignedNotify:Consumer,portality/events/consumers/application_publisher_assigned_notify.py#L1,https://github.com/DOAJ/doaj/blob/feature/3519_application_annotation_backend/portality/events/consumers/application_publisher_assigned_notify.py#L1
AccountPasswordResetEmail:Consumer,portality/events/consumers/account_passwordreset_email.py#L1,https://github.com/DOAJ/doaj/blob/feature/3519_application_annotation_backend/portality/events/consumers/account_passwordreset_email.py#L1
UpdateRequestPublisherAssignedNotify:Consumer,portality/events/consumers/update_request_publisher_assigned_notify.py#L1,https://github.com/DOAJ/doaj/blob/feature/3519_application_annotation_backend/portality/events/consumers/update_request_publisher_assigned_notify.py#L1
UploadMetadata:Page,portality/templates/publisher/uploadmetadata.html#L1,https://github.com/DOAJ/doaj/blob/feature/3519_application_annotation_backend/portality/templates/publisher/uploadmetadata.html#L1
PublisherArticleMetadata:Page,portality/templates/publisher/metadata.html#L1,https://github.com/DOAJ/doaj/blob/feature/3519_application_annotation_backend/portality/templates/publisher/metadata.html#L1
Account:Page,portality/templates/account/view.html#L1,https://github.com/DOAJ/doaj/blob/feature/3519_application_annotation_backend/portality/templates/account/view.html#L1
Dashboard:Template,portality/templates/layouts/dashboard_base.html#L2; portality/templates/layouts/dashboard_base.html#L8,https://github.com/DOAJ/doaj/blob/feature/3519_application_annotation_backend/portality/templates/layouts/dashboard_base.html#L2; https://github.com/DOAJ/doaj/blob/feature/3519_application_annotation_backend/portality/templates/layouts/dashboard_base.html#L8
AdminBackgroundJobFinished:Email,portality/templates/email/admin_background_job_finished.jinja2#L2,https://github.com/DOAJ/doaj/blob/feature/3519_application_annotation_backend/portality/templates/email/admin_background_job_finished.jinja2#L2
PublisherUpdateRequestAccepted:Email,portality/templates/email/publisher_update_request_accepted.jinja2#L2,https://github.com/DOAJ/doaj/blob/feature/3519_application_annotation_backend/portality/templates/email/publisher_update_request_accepted.jinja2#L2
PublisherApplicationAccepted:Email,portality/templates/email/publisher_application_accepted.jinja2#L2,https://github.com/DOAJ/doaj/blob/feature/3519_application_annotation_backend/portality/templates/email/publisher_application_accepted.jinja2#L2
AssEdJournalAssigned:Email,portality/templates/email/assoc_editor_journal_assigned.jinja2#L2,https://github.com/DOAJ/doaj/blob/feature/3519_application_annotation_backend/portality/templates/email/assoc_editor_journal_assigned.jinja2#L2
PublisherApplicationRejected:Email,portality/templates/email/publisher_application_rejected.jinja2#L2,https://github.com/DOAJ/doaj/blob/feature/3519_application_annotation_backend/portality/templates/email/publisher_application_rejected.jinja2#L2
EditorApplicationAssigned:Email,portality/templates/email/editor_application_assigned_group.jinja2#L2,https://github.com/DOAJ/doaj/blob/feature/3519_application_annotation_backend/portality/templates/email/editor_application_assigned_group.jinja2#L2
PasswordReset:Email,portality/templates/email/account_password_reset.jinja2#L2,https://github.com/DOAJ/doaj/blob/feature/3519_application_annotation_backend/portality/templates/email/account_password_reset.jinja2#L2
PublisherUpdateRequestInProgress:Email,portality/templates/email/publisher_update_request_inprogress.jinja2#L2,https://github.com/DOAJ/doaj/blob/feature/3519_application_annotation_backend/portality/templates/email/publisher_update_request_inprogress.jinja2#L2
AdminJournalAssigned:Email,portality/templates/email/editor_journal_assigned_group.jinja2#L2,https://github.com/DOAJ/doaj/blob/feature/3519_application_annotation_backend/portality/templates/email/editor_journal_assigned_group.jinja2#L2
AccountCreated:Email,portality/templates/email/account_created.jinja2#L2,https://github.com/DOAJ/doaj/blob/feature/3519_application_annotation_backend/portality/templates/email/account_created.jinja2#L2
EditorApplicationCompleted:Email,portality/templates/email/editor_application_completed.jinja2#L2,https://github.com/DOAJ/doaj/blob/feature/3519_application_annotation_backend/portality/templates/email/editor_application_completed.jinja2#L2
PublisherApplicationEditorAssigned:Email,portality/templates/email/publisher_application_editor_assigned.jinja2#L2,https://github.com/DOAJ/doaj/blob/feature/3519_application_annotation_backend/portality/templates/email/publisher_application_editor_assigned.jinja2#L2
AssEdApplicationAssigned:Email,portality/templates/email/assoc_editor_application_assigned.jinja2#L2,https://github.com/DOAJ/doaj/blob/feature/3519_application_annotation_backend/portality/templates/email/assoc_editor_application_assigned.jinja2#L2
EditorApplicationInProgress:Email,portality/templates/email/editor_application_inprogress.jinja2#L2,https://github.com/DOAJ/doaj/blob/feature/3519_application_annotation_backend/portality/templates/email/editor_application_inprogress.jinja2#L2
ScriptTagDetected:Email,portality/templates/email/script_tag_detected.jinja2#L2,https://github.com/DOAJ/doaj/blob/feature/3519_application_annotation_backend/portality/templates/email/script_tag_detected.jinja2#L2
PublisherApplicationReceived:Email,portality/templates/email/publisher_application_received.jinja2#L2,https://github.com/DOAJ/doaj/blob/feature/3519_application_annotation_backend/portality/templates/email/publisher_application_received.jinja2#L2
PublisherUpdateRequestEditorAssigned:Email,portality/templates/email/publisher_update_request_editor_assigned.jinja2#L2,https://github.com/DOAJ/doaj/blob/feature/3519_application_annotation_backend/portality/templates/email/publisher_update_request_editor_assigned.jinja2#L2
PublisherUpdateRequestRejected:Email,portality/templates/email/publisher_update_request_rejected.jinja2#L2,https://github.com/DOAJ/doaj/blob/feature/3519_application_annotation_backend/portality/templates/email/publisher_update_request_rejected.jinja2#L2
PublisherApplicationInProgress:Email,portality/templates/email/publisher_application_inprogress.jinja2#L2,https://github.com/DOAJ/doaj/blob/feature/3519_application_annotation_backend/portality/templates/email/publisher_application_inprogress.jinja2#L2
PublisherUpdateRequestRevisionsRequired:Email,portality/templates/email/publisher_update_request_revisions.jinja2#L2,https://github.com/DOAJ/doaj/blob/feature/3519_application_annotation_backend/portality/templates/email/publisher_update_request_revisions.jinja2#L2
PublisherUpdateRequestReceived:Email,portality/templates/email/publisher_update_request_received.jinja2#L2,https://github.com/DOAJ/doaj/blob/feature/3519_application_annotation_backend/portality/templates/email/publisher_update_request_received.jinja2#L2
AdminApplicationReady:Email,portality/templates/email/admin_application_ready.jinja2#L2,https://github.com/DOAJ/doaj/blob/feature/3519_application_annotation_backend/portality/templates/email/admin_application_ready.jinja2#L2
AssEdApplicationInProgress:Email,portality/templates/email/assoc_editor_application_inprogress.jinja2#L2,https://github.com/DOAJ/doaj/blob/feature/3519_application_annotation_backend/portality/templates/email/assoc_editor_application_inprogress.jinja2#L2
NotificationsSearch:Page,portality/templates/dashboard/notifications.html#L2,https://github.com/DOAJ/doaj/blob/feature/3519_application_annotation_backend/portality/templates/dashboard/notifications.html#L2
Dashboard:Page,portality/templates/dashboard/index.html#L2,https://github.com/DOAJ/doaj/blob/feature/3519_application_annotation_backend/portality/templates/dashboard/index.html#L2
DashboardNav:Fragment,portality/templates/dashboard/nav.html#L1,https://github.com/DOAJ/doaj/blob/feature/3519_application_annotation_backend/portality/templates/dashboard/nav.html#L1
AdminNotificationsSearch:Page,portality/templates/admin/global_notifications_search.html#L2,https://github.com/DOAJ/doaj/blob/feature/3519_application_annotation_backend/portality/templates/admin/global_notifications_search.html#L2
AdminArticleMetadata:Page,portality/templates/admin/article_metadata.html#L1,https://github.com/DOAJ/doaj/blob/feature/3519_application_annotation_backend/portality/templates/admin/article_metadata.html#L1
EditorIndex:Page,portality/templates/editor/index.html#L2,https://github.com/DOAJ/doaj/blob/feature/3519_application_annotation_backend/portality/templates/editor/index.html#L2
Notifications:Feature,portality/static/js/notifications.js#L1,https://github.com/DOAJ/doaj/blob/feature/3519_application_annotation_backend/portality/static/js/notifications.js#L1
Dashboard:Feature,portality/static/js/dashboard.js#L1,https://github.com/DOAJ/doaj/blob/feature/3519_application_annotation_backend/portality/static/js/dashboard.js#L1
DontLeave:Feature,portality/static/js/dontleave.js#L1,https://github.com/DOAJ/doaj/blob/feature/3519_application_annotation_backend/portality/static/js/dontleave.js#L1
DOAJ:Library,portality/static/js/doaj.js#L2,https://github.com/DOAJ/doaj/blob/feature/3519_application_annotation_backend/portality/static/js/doaj.js#L2
AdminUpdateRequestSearch:Feature,portality/static/js/edges/admin.update_requests.edge.js#L1,https://github.com/DOAJ/doaj/blob/feature/3519_application_annotation_backend/portality/static/js/edges/admin.update_requests.edge.js#L1
AdminJournalsSearch:Feature,portality/static/js/edges/admin.journals.edge.js#L1,https://github.com/DOAJ/doaj/blob/feature/3519_application_annotation_backend/portality/static/js/edges/admin.journals.edge.js#L1
Notifications:Edge,portality/static/js/edges/notifications.edge.js#L1,https://github.com/DOAJ/doaj/blob/feature/3519_application_annotation_backend/portality/static/js/edges/notifications.edge.js#L1
BackgroundJobsSearch:Feature,portality/static/js/edges/admin.background_jobs.edge.js#L1,https://github.com/DOAJ/doaj/blob/feature/3519_application_annotation_backend/portality/static/js/edges/admin.background_jobs.edge.js#L1
EditorGroupsSearch:Feature,portality/static/js/edges/admin.editor_groups.edge.js#L1,https://github.com/DOAJ/doaj/blob/feature/3519_application_annotation_backend/portality/static/js/edges/admin.editor_groups.edge.js#L1
AdminNotifications:Edge,portality/static/js/edges/admin.notifications.edge.js#L1,https://github.com/DOAJ/doaj/blob/feature/3519_application_annotation_backend/portality/static/js/edges/admin.notifications.edge.js#L1
AdminUserSearch:Feature,portality/static/js/edges/admin.users.edge.js#L1,https://github.com/DOAJ/doaj/blob/feature/3519_application_annotation_backend/portality/static/js/edges/admin.users.edge.js#L1
AdminJournalsArticlesSearch:Feature,portality/static/js/edges/admin.journalarticle.edge.js#L1,https://github.com/DOAJ/doaj/blob/feature/3519_application_annotation_backend/portality/static/js/edges/admin.journalarticle.edge.js#L1
AdminApplicationsSearch:Feature,portality/static/js/edges/admin.applications.edge.js#L1,https://github.com/DOAJ/doaj/blob/feature/3519_application_annotation_backend/portality/static/js/edges/admin.applications.edge.js#L1
DOAJ:Service,portality/bll/doaj.py#L1,https://github.com/DOAJ/doaj/blob/feature/3519_application_annotation_backend/portality/bll/doaj.py#L1
AuthNZ:Exception,portality/bll/exceptions.py#L6,https://github.com/DOAJ/doaj/blob/feature/3519_application_annotation_backend/portality/bll/exceptions.py#L6
ArticleIngest:Exception,portality/bll/exceptions.py#L100,https://github.com/DOAJ/doaj/blob/feature/3519_application_annotation_backend/portality/bll/exceptions.py#L100
Annotations:Service,portality/bll/services/annotations.py#L14,https://github.com/DOAJ/doaj/blob/feature/3519_application_annotation_backend/portality/bll/services/annotations.py#L14
Application:Service,portality/bll/services/application.py#L15,https://github.com/DOAJ/doaj/blob/feature/3519_application_annotation_backend/portality/bll/services/application.py#L15
Sitemap:Feature,portality/bll/services/site.py#L43,https://github.com/DOAJ/doaj/blob/feature/3519_application_annotation_backend/portality/bll/services/site.py#L43
Notifications:Service,portality/bll/services/notifications.py#L1,https://github.com/DOAJ/doaj/blob/feature/3519_application_annotation_backend/portality/bll/services/notifications.py#L1
TopNotifications:Query,portality/bll/services/notifications.py#L76,https://github.com/DOAJ/doaj/blob/feature/3519_application_annotation_backend/portality/bll/services/notifications.py#L76
Notifications:Query,portality/bll/services/notifications.py#L97,https://github.com/DOAJ/doaj/blob/feature/3519_application_annotation_backend/portality/bll/services/notifications.py#L97
AuthNZ:Service,portality/bll/services/authorisation.py#L8,https://github.com/DOAJ/doaj/blob/feature/3519_application_annotation_backend/portality/bll/services/authorisation.py#L8
Article:Service,portality/bll/services/article.py#L12,https://github.com/DOAJ/doaj/blob/feature/3519_application_annotation_backend/portality/bll/services/article.py#L12
ArticleBatchCreate:Feature,portality/bll/services/article.py#L61,https://github.com/DOAJ/doaj/blob/feature/3519_application_annotation_backend/portality/bll/services/article.py#L61
ArticleCreate:Feature,portality/bll/services/article.py#L221,https://github.com/DOAJ/doaj/blob/feature/3519_application_annotation_backend/portality/bll/services/article.py#L221
Todo:Service,portality/bll/services/todo.py#L8,https://github.com/DOAJ/doaj/blob/feature/3519_application_annotation_backend/portality/bll/services/todo.py#L8
Todo:Query,portality/bll/services/todo.py#L205,https://github.com/DOAJ/doaj/blob/feature/3519_application_annotation_backend/portality/bll/services/todo.py#L205
GroupStats:Query,portality/bll/services/todo.py#L280,https://github.com/DOAJ/doaj/blob/feature/3519_application_annotation_backend/portality/bll/services/todo.py#L280
Journal:Service,portality/bll/services/journal.py#L21,https://github.com/DOAJ/doaj/blob/feature/3519_application_annotation_backend/portality/bll/services/journal.py#L21
AdminJournalCSV:Feature,portality/bll/services/journal.py#L168,https://github.com/DOAJ/doaj/blob/feature/3519_application_annotation_backend/portality/bll/services/journal.py#L168
JournalCSV:Feature,portality/bll/services/journal.py#L244; portality/bll/services/journal.py#L254,https://github.com/DOAJ/doaj/blob/feature/3519_application_annotation_backend/portality/bll/services/journal.py#L244; https://github.com/DOAJ/doaj/blob/feature/3519_application_annotation_backend/portality/bll/services/journal.py#L254
Query:Service,portality/bll/services/query.py#L12,https://github.com/DOAJ/doaj/blob/feature/3519_application_annotation_backend/portality/bll/services/query.py#L12
Query:Query,portality/bll/services/query.py#L158,https://github.com/DOAJ/doaj/blob/feature/3519_application_annotation_backend/portality/bll/services/query.py#L158
LongRunning:Queue,deploy/dev/huey_long_running.sh#L3,https://github.com/DOAJ/doaj/blob/feature/3519_application_annotation_backend/deploy/dev/huey_long_running.sh#L3
Main:Queue,deploy/dev/huey_main_queue.sh#L3,https://github.com/DOAJ/doaj/blob/feature/3519_application_annotation_backend/deploy/dev/huey_main_queue.sh#L3
Kibana:Documentation,deploy/kibana_machine/README.md#L3,https://github.com/DOAJ/doaj/blob/feature/3519_application_annotation_backend/deploy/kibana_machine/README.md#L3
BackupsMissing:Monitoring,deploy/lambda/alert_backups_missing.py#L4,https://github.com/DOAJ/doaj/blob/feature/3519_application_annotation_backend/deploy/lambda/alert_backups_missing.py#L4
Notifications:FunctionalTest,doajtest/functional/make_notifications.py#L1,https://github.com/DOAJ/doaj/blob/feature/3519_application_annotation_backend/doajtest/functional/make_notifications.py#L1
Crossref442XML:Fixture,doajtest/fixtures/article_crossref.py#L11,https://github.com/DOAJ/doaj/blob/feature/3519_application_annotation_backend/doajtest/fixtures/article_crossref.py#L11
Crossref531XML:Fixture,doajtest/fixtures/article_crossref.py#L138,https://github.com/DOAJ/doaj/blob/feature/3519_application_annotation_backend/doajtest/fixtures/article_crossref.py#L138
ManEdJournalForm:FunctionalTest,doajtest/testbook/journal_form/maned_form.yml#L1,https://github.com/DOAJ/doaj/blob/feature/3519_application_annotation_backend/doajtest/testbook/journal_form/maned_form.yml#L1
EditorJournalForm:FunctionalTest,doajtest/testbook/journal_form/editor_form.yml#L1,https://github.com/DOAJ/doaj/blob/feature/3519_application_annotation_backend/doajtest/testbook/journal_form/editor_form.yml#L1
AssociateJournalForm:FunctionalTest,doajtest/testbook/journal_form/associate_form.yml#L1,https://github.com/DOAJ/doaj/blob/feature/3519_application_annotation_backend/doajtest/testbook/journal_form/associate_form.yml#L1
DOAJArticleXMLUpload:FunctionalTest,doajtest/testbook/article_xml_upload/article_doaj_xml_upload.yml#L1,https://github.com/DOAJ/doaj/blob/feature/3519_application_annotation_backend/doajtest/testbook/article_xml_upload/article_doaj_xml_upload.yml#L1
CrossrefUpload:FunctionalTest,doajtest/testbook/article_xml_upload/crossref-5.3.1.yml#L1,https://github.com/DOAJ/doaj/blob/feature/3519_application_annotation_backend/doajtest/testbook/article_xml_upload/crossref-5.3.1.yml#L1
CrossrefUplaod:FunctionalTest,doajtest/testbook/article_xml_upload/crossref-4.4.2.yml#L1,https://github.com/DOAJ/doaj/blob/feature/3519_application_annotation_backend/doajtest/testbook/article_xml_upload/crossref-4.4.2.yml#L1
AssociateApplicationForm:FunctionalTest,doajtest/testbook/new_application_form/associate_editor_form.yml#L1,https://github.com/DOAJ/doaj/blob/feature/3519_application_annotation_backend/doajtest/testbook/new_application_form/associate_editor_form.yml#L1
ManEdApplicationForm:FunctionalTest,doajtest/testbook/new_application_form/maned_form.yml#L1,https://github.com/DOAJ/doaj/blob/feature/3519_application_annotation_backend/doajtest/testbook/new_application_form/maned_form.yml#L1
EditorApplicationForm:FunctionalTest,doajtest/testbook/new_application_form/editor_form.yml#L1,https://github.com/DOAJ/doaj/blob/feature/3519_application_annotation_backend/doajtest/testbook/new_application_form/editor_form.yml#L1
PublisherApplicationForm:FunctionalTest,doajtest/testbook/new_application_form/publishers_form.yml#L1,https://github.com/DOAJ/doaj/blob/feature/3519_application_annotation_backend/doajtest/testbook/new_application_form/publishers_form.yml#L1
EditorApplicationsSearch:FunctionalTest,doajtest/testbook/editor_search/applications.yml#L1,https://github.com/DOAJ/doaj/blob/feature/3519_application_annotation_backend/doajtest/testbook/editor_search/applications.yml#L1
EditorJournalsSearch:FunctionalTest,doajtest/testbook/editor_search/journals.yml#L1,https://github.com/DOAJ/doaj/blob/feature/3519_application_annotation_backend/doajtest/testbook/editor_search/journals.yml#L1
JournalsArticlesBulkEdit:FunctionalTest,doajtest/testbook/bulk_edit/journals_articles.yml#L1,https://github.com/DOAJ/doaj/blob/feature/3519_application_annotation_backend/doajtest/testbook/bulk_edit/journals_articles.yml#L1
ApplicationsBulkEdit:FunctionalTest,doajtest/testbook/bulk_edit/applications.yml#L1,https://github.com/DOAJ/doaj/blob/feature/3519_application_annotation_backend/doajtest/testbook/bulk_edit/applications.yml#L1
ArticlesPreservation:FunctionalTest,doajtest/testbook/articles_preservation/user_test_script.yml#L1,https://github.com/DOAJ/doaj/blob/feature/3519_application_annotation_backend/doajtest/testbook/articles_preservation/user_test_script.yml#L1
Dashboard:FunctionalTest,doajtest/testbook/dashboard/editorial_group_status.yml#L1,https://github.com/DOAJ/doaj/blob/feature/3519_application_annotation_backend/doajtest/testbook/dashboard/editorial_group_status.yml#L1
AssociateApplicationsSearch:FunctionalTest,doajtest/testbook/associate_search/applications.yml#L1,https://github.com/DOAJ/doaj/blob/feature/3519_application_annotation_backend/doajtest/testbook/associate_search/applications.yml#L1
AssociateJournalsSearch:FunctionalTest,doajtest/testbook/associate_search/journals.yml#L1,https://github.com/DOAJ/doaj/blob/feature/3519_application_annotation_backend/doajtest/testbook/associate_search/journals.yml#L1
ArticleMetadataUploadForm:FunctionalTest,doajtest/testbook/article_metadata_upload_form/article_metadata_upload_form.yml#L1,https://github.com/DOAJ/doaj/blob/feature/3519_application_annotation_backend/doajtest/testbook/article_metadata_upload_form/article_metadata_upload_form.yml#L1
AdminArticleMetadata:FunctionalTest,doajtest/testbook/admin_article_metadata_form/admin_article_metadata_form.yml#L1,https://github.com/DOAJ/doaj/blob/feature/3519_application_annotation_backend/doajtest/testbook/admin_article_metadata_form/admin_article_metadata_form.yml#L1
UpdateRequestRejection:FunctionalTest,doajtest/testbook/application_state_change/update_request_rejection.yml#L1,https://github.com/DOAJ/doaj/blob/feature/3519_application_annotation_backend/doajtest/testbook/application_state_change/update_request_rejection.yml#L1
ApplicationStateChange:FunctionalTest,doajtest/testbook/application_state_change/application_state_change.yml#L1,https://github.com/DOAJ/doaj/blob/feature/3519_application_annotation_backend/doajtest/testbook/application_state_change/application_state_change.yml#L1
AdminApplicationsUpdateRequestsSearch:FunctionalTest,doajtest/testbook/administrative_search/applications_update_requests.yml#L1,https://github.com/DOAJ/doaj/blob/feature/3519_application_annotation_backend/doajtest/testbook/administrative_search/applications_update_requests.yml#L1
AdminUserSearch:FunctionalTest,doajtest/testbook/administrative_search/users.yml#L1,https://github.com/DOAJ/doaj/blob/feature/3519_application_annotation_backend/doajtest/testbook/administrative_search/users.yml#L1
BackgroundJobsSearch:FunctionalTest,doajtest/testbook/administrative_search/background_jobs.yml#L1,https://github.com/DOAJ/doaj/blob/feature/3519_application_annotation_backend/doajtest/testbook/administrative_search/background_jobs.yml#L1
EditorGroupsSearch:FunctionalTest,doajtest/testbook/administrative_search/editor_groups.yml#L1,https://github.com/DOAJ/doaj/blob/feature/3519_application_annotation_backend/doajtest/testbook/administrative_search/editor_groups.yml#L1
AdminJournalsArticlesSearch:FunctionalTest,doajtest/testbook/administrative_search/journals_and_articles_(admin).yml#L1,https://github.com/DOAJ/doaj/blob/feature/3519_application_annotation_backend/doajtest/testbook/administrative_search/journals_and_articles_(admin).yml#L1
AdminJournalsSearch:FunctionalTest,doajtest/testbook/administrative_search/journals.yml#L1,https://github.com/DOAJ/doaj/blob/feature/3519_application_annotation_backend/doajtest/testbook/administrative_search/journals.yml#L1
Continuations:FunctionalTest,doajtest/testbook/continuations/continuations.yml#L1,https://github.com/DOAJ/doaj/blob/feature/3519_application_annotation_backend/doajtest/testbook/continuations/continuations.yml#L1
CMS:DataStore,cms/README.md#L3,https://github.com/DOAJ/doaj/blob/feature/3519_application_annotation_backend/cms/README.md#L3
CMS:Documentation,cms/README.md#L4; cms/test-page.html#L2,https://github.com/DOAJ/doaj/blob/feature/3519_application_annotation_backend/cms/README.md#L4; https://github.com/DOAJ/doaj/blob/feature/3519_application_annotation_backend/cms/test-page.html#L2
About:Fragment,cms/pages/about/index.md#L7,https://github.com/DOAJ/doaj/blob/feature/3519_application_annotation_backend/cms/pages/about/index.md#L7
Team:Fragment,cms/pages/about/team.md#L7,https://github.com/DOAJ/doaj/blob/feature/3519_application_annotation_backend/cms/pages/about/team.md#L7
Ambassadors:Fragment,cms/pages/about/ambassadors.md#L8,https://github.com/DOAJ/doaj/blob/feature/3519_application_annotation_backend/cms/pages/about/ambassadors.md#L8
At20:Fragment,cms/pages/about/at-20.md#L7,https://github.com/DOAJ/doaj/blob/feature/3519_application_annotation_backend/cms/pages/about/at-20.md#L7
AdvisoryBoardCouncil:Fragment,cms/pages/about/advisory-board-council.md#L7,https://github.com/DOAJ/doaj/blob/feature/3519_application_annotation_backend/cms/pages/about/advisory-board-council.md#L7
EditorialSubcommittee:Fragment,cms/pages/about/editorial-subcommittee.md#L8,https://github.com/DOAJ/doaj/blob/feature/3519_application_annotation_backend/cms/pages/about/editorial-subcommittee.md#L8
Volunteers:Fragment,cms/pages/about/volunteers.md#L8,https://github.com/DOAJ/doaj/blob/feature/3519_application_annotation_backend/cms/pages/about/volunteers.md#L8
Preservation:Fragment,cms/pages/preservation/index.md#L7,https://github.com/DOAJ/doaj/blob/feature/3519_application_annotation_backend/cms/pages/preservation/index.md#L7
ApplicationThanks:Fragment,cms/pages/apply/thank-you.md#L6,https://github.com/DOAJ/doaj/blob/feature/3519_application_annotation_backend/cms/pages/apply/thank-you.md#L6
DraftSaved:Fragment,cms/pages/apply/draft_saved.md#L5,https://github.com/DOAJ/doaj/blob/feature/3519_application_annotation_backend/cms/pages/apply/draft_saved.md#L5
Seal:Fragment,cms/pages/apply/seal.md#L7,https://github.com/DOAJ/doaj/blob/feature/3519_application_annotation_backend/cms/pages/apply/seal.md#L7
Transparency:Fragment,cms/pages/apply/transparency.md#L7,https://github.com/DOAJ/doaj/blob/feature/3519_application_annotation_backend/cms/pages/apply/transparency.md#L7
GuideToApplying:Fragment,cms/pages/apply/guide.md#L7,https://github.com/DOAJ/doaj/blob/feature/3519_application_annotation_backend/cms/pages/apply/guide.md#L7
PublisherResponsibilities:Fragment,cms/pages/apply/publisher-responsibilities.md#L7,https://github.com/DOAJ/doaj/blob/feature/3519_application_annotation_backend/cms/pages/apply/publisher-responsibilities.md#L7
CopyrightAndLicensing:Fragment,cms/pages/apply/copyright-and-licensing.md#L7,https://github.com/DOAJ/doaj/blob/feature/3519_application_annotation_backend/cms/pages/apply/copyright-and-licensing.md#L7
WhyIndex:Fragment,cms/pages/apply/why-index.md#L7,https://github.com/DOAJ/doaj/blob/feature/3519_application_annotation_backend/cms/pages/apply/why-index.md#L7
SupportThanks:Fragment,cms/pages/support/thank-you.md#L5,https://github.com/DOAJ/doaj/blob/feature/3519_application_annotation_backend/cms/pages/support/thank-you.md#L5
Support:Fragment,cms/pages/support/index.md#L9,https://github.com/DOAJ/doaj/blob/feature/3519_application_annotation_backend/cms/pages/support/index.md#L9
PublisherSupporters:Fragment,cms/pages/support/publisher-supporters.md#L9,https://github.com/DOAJ/doaj/blob/feature/3519_application_annotation_backend/cms/pages/support/publisher-supporters.md#L9
Supporters:Fragment,cms/pages/support/supporters.md#L6,https://github.com/DOAJ/doaj/blob/feature/3519_application_annotation_backend/cms/pages/support/supporters.md#L6
OAIPMH:Fragment,cms/pages/docs/oai-pmh.md#L8,https://github.com/DOAJ/doaj/blob/feature/3519_application_annotation_backend/cms/pages/docs/oai-pmh.md#L8
XML:Fragment,cms/pages/docs/xml.md#L7,https://github.com/DOAJ/doaj/blob/feature/3519_application_annotation_backend/cms/pages/docs/xml.md#L7
OpenURL:Fragment,cms/pages/docs/openurl.md#L7,https://github.com/DOAJ/doaj/blob/feature/3519_application_annotation_backend/cms/pages/docs/openurl.md#L7
FAQ:Fragment,cms/pages/docs/faq.md#L7,https://github.com/DOAJ/doaj/blob/feature/3519_application_annotation_backend/cms/pages/docs/faq.md#L7
Widgets:Fragment,cms/pages/docs/widgets.md#L8,https://github.com/DOAJ/doaj/blob/feature/3519_application_annotation_backend/cms/pages/docs/widgets.md#L8
PublicDataDump:Fragment,cms/pages/docs/public-data-dump.md#L8,https://github.com/DOAJ/doaj/blob/feature/3519_application_annotation_backend/cms/pages/docs/public-data-dump.md#L8
Accessibility:Fragment,cms/pages/legal/accessibility.md#L6,https://github.com/DOAJ/doaj/blob/feature/3519_application_annotation_backend/cms/pages/legal/accessibility.md#L6
Terms:Fragment,cms/pages/legal/terms.md#L7,https://github.com/DOAJ/doaj/blob/feature/3519_application_annotation_backend/cms/pages/legal/terms.md#L7
Media:Fragment,cms/pages/legal/media.md#L6,https://github.com/DOAJ/doaj/blob/feature/3519_application_annotation_backend/cms/pages/legal/media.md#L6
Privacy:Fragment,cms/pages/legal/privacy.md#L7,https://github.com/DOAJ/doaj/blob/feature/3519_application_annotation_backend/cms/pages/legal/privacy.md#L7
ContactUs:Fragment,cms/pages/legal/contact.md#L6,https://github.com/DOAJ/doaj/blob/feature/3519_application_annotation_backend/cms/pages/legal/contact.md#L6
EditorialSubCommittee:Data,cms/data/editorial-subcommittee.yml#L1,https://github.com/DOAJ/doaj/blob/feature/3519_application_annotation_backend/cms/data/editorial-subcommittee.yml#L1
Navigation:Data,cms/data/nav.yml#L1,https://github.com/DOAJ/doaj/blob/feature/3519_application_annotation_backend/cms/data/nav.yml#L1
Notifications:Data,cms/data/notifications.yml#L1,https://github.com/DOAJ/doaj/blob/feature/3519_application_annotation_backend/cms/data/notifications.yml#L1
Team:Data,cms/data/team.yml#L2,https://github.com/DOAJ/doaj/blob/feature/3519_application_annotation_backend/cms/data/team.yml#L2
PublisherSupporters:Data,cms/data/publisher-supporters.yml#L1,https://github.com/DOAJ/doaj/blob/feature/3519_application_annotation_backend/cms/data/publisher-supporters.yml#L1
Volunteers:Data,cms/data/volunteers.yml#L3,https://github.com/DOAJ/doaj/blob/feature/3519_application_annotation_backend/cms/data/volunteers.yml#L3
Ambassadors:Data,cms/data/ambassadors.yml#L2,https://github.com/DOAJ/doaj/blob/feature/3519_application_annotation_backend/cms/data/ambassadors.yml#L2
Promo:Data,cms/data/promo.yml#L9,https://github.com/DOAJ/doaj/blob/feature/3519_application_annotation_backend/cms/data/promo.yml#L9
Sponsors:Data,cms/data/sponsors.yml#L2,https://github.com/DOAJ/doaj/blob/feature/3519_application_annotation_backend/cms/data/sponsors.yml#L2
Supporters:Data,cms/data/supporters.yml#L2,https://github.com/DOAJ/doaj/blob/feature/3519_application_annotation_backend/cms/data/supporters.yml#L2
AdvisoryBoardCouncil:Data,cms/data/advisory-board-council.yml#L2,https://github.com/DOAJ/doaj/blob/feature/3519_application_annotation_backend/cms/data/advisory-board-council.yml#L2
Testbook:Script,docs/testbook.sh#L12,https://github.com/DOAJ/doaj/blob/feature/3519_application_annotation_backend/docs/testbook.sh#L12
TestCoverage:Script,docs/coverage.sh#L8,https://github.com/DOAJ/doaj/blob/feature/3519_application_annotation_backend/docs/coverage.sh#L8
FeatureMap:Script,docs/featuremap.sh#L12,https://github.com/DOAJ/doaj/blob/feature/3519_application_annotation_backend/docs/featuremap.sh#L12
Forms:Script,docs/forms.sh#L3,https://github.com/DOAJ/doaj/blob/feature/3519_application_annotation_backend/docs/forms.sh#L3
DataModels:Script,docs/data_models.sh#L4,https://github.com/DOAJ/doaj/blob/feature/3519_application_annotation_backend/docs/data_models.sh#L4
GeneratedDocsIndex:Script,docs/index.sh#L3,https://github.com/DOAJ/doaj/blob/feature/3519_application_annotation_backend/docs/index.sh#L3
AWS:Documentation,docs/system/AWS.md#L3,https://github.com/DOAJ/doaj/blob/feature/3519_application_annotation_backend/docs/system/AWS.md#L3
AuthNZ:Documentation,docs/system/AUTHNZ.md#L3,https://github.com/DOAJ/doaj/blob/feature/3519_application_annotation_backend/docs/system/AUTHNZ.md#L3
S3:Documentation,docs/system/S3.md#L3,https://github.com/DOAJ/doaj/blob/feature/3519_application_annotation_backend/docs/system/S3.md#L3
OpenURL:Documentation,docs/system/OPENURL.md#L3,https://github.com/DOAJ/doaj/blob/feature/3519_application_annotation_backend/docs/system/OPENURL.md#L3
Install:Documentation,docs/system/INSTALL.md#L3,https://github.com/DOAJ/doaj/blob/feature/3519_application_annotation_backend/docs/system/INSTALL.md#L3
API:Documentation,docs/system/API.md#L3,https://github.com/DOAJ/doaj/blob/feature/3519_application_annotation_backend/docs/system/API.md#L3
FieldDescriptions:Documentation,docs/data_models/README.md#L3,https://github.com/DOAJ/doaj/blob/feature/3519_application_annotation_backend/docs/data_models/README.md#L3
