DOAJ:Documentation,README.md#L2,https://github.com/DOAJ/doaj/blob/master/README.md#L2
LCCXML:Data,lccSubjects.xml#L1,https://github.com/DOAJ/doaj/blob/master/lccSubjects.xml#L1
Crossref442XML:Fixture,doajtest/fixtures/article_crossref.py#L12,https://github.com/DOAJ/doaj/blob/master/doajtest/fixtures/article_crossref.py#L12
Crossref531XML:Fixture,doajtest/fixtures/article_crossref.py#L139,https://github.com/DOAJ/doaj/blob/master/doajtest/fixtures/article_crossref.py#L139
ArticlesPreservation:FunctionalTest,doajtest/testbook/articles_preservation/user_test_script.yml#L1,https://github.com/DOAJ/doaj/blob/master/doajtest/testbook/articles_preservation/user_test_script.yml#L1
ArticleMetadataUploadForm:FunctionalTest,doajtest/testbook/article_metadata_upload_form/article_metadata_upload_form.yml#L1,https://github.com/DOAJ/doaj/blob/master/doajtest/testbook/article_metadata_upload_form/article_metadata_upload_form.yml#L1
ApplicationStateChange:FunctionalTest,doajtest/testbook/application_state_change/application_state_change.yml#L1,https://github.com/DOAJ/doaj/blob/master/doajtest/testbook/application_state_change/application_state_change.yml#L1
UpdateRequestRejection:FunctionalTest,doajtest/testbook/application_state_change/update_request_rejection.yml#L1,https://github.com/DOAJ/doaj/blob/master/doajtest/testbook/application_state_change/update_request_rejection.yml#L1
Continuations:FunctionalTest,doajtest/testbook/continuations/continuations.yml#L1,https://github.com/DOAJ/doaj/blob/master/doajtest/testbook/continuations/continuations.yml#L1
JournalsArticlesBulkEdit:FunctionalTest,doajtest/testbook/bulk_edit/journals_articles.yml#L1,https://github.com/DOAJ/doaj/blob/master/doajtest/testbook/bulk_edit/journals_articles.yml#L1
ApplicationsBulkEdit:FunctionalTest,doajtest/testbook/bulk_edit/applications.yml#L1,https://github.com/DOAJ/doaj/blob/master/doajtest/testbook/bulk_edit/applications.yml#L1
EditorJournalsSearch:FunctionalTest,doajtest/testbook/editor_search/journals.yml#L1,https://github.com/DOAJ/doaj/blob/master/doajtest/testbook/editor_search/journals.yml#L1
EditorApplicationsSearch:FunctionalTest,doajtest/testbook/editor_search/applications.yml#L1,https://github.com/DOAJ/doaj/blob/master/doajtest/testbook/editor_search/applications.yml#L1
AdminArticleMetadata:FunctionalTest,doajtest/testbook/admin_article_metadata_form/admin_article_metadata_form.yml#L1,https://github.com/DOAJ/doaj/blob/master/doajtest/testbook/admin_article_metadata_form/admin_article_metadata_form.yml#L1
AssociateJournalsSearch:FunctionalTest,doajtest/testbook/associate_search/journals.yml#L1,https://github.com/DOAJ/doaj/blob/master/doajtest/testbook/associate_search/journals.yml#L1
AssociateApplicationsSearch:FunctionalTest,doajtest/testbook/associate_search/applications.yml#L1,https://github.com/DOAJ/doaj/blob/master/doajtest/testbook/associate_search/applications.yml#L1
AdminJournalsSearch:FunctionalTest,doajtest/testbook/administrative_search/journals.yml#L1,https://github.com/DOAJ/doaj/blob/master/doajtest/testbook/administrative_search/journals.yml#L1
BackgroundJobsSearch:FunctionalTest,doajtest/testbook/administrative_search/background_jobs.yml#L1,https://github.com/DOAJ/doaj/blob/master/doajtest/testbook/administrative_search/background_jobs.yml#L1
EditorGroupsSearch:FunctionalTest,doajtest/testbook/administrative_search/editor_groups.yml#L1,https://github.com/DOAJ/doaj/blob/master/doajtest/testbook/administrative_search/editor_groups.yml#L1
AdminApplicationsUpdateRequestsSearch:FunctionalTest,doajtest/testbook/administrative_search/applications_update_requests.yml#L1,https://github.com/DOAJ/doaj/blob/master/doajtest/testbook/administrative_search/applications_update_requests.yml#L1
AdminUserSearch:FunctionalTest,doajtest/testbook/administrative_search/users.yml#L1,https://github.com/DOAJ/doaj/blob/master/doajtest/testbook/administrative_search/users.yml#L1
AdminJournalsArticlesSearch:FunctionalTest,doajtest/testbook/administrative_search/journals_and_articles_(admin).yml#L1,https://github.com/DOAJ/doaj/blob/master/doajtest/testbook/administrative_search/journals_and_articles_(admin).yml#L1
CrossrefUplaod:FunctionalTest,doajtest/testbook/article_xml_upload/crossref-4.4.2.yml#L1,https://github.com/DOAJ/doaj/blob/master/doajtest/testbook/article_xml_upload/crossref-4.4.2.yml#L1
DOAJArticleXMLUpload:FunctionalTest,doajtest/testbook/article_xml_upload/article_doaj_xml_upload.yml#L1,https://github.com/DOAJ/doaj/blob/master/doajtest/testbook/article_xml_upload/article_doaj_xml_upload.yml#L1
CrossrefUpload:FunctionalTest,doajtest/testbook/article_xml_upload/crossref-5.3.1.yml#L1,https://github.com/DOAJ/doaj/blob/master/doajtest/testbook/article_xml_upload/crossref-5.3.1.yml#L1
AssociateJournalForm:FunctionalTest,doajtest/testbook/journal_form/associate_form.yml#L1,https://github.com/DOAJ/doaj/blob/master/doajtest/testbook/journal_form/associate_form.yml#L1
ManEdJournalForm:FunctionalTest,doajtest/testbook/journal_form/maned_form.yml#L1,https://github.com/DOAJ/doaj/blob/master/doajtest/testbook/journal_form/maned_form.yml#L1
EditorJournalForm:FunctionalTest,doajtest/testbook/journal_form/editor_form.yml#L1,https://github.com/DOAJ/doaj/blob/master/doajtest/testbook/journal_form/editor_form.yml#L1
AssociateApplicationForm:FunctionalTest,doajtest/testbook/new_application_form/associate_editor_form.yml#L1,https://github.com/DOAJ/doaj/blob/master/doajtest/testbook/new_application_form/associate_editor_form.yml#L1
PublisherApplicationForm:FunctionalTest,doajtest/testbook/new_application_form/publishers_form.yml#L1,https://github.com/DOAJ/doaj/blob/master/doajtest/testbook/new_application_form/publishers_form.yml#L1
ManEdApplicationForm:FunctionalTest,doajtest/testbook/new_application_form/maned_form.yml#L1,https://github.com/DOAJ/doaj/blob/master/doajtest/testbook/new_application_form/maned_form.yml#L1
EditorApplicationForm:FunctionalTest,doajtest/testbook/new_application_form/editor_form.yml#L1,https://github.com/DOAJ/doaj/blob/master/doajtest/testbook/new_application_form/editor_form.yml#L1
Dashboard:FunctionalTest,doajtest/testbook/dashboard/editorial_group_status.yml#L1,https://github.com/DOAJ/doaj/blob/master/doajtest/testbook/dashboard/editorial_group_status.yml#L1
Notifications:FunctionalTest,doajtest/functional/make_notifications.py#L1,https://github.com/DOAJ/doaj/blob/master/doajtest/functional/make_notifications.py#L1
CMS:DataStore,cms/README.md#L3,https://github.com/DOAJ/doaj/blob/master/cms/README.md#L3
CMS:Documentation,cms/README.md#L4; cms/test-page.html#L2,https://github.com/DOAJ/doaj/blob/master/cms/README.md#L4; https://github.com/DOAJ/doaj/blob/master/cms/test-page.html#L2
Preservation:Fragment,cms/pages/preservation/index.md#L7,https://github.com/DOAJ/doaj/blob/master/cms/pages/preservation/index.md#L7
SupportThanks:Fragment,cms/pages/support/thank-you.md#L5,https://github.com/DOAJ/doaj/blob/master/cms/pages/support/thank-you.md#L5
Support:Fragment,cms/pages/support/index.md#L9,https://github.com/DOAJ/doaj/blob/master/cms/pages/support/index.md#L9
PublisherSupporters:Fragment,cms/pages/support/publisher-supporters.md#L9,https://github.com/DOAJ/doaj/blob/master/cms/pages/support/publisher-supporters.md#L9
Supporters:Fragment,cms/pages/support/supporters.md#L6,https://github.com/DOAJ/doaj/blob/master/cms/pages/support/supporters.md#L6
Team:Fragment,cms/pages/about/team.md#L7,https://github.com/DOAJ/doaj/blob/master/cms/pages/about/team.md#L7
Volunteers:Fragment,cms/pages/about/volunteers.md#L8,https://github.com/DOAJ/doaj/blob/master/cms/pages/about/volunteers.md#L8
AdvisoryBoardCouncil:Fragment,cms/pages/about/advisory-board-council.md#L7,https://github.com/DOAJ/doaj/blob/master/cms/pages/about/advisory-board-council.md#L7
At20:Fragment,cms/pages/about/at-20.md#L8,https://github.com/DOAJ/doaj/blob/master/cms/pages/about/at-20.md#L8
About:Fragment,cms/pages/about/index.md#L7,https://github.com/DOAJ/doaj/blob/master/cms/pages/about/index.md#L7
Ambassadors:Fragment,cms/pages/about/ambassadors.md#L8,https://github.com/DOAJ/doaj/blob/master/cms/pages/about/ambassadors.md#L8
XML:Fragment,cms/pages/docs/xml.md#L7,https://github.com/DOAJ/doaj/blob/master/cms/pages/docs/xml.md#L7
FAQ:Fragment,cms/pages/docs/faq.md#L7,https://github.com/DOAJ/doaj/blob/master/cms/pages/docs/faq.md#L7
PublicDataDump:Fragment,cms/pages/docs/public-data-dump.md#L8,https://github.com/DOAJ/doaj/blob/master/cms/pages/docs/public-data-dump.md#L8
OpenURL:Fragment,cms/pages/docs/openurl.md#L7,https://github.com/DOAJ/doaj/blob/master/cms/pages/docs/openurl.md#L7
OAIPMH:Fragment,cms/pages/docs/oai-pmh.md#L8,https://github.com/DOAJ/doaj/blob/master/cms/pages/docs/oai-pmh.md#L8
Widgets:Fragment,cms/pages/docs/widgets.md#L8,https://github.com/DOAJ/doaj/blob/master/cms/pages/docs/widgets.md#L8
ApplicationThanks:Fragment,cms/pages/apply/thank-you.md#L6,https://github.com/DOAJ/doaj/blob/master/cms/pages/apply/thank-you.md#L6
WhyIndex:Fragment,cms/pages/apply/why-index.md#L7,https://github.com/DOAJ/doaj/blob/master/cms/pages/apply/why-index.md#L7
PublisherResponsibilities:Fragment,cms/pages/apply/publisher-responsibilities.md#L7,https://github.com/DOAJ/doaj/blob/master/cms/pages/apply/publisher-responsibilities.md#L7
CopyrightAndLicensing:Fragment,cms/pages/apply/copyright-and-licensing.md#L7,https://github.com/DOAJ/doaj/blob/master/cms/pages/apply/copyright-and-licensing.md#L7
GuideToApplying:Fragment,cms/pages/apply/guide.md#L7,https://github.com/DOAJ/doaj/blob/master/cms/pages/apply/guide.md#L7
Transparency:Fragment,cms/pages/apply/transparency.md#L7,https://github.com/DOAJ/doaj/blob/master/cms/pages/apply/transparency.md#L7
DraftSaved:Fragment,cms/pages/apply/draft_saved.md#L5,https://github.com/DOAJ/doaj/blob/master/cms/pages/apply/draft_saved.md#L5
Seal:Fragment,cms/pages/apply/seal.md#L7,https://github.com/DOAJ/doaj/blob/master/cms/pages/apply/seal.md#L7
ContactUs:Fragment,cms/pages/legal/contact.md#L6,https://github.com/DOAJ/doaj/blob/master/cms/pages/legal/contact.md#L6
Accessibility:Fragment,cms/pages/legal/accessibility.md#L6,https://github.com/DOAJ/doaj/blob/master/cms/pages/legal/accessibility.md#L6
Terms:Fragment,cms/pages/legal/terms.md#L7,https://github.com/DOAJ/doaj/blob/master/cms/pages/legal/terms.md#L7
Media:Fragment,cms/pages/legal/media.md#L6,https://github.com/DOAJ/doaj/blob/master/cms/pages/legal/media.md#L6
Privacy:Fragment,cms/pages/legal/privacy.md#L7,https://github.com/DOAJ/doaj/blob/master/cms/pages/legal/privacy.md#L7
Promo:Data,cms/data/promo.yml#L9,https://github.com/DOAJ/doaj/blob/master/cms/data/promo.yml#L9
Navigation:Data,cms/data/nav.yml#L1,https://github.com/DOAJ/doaj/blob/master/cms/data/nav.yml#L1
Supporters:Data,cms/data/supporters.yml#L2,https://github.com/DOAJ/doaj/blob/master/cms/data/supporters.yml#L2
Notifications:Data,cms/data/notifications.yml#L1,https://github.com/DOAJ/doaj/blob/master/cms/data/notifications.yml#L1
AdvisoryBoardCouncil:Data,cms/data/advisory-board-council.yml#L2,https://github.com/DOAJ/doaj/blob/master/cms/data/advisory-board-council.yml#L2
Sponsors:Data,cms/data/sponsors.yml#L2,https://github.com/DOAJ/doaj/blob/master/cms/data/sponsors.yml#L2
Ambassadors:Data,cms/data/ambassadors.yml#L2,https://github.com/DOAJ/doaj/blob/master/cms/data/ambassadors.yml#L2
Volunteers:Data,cms/data/volunteers.yml#L3,https://github.com/DOAJ/doaj/blob/master/cms/data/volunteers.yml#L3
Team:Data,cms/data/team.yml#L2,https://github.com/DOAJ/doaj/blob/master/cms/data/team.yml#L2
PublisherSupporters:Data,cms/data/publisher-supporters.yml#L1,https://github.com/DOAJ/doaj/blob/master/cms/data/publisher-supporters.yml#L1
Testbook:Script,docs/testbook.sh#L12,https://github.com/DOAJ/doaj/blob/master/docs/testbook.sh#L12
TestCoverage:Script,docs/coverage.sh#L8,https://github.com/DOAJ/doaj/blob/master/docs/coverage.sh#L8
GeneratedDocsIndex:Script,docs/index.sh#L3,https://github.com/DOAJ/doaj/blob/master/docs/index.sh#L3
DataModels:Script,docs/data_models.sh#L4,https://github.com/DOAJ/doaj/blob/master/docs/data_models.sh#L4
Forms:Script,docs/forms.sh#L3,https://github.com/DOAJ/doaj/blob/master/docs/forms.sh#L3
FeatureMap:Script,docs/featuremap.sh#L12,https://github.com/DOAJ/doaj/blob/master/docs/featuremap.sh#L12
AuthNZ:Documentation,docs/system/AUTHNZ.md#L3,https://github.com/DOAJ/doaj/blob/master/docs/system/AUTHNZ.md#L3
S3:Documentation,docs/system/S3.md#L3,https://github.com/DOAJ/doaj/blob/master/docs/system/S3.md#L3
OpenURL:Documentation,docs/system/OPENURL.md#L3,https://github.com/DOAJ/doaj/blob/master/docs/system/OPENURL.md#L3
API:Documentation,docs/system/API.md#L3,https://github.com/DOAJ/doaj/blob/master/docs/system/API.md#L3
Install:Documentation,docs/system/INSTALL.md#L3,https://github.com/DOAJ/doaj/blob/master/docs/system/INSTALL.md#L3
AWS:Documentation,docs/system/AWS.md#L3,https://github.com/DOAJ/doaj/blob/master/docs/system/AWS.md#L3
FieldDescriptions:Documentation,docs/data_models/README.md#L3,https://github.com/DOAJ/doaj/blob/master/docs/data_models/README.md#L3
LongRunning:Queue,deploy/dev/huey_long_running.sh#L3,https://github.com/DOAJ/doaj/blob/master/deploy/dev/huey_long_running.sh#L3
Main:Queue,deploy/dev/huey_main_queue.sh#L3,https://github.com/DOAJ/doaj/blob/master/deploy/dev/huey_main_queue.sh#L3
BackupsMissing:Monitoring,deploy/lambda/alert_backups_missing.py#L4,https://github.com/DOAJ/doaj/blob/master/deploy/lambda/alert_backups_missing.py#L4
Kibana:Documentation,deploy/kibana_machine/README.md#L3,https://github.com/DOAJ/doaj/blob/master/deploy/kibana_machine/README.md#L3
DomainObject:Model,portality/dao.py#L48,https://github.com/DOAJ/doaj/blob/master/portality/dao.py#L48
SearchURLGenerator:Feature,portality/dao.py#L1009,https://github.com/DOAJ/doaj/blob/master/portality/dao.py#L1009
ErrorHandler:Feature,portality/error_handler.py#L46,https://github.com/DOAJ/doaj/blob/master/portality/error_handler.py#L46
AppSettings:Config,portality/settings.py#L2,https://github.com/DOAJ/doaj/blob/master/portality/settings.py#L2
AuthNZ:Feature,portality/authorise.py#L5,https://github.com/DOAJ/doaj/blob/master/portality/authorise.py#L5
DOAJ:WebApp,portality/app.py#L10,https://github.com/DOAJ/doaj/blob/master/portality/app.py#L10
Constants:Config,portality/constants.py#L1,https://github.com/DOAJ/doaj/blob/master/portality/constants.py#L1
LoginManager:Feature,portality/core.py#L26,https://github.com/DOAJ/doaj/blob/master/portality/core.py#L26
CreateApp:Framework,portality/core.py#L37,https://github.com/DOAJ/doaj/blob/master/portality/core.py#L37
CrossrefXML:Feature,portality/core.py#L135,https://github.com/DOAJ/doaj/blob/master/portality/core.py#L135
ElasticConnection:Framework,portality/core.py#L168,https://github.com/DOAJ/doaj/blob/master/portality/core.py#L168
InitialiseIndex:Framework,portality/core.py#L224,https://github.com/DOAJ/doaj/blob/master/portality/core.py#L224
APM:Feature,portality/core.py#L252,https://github.com/DOAJ/doaj/blob/master/portality/core.py#L252
ProxyFix:Framework,portality/core.py#L267,https://github.com/DOAJ/doaj/blob/master/portality/core.py#L267
CMS:Build,portality/core.py#L326,https://github.com/DOAJ/doaj/blob/master/portality/core.py#L326
FileStore:Feature,portality/store.py#L42,https://github.com/DOAJ/doaj/blob/master/portality/store.py#L42
FileStoreS3:Feature,portality/store.py#L76,https://github.com/DOAJ/doaj/blob/master/portality/store.py#L76
DataSets:Data,portality/datasets.py#L2,https://github.com/DOAJ/doaj/blob/master/portality/datasets.py#L2
Countries:Data,portality/datasets.py#L13,https://github.com/DOAJ/doaj/blob/master/portality/datasets.py#L13
Currencies:Data,portality/datasets.py#L29,https://github.com/DOAJ/doaj/blob/master/portality/datasets.py#L29
Languages:Data,portality/datasets.py#L46,https://github.com/DOAJ/doaj/blob/master/portality/datasets.py#L46
Lock:Feature,portality/lock.py#L2,https://github.com/DOAJ/doaj/blob/master/portality/lock.py#L2
Lock:Query,portality/lock.py#L176,https://github.com/DOAJ/doaj/blob/master/portality/lock.py#L176
Email:Library,portality/app_email.py#L1,https://github.com/DOAJ/doaj/blob/master/portality/app_email.py#L1
Migrations:Framework,portality/upgrade.py#L2,https://github.com/DOAJ/doaj/blob/master/portality/upgrade.py#L2
DOI:Regex,portality/regex.py#L3,https://github.com/DOAJ/doaj/blob/master/portality/regex.py#L3
ORCID:Regex,portality/regex.py#L7,https://github.com/DOAJ/doaj/blob/master/portality/regex.py#L7
ISSN:Regex,portality/regex.py#L11,https://github.com/DOAJ/doaj/blob/master/portality/regex.py#L11
Date:Regex,portality/regex.py#L15,https://github.com/DOAJ/doaj/blob/master/portality/regex.py#L15
URL:Regex,portality/regex.py#L19,https://github.com/DOAJ/doaj/blob/master/portality/regex.py#L19
Swagger:Feature,portality/decorators.py#L16,https://github.com/DOAJ/doaj/blob/master/portality/decorators.py#L16
APIKey:Feature,portality/decorators.py#L30; portality/decorators.py#L49,https://github.com/DOAJ/doaj/blob/master/portality/decorators.py#L30; https://github.com/DOAJ/doaj/blob/master/portality/decorators.py#L49
SSLRequired:Feature,portality/decorators.py#L71,https://github.com/DOAJ/doaj/blob/master/portality/decorators.py#L71
Authorisation:Feature,portality/decorators.py#L89,https://github.com/DOAJ/doaj/blob/master/portality/decorators.py#L89
ReadOnlyMode:Feature,portality/decorators.py#L104,https://github.com/DOAJ/doaj/blob/master/portality/decorators.py#L104
CaptureSigterm:Feature,portality/decorators.py#L141,https://github.com/DOAJ/doaj/blob/master/portality/decorators.py#L141
BackgroundTasks:Feature,portality/background.py#L44; portality/tasks/helpers/background_helper.py#L2,https://github.com/DOAJ/doaj/blob/master/portality/background.py#L44; https://github.com/DOAJ/doaj/blob/master/portality/tasks/helpers/background_helper.py#L2
BackgroundTask:Process,portality/background.py#L117,https://github.com/DOAJ/doaj/blob/master/portality/background.py#L117
AdminBackgroundTask:Process,portality/background.py#L198,https://github.com/DOAJ/doaj/blob/master/portality/background.py#L198
Elasticsearch:Technology,portality/util.py#L133,https://github.com/DOAJ/doaj/blob/master/portality/util.py#L133
ReCAPTCHA:ExternalService,portality/util.py#L142,https://github.com/DOAJ/doaj/blob/master/portality/util.py#L142
LCC:Data,portality/lcc.py#L2,https://github.com/DOAJ/doaj/blob/master/portality/lcc.py#L2
JournalUpdateByCSV:Script,portality/scripts/journals_update_via_csv.py#L2,https://github.com/DOAJ/doaj/blob/master/portality/scripts/journals_update_via_csv.py#L2
JournalUpdateByCSV:Feature,portality/scripts/journals_update_via_csv.py#L118,https://github.com/DOAJ/doaj/blob/master/portality/scripts/journals_update_via_csv.py#L118
MarkNotificationsSeen:Script,portality/scripts/mark_notifications_seen.py#L1,https://github.com/DOAJ/doaj/blob/master/portality/scripts/mark_notifications_seen.py#L1
AdminJournalCSV:CLI,portality/scripts/admin_journalcsv.py#L1,https://github.com/DOAJ/doaj/blob/master/portality/scripts/admin_journalcsv.py#L1
Harvester:Feature,portality/scripts/harvest.py#L2,https://github.com/DOAJ/doaj/blob/master/portality/scripts/harvest.py#L2
Sitemap:Script,portality/scripts/sitemap.py#L3,https://github.com/DOAJ/doaj/blob/master/portality/scripts/sitemap.py#L3
API:Feature,portality/api/__init__.py#L1; portality/api/common.py#L1; portality/models/openurl.py#L44,https://github.com/DOAJ/doaj/blob/master/portality/api/__init__.py#L1; https://github.com/DOAJ/doaj/blob/master/portality/api/common.py#L1; https://github.com/DOAJ/doaj/blob/master/portality/models/openurl.py#L44
APISearch:Feature,portality/api/current/discovery.py#L1,https://github.com/DOAJ/doaj/blob/master/portality/api/current/discovery.py#L1
Search:Query,portality/api/current/discovery.py#L335,https://github.com/DOAJ/doaj/blob/master/portality/api/current/discovery.py#L335
APIBulkArticles:Feature,portality/api/current/bulk/articles.py#L1,https://github.com/DOAJ/doaj/blob/master/portality/api/current/bulk/articles.py#L1
APIBulk:Feature,portality/api/current/bulk/__init__.py#L1,https://github.com/DOAJ/doaj/blob/master/portality/api/current/bulk/__init__.py#L1
APIBulkApplications:Feature,portality/api/current/bulk/applications.py#L1,https://github.com/DOAJ/doaj/blob/master/portality/api/current/bulk/applications.py#L1
APICrudArticles:Feature,portality/api/current/crud/articles.py#L1,https://github.com/DOAJ/doaj/blob/master/portality/api/current/crud/articles.py#L1
APICrudJournals:Feature,portality/api/current/crud/journals.py#L1,https://github.com/DOAJ/doaj/blob/master/portality/api/current/crud/journals.py#L1
APICrud:Feature,portality/api/current/crud/__init__.py#L1,https://github.com/DOAJ/doaj/blob/master/portality/api/current/crud/__init__.py#L1
APICrudApplications:Feature,portality/api/current/crud/applications.py#L1,https://github.com/DOAJ/doaj/blob/master/portality/api/current/crud/applications.py#L1
APIOutgoingCommonJournalApplication:Model,portality/api/current/data_objects/common_journal_application.py#L11,https://github.com/DOAJ/doaj/blob/master/portality/api/current/data_objects/common_journal_application.py#L11
APIIncomingArticle:Model,portality/api/current/data_objects/article.py#L159,https://github.com/DOAJ/doaj/blob/master/portality/api/current/data_objects/article.py#L159
APIOutgoingArticle:Model,portality/api/current/data_objects/article.py#L282,https://github.com/DOAJ/doaj/blob/master/portality/api/current/data_objects/article.py#L282
APIIncomingApplication:Model,portality/api/current/data_objects/application.py#L127,https://github.com/DOAJ/doaj/blob/master/portality/api/current/data_objects/application.py#L127
APIOutgoingApplication:Model,portality/api/current/data_objects/application.py#L368,https://github.com/DOAJ/doaj/blob/master/portality/api/current/data_objects/application.py#L368
APIOutgoingJournal:Model,portality/api/current/data_objects/journal.py#L31,https://github.com/DOAJ/doaj/blob/master/portality/api/current/data_objects/journal.py#L31
Dates:Library,portality/lib/dates.py#L1,https://github.com/DOAJ/doaj/blob/master/portality/lib/dates.py#L1
WhoCurrentUser:Query,portality/lib/query_filters.py#L143,https://github.com/DOAJ/doaj/blob/master/portality/lib/query_filters.py#L143
Formulaic:Library,portality/lib/formulaic.py#L1,https://github.com/DOAJ/doaj/blob/master/portality/lib/formulaic.py#L1
FormulaicContext:Feature,portality/lib/formulaic.py#L230,https://github.com/DOAJ/doaj/blob/master/portality/lib/formulaic.py#L230
FormulaicFieldset:Feature,portality/lib/formulaic.py#L492,https://github.com/DOAJ/doaj/blob/master/portality/lib/formulaic.py#L492
FormulaicField:Feature,portality/lib/formulaic.py#L537,https://github.com/DOAJ/doaj/blob/master/portality/lib/formulaic.py#L537
FormProcessor:Feature,portality/lib/formulaic.py#L842,https://github.com/DOAJ/doaj/blob/master/portality/lib/formulaic.py#L842
Coerce:Library,portality/lib/coerce.py#L1,https://github.com/DOAJ/doaj/blob/master/portality/lib/coerce.py#L1
ESMappings:Library,portality/lib/es_data_mapping.py#L4,https://github.com/DOAJ/doaj/blob/master/portality/lib/es_data_mapping.py#L4
GoogleAnalytics:ExternalService,portality/lib/analytics.py#L1,https://github.com/DOAJ/doaj/blob/master/portality/lib/analytics.py#L1
EdgesIntegration:Library,portality/lib/edges.py#L1,https://github.com/DOAJ/doaj/blob/master/portality/lib/edges.py#L1
PlausibleAnalytics:ExternalService,portality/lib/plausible.py#L1,https://github.com/DOAJ/doaj/blob/master/portality/lib/plausible.py#L1
Anonymisation:Feature,portality/lib/anon.py#L1,https://github.com/DOAJ/doaj/blob/master/portality/lib/anon.py#L1
ApplicationPublisherAcceptedNotify:Consumer,portality/events/consumers/application_publisher_accepted_notify.py#L1,https://github.com/DOAJ/doaj/blob/master/portality/events/consumers/application_publisher_accepted_notify.py#L1
BGJobFinishedNotifiy:Consumer,portality/events/consumers/bg_job_finished_notify.py#L1,https://github.com/DOAJ/doaj/blob/master/portality/events/consumers/bg_job_finished_notify.py#L1
UpdateRequestPublisherAssignedNotify:Consumer,portality/events/consumers/update_request_publisher_assigned_notify.py#L1,https://github.com/DOAJ/doaj/blob/master/portality/events/consumers/update_request_publisher_assigned_notify.py#L1
ApplicationManedReadyNotify:Consumer,portality/events/consumers/application_maned_ready_notify.py#L1,https://github.com/DOAJ/doaj/blob/master/portality/events/consumers/application_maned_ready_notify.py#L1
AccountCreatedEmail:Consumer,portality/events/consumers/account_created_email.py#L1,https://github.com/DOAJ/doaj/blob/master/portality/events/consumers/account_created_email.py#L1
ApplicationEditorCompletedNotify:Consumer,portality/events/consumers/application_editor_completed_notify.py#L1,https://github.com/DOAJ/doaj/blob/master/portality/events/consumers/application_editor_completed_notify.py#L1
ApplicationPublisherCreatedNotify:Notifications,portality/events/consumers/application_publisher_created_notify.py#L1,https://github.com/DOAJ/doaj/blob/master/portality/events/consumers/application_publisher_created_notify.py#L1
ApplicationAssedInProgressNotify:Consumer,portality/events/consumers/application_assed_inprogress_notify.py#L1,https://github.com/DOAJ/doaj/blob/master/portality/events/consumers/application_assed_inprogress_notify.py#L1
UpdateRequestPublisherRejectedNotify:Consumer,portality/events/consumers/update_request_publisher_rejected_notify.py#L1,https://github.com/DOAJ/doaj/blob/master/portality/events/consumers/update_request_publisher_rejected_notify.py#L1
ApplicationPublisherAssignedNotify:Consumer,portality/events/consumers/application_publisher_assigned_notify.py#L1,https://github.com/DOAJ/doaj/blob/master/portality/events/consumers/application_publisher_assigned_notify.py#L1
ApplicationPublisherQuickRejectNotify:Consumer,portality/events/consumers/application_publisher_quickreject_notify.py#L1,https://github.com/DOAJ/doaj/blob/master/portality/events/consumers/application_publisher_quickreject_notify.py#L1
ApplicationAssedAssignedNotify:Consumer,portality/events/consumers/application_assed_assigned_notify.py#L1,https://github.com/DOAJ/doaj/blob/master/portality/events/consumers/application_assed_assigned_notify.py#L1
JournalAssedAssignedNotify:Consumer,portality/events/consumers/journal_assed_assigned_notify.py#L1,https://github.com/DOAJ/doaj/blob/master/portality/events/consumers/journal_assed_assigned_notify.py#L1
ApplicatioditorGroupAssignedNotify:Consumer,portality/events/consumers/application_editor_group_assigned_notify.py#L1,https://github.com/DOAJ/doaj/blob/master/portality/events/consumers/application_editor_group_assigned_notify.py#L1
ApplicationPublisherRevisionNotify:Consumer,portality/events/consumers/application_publisher_revision_notify.py#L1,https://github.com/DOAJ/doaj/blob/master/portality/events/consumers/application_publisher_revision_notify.py#L1
UpdateRequestPublisherAcceptedNotify:Consumer,portality/events/consumers/update_request_publisher_accepted_notify.py#L1,https://github.com/DOAJ/doaj/blob/master/portality/events/consumers/update_request_publisher_accepted_notify.py#L1
ApplicationPublisherInProgressNotify:Consumer,portality/events/consumers/application_publisher_inprogress_notify.py#L1,https://github.com/DOAJ/doaj/blob/master/portality/events/consumers/application_publisher_inprogress_notify.py#L1
ApplicationEditorInProgressNotify:Consumer,portality/events/consumers/application_editor_inprogress_notify.py#L1,https://github.com/DOAJ/doaj/blob/master/portality/events/consumers/application_editor_inprogress_notify.py#L1
AccountPasswordResetEmail:Consumer,portality/events/consumers/account_passwordreset_email.py#L1,https://github.com/DOAJ/doaj/blob/master/portality/events/consumers/account_passwordreset_email.py#L1
JournalEditorGroupAssignedNotify:Consumer,portality/events/consumers/journal_editor_group_assigned_notify.py#L1,https://github.com/DOAJ/doaj/blob/master/portality/events/consumers/journal_editor_group_assigned_notify.py#L1
CMSBuildSASS:Script,portality/cms/build_sass.py#L3,https://github.com/DOAJ/doaj/blob/master/portality/cms/build_sass.py#L3
CMSBuildFragments:Script,portality/cms/build_fragments.py#L1,https://github.com/DOAJ/doaj/blob/master/portality/cms/build_fragments.py#L1
Notification:Model,portality/models/notifications.py#L6,https://github.com/DOAJ/doaj/blob/master/portality/models/notifications.py#L6
Preservation:Model,portality/models/preservation.py#L8,https://github.com/DOAJ/doaj/blob/master/portality/models/preservation.py#L8
News:Model,portality/models/news.py#L8,https://github.com/DOAJ/doaj/blob/master/portality/models/news.py#L8
News:Query,portality/models/news.py#L65,https://github.com/DOAJ/doaj/blob/master/portality/models/news.py#L65
EditorGroup:Model,portality/models/editors.py#L7,https://github.com/DOAJ/doaj/blob/master/portality/models/editors.py#L7
EditorGroupMember:Query,portality/models/editors.py#L112,https://github.com/DOAJ/doaj/blob/master/portality/models/editors.py#L112
BackgroundJob:Model,portality/models/background.py#L11,https://github.com/DOAJ/doaj/blob/master/portality/models/background.py#L11
ActiveBackgroundJob:Query,portality/models/background.py#L215,https://github.com/DOAJ/doaj/blob/master/portality/models/background.py#L215
Application:Model,portality/models/v2/application.py#L40,https://github.com/DOAJ/doaj/blob/master/portality/models/v2/application.py#L40
AssignedEditorGroups:Query,portality/models/v2/application.py#L384,https://github.com/DOAJ/doaj/blob/master/portality/models/v2/application.py#L384
FormContext:FormContext,portality/forms/article_forms.py#L26,https://github.com/DOAJ/doaj/blob/master/portality/forms/article_forms.py#L26
FormContextRenderer:FormContext,portality/forms/article_forms.py#L229,https://github.com/DOAJ/doaj/blob/master/portality/forms/article_forms.py#L229
FormHelper:FormContext,portality/forms/article_forms.py#L325,https://github.com/DOAJ/doaj/blob/master/portality/forms/article_forms.py#L325
Article:Form,portality/forms/article_forms.py#L513,https://github.com/DOAJ/doaj/blob/master/portality/forms/article_forms.py#L513
Author:Form,portality/forms/article_forms.py#L543,https://github.com/DOAJ/doaj/blob/master/portality/forms/article_forms.py#L543
ArticleForm:Factory,portality/forms/article_forms.py#L584,https://github.com/DOAJ/doaj/blob/master/portality/forms/article_forms.py#L584
ArticleMetadata:FormContext,portality/forms/article_forms.py#L597,https://github.com/DOAJ/doaj/blob/master/portality/forms/article_forms.py#L597
PublisherArticleMetadata:FormContext,portality/forms/article_forms.py#L696,https://github.com/DOAJ/doaj/blob/master/portality/forms/article_forms.py#L696
AdminArticleMetadata:FormContext,portality/forms/article_forms.py#L713,https://github.com/DOAJ/doaj/blob/master/portality/forms/article_forms.py#L713
DataOptional:FormValidator,portality/forms/validate.py#L46,https://github.com/DOAJ/doaj/blob/master/portality/forms/validate.py#L46
OptionalIf:FormValidator,portality/forms/validate.py#L69; portality/forms/application_forms.py#L2704,https://github.com/DOAJ/doaj/blob/master/portality/forms/validate.py#L69; https://github.com/DOAJ/doaj/blob/master/portality/forms/application_forms.py#L2704
HTTPURL:FormValidator,portality/forms/validate.py#L125,https://github.com/DOAJ/doaj/blob/master/portality/forms/validate.py#L125
MaxLen:FormValidator,portality/forms/validate.py#L153; portality/forms/application_forms.py#L2643,https://github.com/DOAJ/doaj/blob/master/portality/forms/validate.py#L153; https://github.com/DOAJ/doaj/blob/master/portality/forms/application_forms.py#L2643
RequiredIfRole:FormValidator,portality/forms/validate.py#L169,https://github.com/DOAJ/doaj/blob/master/portality/forms/validate.py#L169
RegexpOnTagList:FormValidator,portality/forms/validate.py#L185,https://github.com/DOAJ/doaj/blob/master/portality/forms/validate.py#L185
ThisOrThat:FormValidator,portality/forms/validate.py#L217,https://github.com/DOAJ/doaj/blob/master/portality/forms/validate.py#L217
ReservedUsernames:FormValidator,portality/forms/validate.py#L238; portality/forms/application_forms.py#L2550,https://github.com/DOAJ/doaj/blob/master/portality/forms/validate.py#L238; https://github.com/DOAJ/doaj/blob/master/portality/forms/application_forms.py#L2550
OwnerExists:FormValidator,portality/forms/validate.py#L263; portality/forms/application_forms.py#L2563,https://github.com/DOAJ/doaj/blob/master/portality/forms/validate.py#L263; https://github.com/DOAJ/doaj/blob/master/portality/forms/application_forms.py#L2563
ISSNInPublicDOAJ:FormValidator,portality/forms/validate.py#L289; portality/forms/application_forms.py#L2664,https://github.com/DOAJ/doaj/blob/master/portality/forms/validate.py#L289; https://github.com/DOAJ/doaj/blob/master/portality/forms/application_forms.py#L2664
JournalURLInPublicDOAJ:FormValidator,portality/forms/validate.py#L305; portality/forms/application_forms.py#L2677,https://github.com/DOAJ/doaj/blob/master/portality/forms/validate.py#L305; https://github.com/DOAJ/doaj/blob/master/portality/forms/application_forms.py#L2677
StopWords:FormValidator,portality/forms/validate.py#L321; portality/forms/application_forms.py#L2654,https://github.com/DOAJ/doaj/blob/master/portality/forms/validate.py#L321; https://github.com/DOAJ/doaj/blob/master/portality/forms/application_forms.py#L2654
DifferentTo:FormValidator,portality/forms/validate.py#L337; portality/forms/application_forms.py#L2741,https://github.com/DOAJ/doaj/blob/master/portality/forms/validate.py#L337; https://github.com/DOAJ/doaj/blob/master/portality/forms/application_forms.py#L2741
RequiredIfOtherValue:FormValidator,portality/forms/validate.py#L359,https://github.com/DOAJ/doaj/blob/master/portality/forms/validate.py#L359
OnlyIf:FormValidator,portality/forms/validate.py#L407; portality/forms/application_forms.py#L2773,https://github.com/DOAJ/doaj/blob/master/portality/forms/validate.py#L407; https://github.com/DOAJ/doaj/blob/master/portality/forms/application_forms.py#L2773
NotIf:FormValidator,portality/forms/validate.py#L455; portality/forms/application_forms.py#L2792,https://github.com/DOAJ/doaj/blob/master/portality/forms/validate.py#L455; https://github.com/DOAJ/doaj/blob/master/portality/forms/application_forms.py#L2792
NoScriptTag:FormValidator,portality/forms/validate.py#L477,https://github.com/DOAJ/doaj/blob/master/portality/forms/validate.py#L477
GroupMember:FormValidator,portality/forms/validate.py#L493; portality/forms/application_forms.py#L2805,https://github.com/DOAJ/doaj/blob/master/portality/forms/validate.py#L493; https://github.com/DOAJ/doaj/blob/master/portality/forms/application_forms.py#L2805
RequiredValue:FormValidator,portality/forms/validate.py#L521; portality/forms/application_forms.py#L2817,https://github.com/DOAJ/doaj/blob/master/portality/forms/validate.py#L521; https://github.com/DOAJ/doaj/blob/master/portality/forms/application_forms.py#L2817
BigEndDate:FormValidator,portality/forms/validate.py#L536; portality/forms/application_forms.py#L2828,https://github.com/DOAJ/doaj/blob/master/portality/forms/validate.py#L536; https://github.com/DOAJ/doaj/blob/master/portality/forms/application_forms.py#L2828
CustomRequired:FormValidator,portality/forms/validate.py#L563,https://github.com/DOAJ/doaj/blob/master/portality/forms/validate.py#L563
EmailAvailable:FormValidator,portality/forms/validate.py#L583; portality/forms/validate.py#L633,https://github.com/DOAJ/doaj/blob/master/portality/forms/validate.py#L583; https://github.com/DOAJ/doaj/blob/master/portality/forms/validate.py#L633
IdAvailable:FormValidator,portality/forms/validate.py#L599,https://github.com/DOAJ/doaj/blob/master/portality/forms/validate.py#L599
IgnoreUnchanged:FormValidator,portality/forms/validate.py#L620,https://github.com/DOAJ/doaj/blob/master/portality/forms/validate.py#L620
NewApplication:FormProcessor,portality/forms/application_processors.py#L216,https://github.com/DOAJ/doaj/blob/master/portality/forms/application_processors.py#L216
ManEdApplication:FormProcessor,portality/forms/application_processors.py#L287,https://github.com/DOAJ/doaj/blob/master/portality/forms/application_processors.py#L287
EditorApplication:FormProcessor,portality/forms/application_processors.py#L491,https://github.com/DOAJ/doaj/blob/master/portality/forms/application_processors.py#L491
AssEdApplication:FormProcessor,portality/forms/application_processors.py#L613,https://github.com/DOAJ/doaj/blob/master/portality/forms/application_processors.py#L613
PublisherUpdateRequest:FormProcessor,portality/forms/application_processors.py#L676,https://github.com/DOAJ/doaj/blob/master/portality/forms/application_processors.py#L676
PublisherUpdateRequestReadOnly:FormProcessor,portality/forms/application_processors.py#L786,https://github.com/DOAJ/doaj/blob/master/portality/forms/application_processors.py#L786
ManEdJournal:FormProcessor,portality/forms/application_processors.py#L802,https://github.com/DOAJ/doaj/blob/master/portality/forms/application_processors.py#L802
EditorJournal:FormProcessor,portality/forms/application_processors.py#L877,https://github.com/DOAJ/doaj/blob/master/portality/forms/application_processors.py#L877
AssEdJournal:FormProcessor,portality/forms/application_processors.py#L935,https://github.com/DOAJ/doaj/blob/master/portality/forms/application_processors.py#L935
ReadOnlyJournal:FormProcessor,portality/forms/application_processors.py#L967,https://github.com/DOAJ/doaj/blob/master/portality/forms/application_processors.py#L967
ManEdBulkJournal:FormProcessor,portality/forms/application_processors.py#L984,https://github.com/DOAJ/doaj/blob/master/portality/forms/application_processors.py#L984
ApplicationForm:Feature,portality/forms/application_forms.py#L2,https://github.com/DOAJ/doaj/blob/master/portality/forms/application_forms.py#L2
BOAI:FormField,portality/forms/application_forms.py#L78,https://github.com/DOAJ/doaj/blob/master/portality/forms/application_forms.py#L78
OAStatementURL:FormField,portality/forms/application_forms.py#L114,https://github.com/DOAJ/doaj/blob/master/portality/forms/application_forms.py#L114
Title:FormField,portality/forms/application_forms.py#L147,https://github.com/DOAJ/doaj/blob/master/portality/forms/application_forms.py#L147
AlternativeTitle:FormField,portality/forms/application_forms.py#L181,https://github.com/DOAJ/doaj/blob/master/portality/forms/application_forms.py#L181
JournalURL:FormField,portality/forms/application_forms.py#L204,https://github.com/DOAJ/doaj/blob/master/portality/forms/application_forms.py#L204
PISSN:FormField,portality/forms/application_forms.py#L231,https://github.com/DOAJ/doaj/blob/master/portality/forms/application_forms.py#L231
EISSN:FormField,portality/forms/application_forms.py#L303,https://github.com/DOAJ/doaj/blob/master/portality/forms/application_forms.py#L303
Keywords:FormField,portality/forms/application_forms.py#L380,https://github.com/DOAJ/doaj/blob/master/portality/forms/application_forms.py#L380
Language:FormField,portality/forms/application_forms.py#L413,https://github.com/DOAJ/doaj/blob/master/portality/forms/application_forms.py#L413
PublisherName:FormField,portality/forms/application_forms.py#L439,https://github.com/DOAJ/doaj/blob/master/portality/forms/application_forms.py#L439
PublisherCountry:FormField,portality/forms/application_forms.py#L462,https://github.com/DOAJ/doaj/blob/master/portality/forms/application_forms.py#L462
InstitutionName:FormField,portality/forms/application_forms.py#L493,https://github.com/DOAJ/doaj/blob/master/portality/forms/application_forms.py#L493
InstitutionCountry:FormField,portality/forms/application_forms.py#L513,https://github.com/DOAJ/doaj/blob/master/portality/forms/application_forms.py#L513
License:FormField,portality/forms/application_forms.py#L533,https://github.com/DOAJ/doaj/blob/master/portality/forms/application_forms.py#L533
LicenseAttributes:FormField,portality/forms/application_forms.py#L580,https://github.com/DOAJ/doaj/blob/master/portality/forms/application_forms.py#L580
LicenseTermsURL:FormField,portality/forms/application_forms.py#L600,https://github.com/DOAJ/doaj/blob/master/portality/forms/application_forms.py#L600
LicenseDisplay:FormField,portality/forms/application_forms.py#L621,https://github.com/DOAJ/doaj/blob/master/portality/forms/application_forms.py#L621
LicenseDisplayExampleUrl:FormField,portality/forms/application_forms.py#L642,https://github.com/DOAJ/doaj/blob/master/portality/forms/application_forms.py#L642
CopyrightAuthorRetails:FormField,portality/forms/application_forms.py#L669,https://github.com/DOAJ/doaj/blob/master/portality/forms/application_forms.py#L669
CopyrightURL:FormField,portality/forms/application_forms.py#L693,https://github.com/DOAJ/doaj/blob/master/portality/forms/application_forms.py#L693
ReviewProcess:FormField,portality/forms/application_forms.py#L726,https://github.com/DOAJ/doaj/blob/master/portality/forms/application_forms.py#L726
ReviewProcessOther:FormField,portality/forms/application_forms.py#L753,https://github.com/DOAJ/doaj/blob/master/portality/forms/application_forms.py#L753
ReviewURL:FormField,portality/forms/application_forms.py#L778,https://github.com/DOAJ/doaj/blob/master/portality/forms/application_forms.py#L778
OAStart:FormField,portality/forms/application_forms.py#L798,https://github.com/DOAJ/doaj/blob/master/portality/forms/application_forms.py#L798
PlagiarismDetection:FormField,portality/forms/application_forms.py#L820,https://github.com/DOAJ/doaj/blob/master/portality/forms/application_forms.py#L820
PlagiarismURL:FormField,portality/forms/application_forms.py#L840,https://github.com/DOAJ/doaj/blob/master/portality/forms/application_forms.py#L840
AimsScopeURL:FormField,portality/forms/application_forms.py#L869,https://github.com/DOAJ/doaj/blob/master/portality/forms/application_forms.py#L869
EditorialBoardURL:FormField,portality/forms/application_forms.py#L888,https://github.com/DOAJ/doaj/blob/master/portality/forms/application_forms.py#L888
AuthorInstructionsURL:FormField,portality/forms/application_forms.py#L907,https://github.com/DOAJ/doaj/blob/master/portality/forms/application_forms.py#L907
PublicationTimeWeeks:FormField,portality/forms/application_forms.py#L926,https://github.com/DOAJ/doaj/blob/master/portality/forms/application_forms.py#L926
APC:FormField,portality/forms/application_forms.py#L945,https://github.com/DOAJ/doaj/blob/master/portality/forms/application_forms.py#L945
APCCharges:FormField,portality/forms/application_forms.py#L966,https://github.com/DOAJ/doaj/blob/master/portality/forms/application_forms.py#L966
APCCurrency:FormField,portality/forms/application_forms.py#L995,https://github.com/DOAJ/doaj/blob/master/portality/forms/application_forms.py#L995
APCMax:FormField,portality/forms/application_forms.py#L1024,https://github.com/DOAJ/doaj/blob/master/portality/forms/application_forms.py#L1024
APCURL:FormField,portality/forms/application_forms.py#L1048,https://github.com/DOAJ/doaj/blob/master/portality/forms/application_forms.py#L1048
HasWaiver:FormField,portality/forms/application_forms.py#L1071,https://github.com/DOAJ/doaj/blob/master/portality/forms/application_forms.py#L1071
WaiverURL:FormField,portality/forms/application_forms.py#L1094,https://github.com/DOAJ/doaj/blob/master/portality/forms/application_forms.py#L1094
HasOtherCharges:FormField,portality/forms/application_forms.py#L1123,https://github.com/DOAJ/doaj/blob/master/portality/forms/application_forms.py#L1123
OtherChargesURL:FormField,portality/forms/application_forms.py#L1143,https://github.com/DOAJ/doaj/blob/master/portality/forms/application_forms.py#L1143
PreservationService:FormField,portality/forms/application_forms.py#L1171,https://github.com/DOAJ/doaj/blob/master/portality/forms/application_forms.py#L1171
PreservationServiceLibrary:FormField,portality/forms/application_forms.py#L1202,https://github.com/DOAJ/doaj/blob/master/portality/forms/application_forms.py#L1202
PreservationServiceOther:FormField,portality/forms/application_forms.py#L1235,https://github.com/DOAJ/doaj/blob/master/portality/forms/application_forms.py#L1235
PreservationServiceURL:FormField,portality/forms/application_forms.py#L1257,https://github.com/DOAJ/doaj/blob/master/portality/forms/application_forms.py#L1257
DepositPolicy:FormField,portality/forms/application_forms.py#L1304,https://github.com/DOAJ/doaj/blob/master/portality/forms/application_forms.py#L1304
DepositPolicyOther:FormField,portality/forms/application_forms.py#L1334,https://github.com/DOAJ/doaj/blob/master/portality/forms/application_forms.py#L1334
DepositPolicyURL:FormField,portality/forms/application_forms.py#L1356,https://github.com/DOAJ/doaj/blob/master/portality/forms/application_forms.py#L1356
PersistentIdentifiers:FormField,portality/forms/application_forms.py#L1416,https://github.com/DOAJ/doaj/blob/master/portality/forms/application_forms.py#L1416
PersistentIdentifiersOther:FormField,portality/forms/application_forms.py#L1441,https://github.com/DOAJ/doaj/blob/master/portality/forms/application_forms.py#L1441
Orcids:FormField,portality/forms/application_forms.py#L1463,https://github.com/DOAJ/doaj/blob/master/portality/forms/application_forms.py#L1463
OpenCitations:FormField,portality/forms/application_forms.py#L1491,https://github.com/DOAJ/doaj/blob/master/portality/forms/application_forms.py#L1491
DOAJSeal:FormField,portality/forms/application_forms.py#L1521,https://github.com/DOAJ/doaj/blob/master/portality/forms/application_forms.py#L1521
QuickReject:FormField,portality/forms/application_forms.py#L1551,https://github.com/DOAJ/doaj/blob/master/portality/forms/application_forms.py#L1551
QuickRejectDetails:FormField,portality/forms/application_forms.py#L1559,https://github.com/DOAJ/doaj/blob/master/portality/forms/application_forms.py#L1559
Owner:FormField,portality/forms/application_forms.py#L1573,https://github.com/DOAJ/doaj/blob/master/portality/forms/application_forms.py#L1573
ApplicationStatus:FormField,portality/forms/application_forms.py#L1597,https://github.com/DOAJ/doaj/blob/master/portality/forms/application_forms.py#L1597
EditorGroup:FormField,portality/forms/application_forms.py#L1635,https://github.com/DOAJ/doaj/blob/master/portality/forms/application_forms.py#L1635
Editor:FormField,portality/forms/application_forms.py#L1656,https://github.com/DOAJ/doaj/blob/master/portality/forms/application_forms.py#L1656
DiscontinuedDate:FormField,portality/forms/application_forms.py#L1671,https://github.com/DOAJ/doaj/blob/master/portality/forms/application_forms.py#L1671
Continues:FormField,portality/forms/application_forms.py#L1695,https://github.com/DOAJ/doaj/blob/master/portality/forms/application_forms.py#L1695
ContinuedBy:FormField,portality/forms/application_forms.py#L1718,https://github.com/DOAJ/doaj/blob/master/portality/forms/application_forms.py#L1718
Subject:FormField,portality/forms/application_forms.py#L1741,https://github.com/DOAJ/doaj/blob/master/portality/forms/application_forms.py#L1741
Notes:FormField,portality/forms/application_forms.py#L1778,https://github.com/DOAJ/doaj/blob/master/portality/forms/application_forms.py#L1778
Note:FormField,portality/forms/application_forms.py#L1803,https://github.com/DOAJ/doaj/blob/master/portality/forms/application_forms.py#L1803
NoteAuthor:FormField,portality/forms/application_forms.py#L1812,https://github.com/DOAJ/doaj/blob/master/portality/forms/application_forms.py#L1812
NoteDate:FormField,portality/forms/application_forms.py#L1821,https://github.com/DOAJ/doaj/blob/master/portality/forms/application_forms.py#L1821
NoteID:FormField,portality/forms/application_forms.py#L1830,https://github.com/DOAJ/doaj/blob/master/portality/forms/application_forms.py#L1830
NoteAuthorID:FormField,portality/forms/application_forms.py#L1838,https://github.com/DOAJ/doaj/blob/master/portality/forms/application_forms.py#L1838
OptionalValidation:FormField,portality/forms/application_forms.py#L1846,https://github.com/DOAJ/doaj/blob/master/portality/forms/application_forms.py#L1846
BulkDOAJSeal:FormField,portality/forms/application_forms.py#L1857,https://github.com/DOAJ/doaj/blob/master/portality/forms/application_forms.py#L1857
BasicCompliance:FieldSet,portality/forms/application_forms.py#L1876,https://github.com/DOAJ/doaj/blob/master/portality/forms/application_forms.py#L1876
AboutJournal:FieldSet,portality/forms/application_forms.py#L1887,https://github.com/DOAJ/doaj/blob/master/portality/forms/application_forms.py#L1887
Publisher:FieldSet,portality/forms/application_forms.py#L1902,https://github.com/DOAJ/doaj/blob/master/portality/forms/application_forms.py#L1902
Institution:FieldSet,portality/forms/application_forms.py#L1912,https://github.com/DOAJ/doaj/blob/master/portality/forms/application_forms.py#L1912
Licensing:FieldSet,portality/forms/application_forms.py#L1922,https://github.com/DOAJ/doaj/blob/master/portality/forms/application_forms.py#L1922
EmbeddedLicense:FieldSet,portality/forms/application_forms.py#L1933,https://github.com/DOAJ/doaj/blob/master/portality/forms/application_forms.py#L1933
Copyright:FieldSet,portality/forms/application_forms.py#L1943,https://github.com/DOAJ/doaj/blob/master/portality/forms/application_forms.py#L1943
PeerReview:FieldSet,portality/forms/application_forms.py#L1953,https://github.com/DOAJ/doaj/blob/master/portality/forms/application_forms.py#L1953
Plagiarism:FieldSet,portality/forms/application_forms.py#L1964,https://github.com/DOAJ/doaj/blob/master/portality/forms/application_forms.py#L1964
Editorial:FieldSet,portality/forms/application_forms.py#L1974,https://github.com/DOAJ/doaj/blob/master/portality/forms/application_forms.py#L1974
APC:FieldSet,portality/forms/application_forms.py#L1986,https://github.com/DOAJ/doaj/blob/master/portality/forms/application_forms.py#L1986
Waivers:FieldSet,portality/forms/application_forms.py#L1999,https://github.com/DOAJ/doaj/blob/master/portality/forms/application_forms.py#L1999
OtherFees:FieldSet,portality/forms/application_forms.py#L2009,https://github.com/DOAJ/doaj/blob/master/portality/forms/application_forms.py#L2009
ArchivingPolicy:FieldSet,portality/forms/application_forms.py#L2019,https://github.com/DOAJ/doaj/blob/master/portality/forms/application_forms.py#L2019
RepositoryPolicy:FieldSet,portality/forms/application_forms.py#L2031,https://github.com/DOAJ/doaj/blob/master/portality/forms/application_forms.py#L2031
UniqueIdentifiers:FieldSet,portality/forms/application_forms.py#L2042,https://github.com/DOAJ/doaj/blob/master/portality/forms/application_forms.py#L2042
Seal:FieldSet,portality/forms/application_forms.py#L2054,https://github.com/DOAJ/doaj/blob/master/portality/forms/application_forms.py#L2054
QuickReject:FieldSet,portality/forms/application_forms.py#L2063,https://github.com/DOAJ/doaj/blob/master/portality/forms/application_forms.py#L2063
Reassign:FieldSet,portality/forms/application_forms.py#L2074,https://github.com/DOAJ/doaj/blob/master/portality/forms/application_forms.py#L2074
Status:FieldSet,portality/forms/application_forms.py#L2083,https://github.com/DOAJ/doaj/blob/master/portality/forms/application_forms.py#L2083
Reviewers:FieldSet,portality/forms/application_forms.py#L2092,https://github.com/DOAJ/doaj/blob/master/portality/forms/application_forms.py#L2092
Continuations:FieldSet,portality/forms/application_forms.py#L2102,https://github.com/DOAJ/doaj/blob/master/portality/forms/application_forms.py#L2102
Subject:FieldSet,portality/forms/application_forms.py#L2114,https://github.com/DOAJ/doaj/blob/master/portality/forms/application_forms.py#L2114
Notes:FieldSet,portality/forms/application_forms.py#L2123,https://github.com/DOAJ/doaj/blob/master/portality/forms/application_forms.py#L2123
OptionalValidation:FieldSet,portality/forms/application_forms.py#L2137,https://github.com/DOAJ/doaj/blob/master/portality/forms/application_forms.py#L2137
BulkEdit:FieldSet,portality/forms/application_forms.py#L2146,https://github.com/DOAJ/doaj/blob/master/portality/forms/application_forms.py#L2146
NewApplication:FormContext,portality/forms/application_forms.py#L2165,https://github.com/DOAJ/doaj/blob/master/portality/forms/application_forms.py#L2165
UpdateRequest:FormContext,portality/forms/application_forms.py#L2200,https://github.com/DOAJ/doaj/blob/master/portality/forms/application_forms.py#L2200
ReadOnlyApplication:FormContext,portality/forms/application_forms.py#L2208,https://github.com/DOAJ/doaj/blob/master/portality/forms/application_forms.py#L2208
AssociateEditorApplication:FormContext,portality/forms/application_forms.py#L2215,https://github.com/DOAJ/doaj/blob/master/portality/forms/application_forms.py#L2215
EditorApplication:FormContext,portality/forms/application_forms.py#L2228,https://github.com/DOAJ/doaj/blob/master/portality/forms/application_forms.py#L2228
ManEdApplication:FormContext,portality/forms/application_forms.py#L2242,https://github.com/DOAJ/doaj/blob/master/portality/forms/application_forms.py#L2242
ReadOnlyJournal:FormContext,portality/forms/application_forms.py#L2262,https://github.com/DOAJ/doaj/blob/master/portality/forms/application_forms.py#L2262
AssEditorJournal:FormContext,portality/forms/application_forms.py#L2297,https://github.com/DOAJ/doaj/blob/master/portality/forms/application_forms.py#L2297
EditorJournal:FormContext,portality/forms/application_forms.py#L2309,https://github.com/DOAJ/doaj/blob/master/portality/forms/application_forms.py#L2309
ManEdJournal:FormContext,portality/forms/application_forms.py#L2320,https://github.com/DOAJ/doaj/blob/master/portality/forms/application_forms.py#L2320
BulkEditJournal:FormContext,portality/forms/application_forms.py#L2334,https://github.com/DOAJ/doaj/blob/master/portality/forms/application_forms.py#L2334
ApplicationStatus:Workflow,portality/forms/application_forms.py#L2424,https://github.com/DOAJ/doaj/blob/master/portality/forms/application_forms.py#L2424
Required:FormValidator,portality/forms/application_forms.py#L2576,https://github.com/DOAJ/doaj/blob/master/portality/forms/application_forms.py#L2576
IsURL:FormValidator,portality/forms/application_forms.py#L2593,https://github.com/DOAJ/doaj/blob/master/portality/forms/application_forms.py#L2593
IntRange:FormValidator,portality/forms/application_forms.py#L2610,https://github.com/DOAJ/doaj/blob/master/portality/forms/application_forms.py#L2610
IsISSN:FormValidator,portality/forms/application_forms.py#L2717,https://github.com/DOAJ/doaj/blob/master/portality/forms/application_forms.py#L2717
IsISSNList:FormValidator,portality/forms/application_forms.py#L2730,https://github.com/DOAJ/doaj/blob/master/portality/forms/application_forms.py#L2730
RequiredIf:FormValidator,portality/forms/application_forms.py#L2752,https://github.com/DOAJ/doaj/blob/master/portality/forms/application_forms.py#L2752
SetInDOAJBackgroundTask:Process,portality/tasks/journal_in_out_doaj.py#L41,https://github.com/DOAJ/doaj/blob/master/portality/tasks/journal_in_out_doaj.py#L41
AnonExport:Feature,portality/tasks/anon_export.py#L150; data_import_settings/README.md#L15,https://github.com/DOAJ/doaj/blob/master/portality/tasks/anon_export.py#L150; https://github.com/DOAJ/doaj/blob/master/data_import_settings/README.md#L15
PreservationException:Exception,portality/tasks/preservation.py#L25,https://github.com/DOAJ/doaj/blob/master/portality/tasks/preservation.py#L25
ArticlePackage:Feature,portality/tasks/preservation.py#L38,https://github.com/DOAJ/doaj/blob/master/portality/tasks/preservation.py#L38
PreservationBackground:Feature,portality/tasks/preservation.py#L191,https://github.com/DOAJ/doaj/blob/master/portality/tasks/preservation.py#L191
CSVReader:Feature,portality/tasks/preservation.py#L405,https://github.com/DOAJ/doaj/blob/master/portality/tasks/preservation.py#L405
Preservation:Feature,portality/tasks/preservation.py#L442,https://github.com/DOAJ/doaj/blob/master/portality/tasks/preservation.py#L442
PreservationPackage:Feature,portality/tasks/preservation.py#L676,https://github.com/DOAJ/doaj/blob/master/portality/tasks/preservation.py#L676
JournalBulkDelete:Task,portality/tasks/journal_bulk_delete.py#L37,https://github.com/DOAJ/doaj/blob/master/portality/tasks/journal_bulk_delete.py#L37
Harvester:BackgroundTask,portality/tasks/harvester.py#L44,https://github.com/DOAJ/doaj/blob/master/portality/tasks/harvester.py#L44
Sitemap:BackgroundTask,portality/tasks/sitemap.py#L11,https://github.com/DOAJ/doaj/blob/master/portality/tasks/sitemap.py#L11
AuthNZ:Exception,portality/bll/exceptions.py#L6,https://github.com/DOAJ/doaj/blob/master/portality/bll/exceptions.py#L6
ArticleIngest:Exception,portality/bll/exceptions.py#L100,https://github.com/DOAJ/doaj/blob/master/portality/bll/exceptions.py#L100
DOAJ:Service,portality/bll/doaj.py#L1,https://github.com/DOAJ/doaj/blob/master/portality/bll/doaj.py#L1
Notifications:Service,portality/bll/services/notifications.py#L1,https://github.com/DOAJ/doaj/blob/master/portality/bll/services/notifications.py#L1
TopNotifications:Query,portality/bll/services/notifications.py#L76,https://github.com/DOAJ/doaj/blob/master/portality/bll/services/notifications.py#L76
Notifications:Query,portality/bll/services/notifications.py#L97,https://github.com/DOAJ/doaj/blob/master/portality/bll/services/notifications.py#L97
BackgroundTask:Monitoring,portality/bll/services/background_task_status.py#L2; portality/view/status.py#L190,https://github.com/DOAJ/doaj/blob/master/portality/bll/services/background_task_status.py#L2; https://github.com/DOAJ/doaj/blob/master/portality/view/status.py#L190
Article:Service,portality/bll/services/article.py#L12,https://github.com/DOAJ/doaj/blob/master/portality/bll/services/article.py#L12
ArticleBatchCreate:Feature,portality/bll/services/article.py#L61,https://github.com/DOAJ/doaj/blob/master/portality/bll/services/article.py#L61
ArticleCreate:Feature,portality/bll/services/article.py#L221,https://github.com/DOAJ/doaj/blob/master/portality/bll/services/article.py#L221
AuthNZ:Service,portality/bll/services/authorisation.py#L8,https://github.com/DOAJ/doaj/blob/master/portality/bll/services/authorisation.py#L8
Todo:Service,portality/bll/services/todo.py#L8,https://github.com/DOAJ/doaj/blob/master/portality/bll/services/todo.py#L8
Todo:Query,portality/bll/services/todo.py#L204,https://github.com/DOAJ/doaj/blob/master/portality/bll/services/todo.py#L204
GroupStats:Query,portality/bll/services/todo.py#L279,https://github.com/DOAJ/doaj/blob/master/portality/bll/services/todo.py#L279
Query:Service,portality/bll/services/query.py#L12,https://github.com/DOAJ/doaj/blob/master/portality/bll/services/query.py#L12
Query:Query,portality/bll/services/query.py#L158,https://github.com/DOAJ/doaj/blob/master/portality/bll/services/query.py#L158
Application:Service,portality/bll/services/application.py#L15,https://github.com/DOAJ/doaj/blob/master/portality/bll/services/application.py#L15
Sitemap:Feature,portality/bll/services/site.py#L44,https://github.com/DOAJ/doaj/blob/master/portality/bll/services/site.py#L44
Journal:Service,portality/bll/services/journal.py#L20,https://github.com/DOAJ/doaj/blob/master/portality/bll/services/journal.py#L20
AdminJournalCSV:Feature,portality/bll/services/journal.py#L167,https://github.com/DOAJ/doaj/blob/master/portality/bll/services/journal.py#L167
JournalCSV:Feature,portality/bll/services/journal.py#L243; portality/bll/services/journal.py#L253,https://github.com/DOAJ/doaj/blob/master/portality/bll/services/journal.py#L243; https://github.com/DOAJ/doaj/blob/master/portality/bll/services/journal.py#L253
Dashboard:Blueprint,portality/view/dashboard.py#L13,https://github.com/DOAJ/doaj/blob/master/portality/view/dashboard.py#L13
GroupStatus:Feature,portality/view/doajservices.py#L106; portality/templates/dashboard/index.html#L83,https://github.com/DOAJ/doaj/blob/master/portality/view/doajservices.py#L106; https://github.com/DOAJ/doaj/blob/master/portality/templates/dashboard/index.html#L83
MustHaveRole:Validator,portality/view/forms.py#L68,https://github.com/DOAJ/doaj/blob/master/portality/view/forms.py#L68
EditorGroup:Form,portality/view/forms.py#L93,https://github.com/DOAJ/doaj/blob/master/portality/view/forms.py#L93
DOAJ:Blueprint,portality/view/doaj.py#L22,https://github.com/DOAJ/doaj/blob/master/portality/view/doaj.py#L22
Media:WebRoute,portality/view/doaj.py#L431,https://github.com/DOAJ/doaj/blob/master/portality/view/doaj.py#L431
Admin:Blueprint,portality/view/admin.py#L32,https://github.com/DOAJ/doaj/blob/master/portality/view/admin.py#L32
JournalForm:Page,portality/view/admin.py#L194,https://github.com/DOAJ/doaj/blob/master/portality/view/admin.py#L194
UploadMetadata:Feature,portality/view/publisher.py#L185,https://github.com/DOAJ/doaj/blob/master/portality/view/publisher.py#L185
Email:Notifications,portality/notifications/application_emails.py#L1,https://github.com/DOAJ/doaj/blob/master/portality/notifications/application_emails.py#L1
Dashboard:Feature,portality/static/js/dashboard.js#L1,https://github.com/DOAJ/doaj/blob/master/portality/static/js/dashboard.js#L1
DontLeave:Feature,portality/static/js/dontleave.js#L1,https://github.com/DOAJ/doaj/blob/master/portality/static/js/dontleave.js#L1
DOAJ:Library,portality/static/js/doaj.js#L2,https://github.com/DOAJ/doaj/blob/master/portality/static/js/doaj.js#L2
Notifications:Feature,portality/static/js/notifications.js#L1,https://github.com/DOAJ/doaj/blob/master/portality/static/js/notifications.js#L1
AdminNotifications:Edge,portality/static/js/edges/admin.notifications.edge.js#L1,https://github.com/DOAJ/doaj/blob/master/portality/static/js/edges/admin.notifications.edge.js#L1
AdminUpdateRequestSearch:Feature,portality/static/js/edges/admin.update_requests.edge.js#L1,https://github.com/DOAJ/doaj/blob/master/portality/static/js/edges/admin.update_requests.edge.js#L1
AdminJournalsSearch:Feature,portality/static/js/edges/admin.journals.edge.js#L1,https://github.com/DOAJ/doaj/blob/master/portality/static/js/edges/admin.journals.edge.js#L1
AdminJournalsArticlesSearch:Feature,portality/static/js/edges/admin.journalarticle.edge.js#L1,https://github.com/DOAJ/doaj/blob/master/portality/static/js/edges/admin.journalarticle.edge.js#L1
AdminApplicationsSearch:Feature,portality/static/js/edges/admin.applications.edge.js#L1,https://github.com/DOAJ/doaj/blob/master/portality/static/js/edges/admin.applications.edge.js#L1
AdminUserSearch:Feature,portality/static/js/edges/admin.users.edge.js#L1,https://github.com/DOAJ/doaj/blob/master/portality/static/js/edges/admin.users.edge.js#L1
EditorGroupsSearch:Feature,portality/static/js/edges/admin.editor_groups.edge.js#L1,https://github.com/DOAJ/doaj/blob/master/portality/static/js/edges/admin.editor_groups.edge.js#L1
Notifications:Edge,portality/static/js/edges/notifications.edge.js#L1,https://github.com/DOAJ/doaj/blob/master/portality/static/js/edges/notifications.edge.js#L1
BackgroundJobsSearch:Feature,portality/static/js/edges/admin.background_jobs.edge.js#L1,https://github.com/DOAJ/doaj/blob/master/portality/static/js/edges/admin.background_jobs.edge.js#L1
Account:Page,portality/templates/account/view.html#L1,https://github.com/DOAJ/doaj/blob/master/portality/templates/account/view.html#L1
PublisherApplicationInProgress:Email,portality/templates/email/publisher_application_inprogress.jinja2#L2,https://github.com/DOAJ/doaj/blob/master/portality/templates/email/publisher_application_inprogress.jinja2#L2
ScriptTagDetected:Email,portality/templates/email/script_tag_detected.jinja2#L2,https://github.com/DOAJ/doaj/blob/master/portality/templates/email/script_tag_detected.jinja2#L2
PublisherUpdateRequestRevisionsRequired:Email,portality/templates/email/publisher_update_request_revisions.jinja2#L2,https://github.com/DOAJ/doaj/blob/master/portality/templates/email/publisher_update_request_revisions.jinja2#L2
PublisherUpdateRequestReceived:Email,portality/templates/email/publisher_update_request_received.jinja2#L2,https://github.com/DOAJ/doaj/blob/master/portality/templates/email/publisher_update_request_received.jinja2#L2
AssEdApplicationInProgress:Email,portality/templates/email/assoc_editor_application_inprogress.jinja2#L2,https://github.com/DOAJ/doaj/blob/master/portality/templates/email/assoc_editor_application_inprogress.jinja2#L2
AccountCreated:Email,portality/templates/email/account_created.jinja2#L2,https://github.com/DOAJ/doaj/blob/master/portality/templates/email/account_created.jinja2#L2
EditorApplicationAssigned:Email,portality/templates/email/editor_application_assigned_group.jinja2#L2,https://github.com/DOAJ/doaj/blob/master/portality/templates/email/editor_application_assigned_group.jinja2#L2
AssEdApplicationAssigned:Email,portality/templates/email/assoc_editor_application_assigned.jinja2#L2,https://github.com/DOAJ/doaj/blob/master/portality/templates/email/assoc_editor_application_assigned.jinja2#L2
EditorApplicationCompleted:Email,portality/templates/email/editor_application_completed.jinja2#L2,https://github.com/DOAJ/doaj/blob/master/portality/templates/email/editor_application_completed.jinja2#L2
EditorApplicationInProgress:Email,portality/templates/email/editor_application_inprogress.jinja2#L2,https://github.com/DOAJ/doaj/blob/master/portality/templates/email/editor_application_inprogress.jinja2#L2
PublisherApplicationReceived:Email,portality/templates/email/publisher_application_received.jinja2#L2,https://github.com/DOAJ/doaj/blob/master/portality/templates/email/publisher_application_received.jinja2#L2
AssEdJournalAssigned:Email,portality/templates/email/assoc_editor_journal_assigned.jinja2#L2,https://github.com/DOAJ/doaj/blob/master/portality/templates/email/assoc_editor_journal_assigned.jinja2#L2
PublisherUpdateRequestRejected:Email,portality/templates/email/publisher_update_request_rejected.jinja2#L2,https://github.com/DOAJ/doaj/blob/master/portality/templates/email/publisher_update_request_rejected.jinja2#L2
PasswordReset:Email,portality/templates/email/account_password_reset.jinja2#L2,https://github.com/DOAJ/doaj/blob/master/portality/templates/email/account_password_reset.jinja2#L2
PublisherApplicationRejected:Email,portality/templates/email/publisher_application_rejected.jinja2#L2,https://github.com/DOAJ/doaj/blob/master/portality/templates/email/publisher_application_rejected.jinja2#L2
PublisherApplicationEditorAssigned:Email,portality/templates/email/publisher_application_editor_assigned.jinja2#L2,https://github.com/DOAJ/doaj/blob/master/portality/templates/email/publisher_application_editor_assigned.jinja2#L2
PublisherUpdateRequestEditorAssigned:Email,portality/templates/email/publisher_update_request_editor_assigned.jinja2#L2,https://github.com/DOAJ/doaj/blob/master/portality/templates/email/publisher_update_request_editor_assigned.jinja2#L2
PublisherUpdateRequestAccepted:Email,portality/templates/email/publisher_update_request_accepted.jinja2#L2,https://github.com/DOAJ/doaj/blob/master/portality/templates/email/publisher_update_request_accepted.jinja2#L2
PublisherUpdateRequestInProgress:Email,portality/templates/email/publisher_update_request_inprogress.jinja2#L2,https://github.com/DOAJ/doaj/blob/master/portality/templates/email/publisher_update_request_inprogress.jinja2#L2
PublisherApplicationAccepted:Email,portality/templates/email/publisher_application_accepted.jinja2#L2,https://github.com/DOAJ/doaj/blob/master/portality/templates/email/publisher_application_accepted.jinja2#L2
AdminJournalAssigned:Email,portality/templates/email/editor_journal_assigned_group.jinja2#L2,https://github.com/DOAJ/doaj/blob/master/portality/templates/email/editor_journal_assigned_group.jinja2#L2
AdminBackgroundJobFinished:Email,portality/templates/email/admin_background_job_finished.jinja2#L2,https://github.com/DOAJ/doaj/blob/master/portality/templates/email/admin_background_job_finished.jinja2#L2
AdminApplicationReady:Email,portality/templates/email/admin_application_ready.jinja2#L2,https://github.com/DOAJ/doaj/blob/master/portality/templates/email/admin_application_ready.jinja2#L2
AdminArticleMetadata:Page,portality/templates/admin/article_metadata.html#L1,https://github.com/DOAJ/doaj/blob/master/portality/templates/admin/article_metadata.html#L1
AdminNotificationsSearch:Page,portality/templates/admin/global_notifications_search.html#L2,https://github.com/DOAJ/doaj/blob/master/portality/templates/admin/global_notifications_search.html#L2
Dashboard:Page,portality/templates/dashboard/index.html#L2,https://github.com/DOAJ/doaj/blob/master/portality/templates/dashboard/index.html#L2
DashboardNav:Fragment,portality/templates/dashboard/nav.html#L1,https://github.com/DOAJ/doaj/blob/master/portality/templates/dashboard/nav.html#L1
NotificationsSearch:Page,portality/templates/dashboard/notifications.html#L2,https://github.com/DOAJ/doaj/blob/master/portality/templates/dashboard/notifications.html#L2
EditorIndex:Page,portality/templates/editor/index.html#L2,https://github.com/DOAJ/doaj/blob/master/portality/templates/editor/index.html#L2
PublisherArticleMetadata:Page,portality/templates/publisher/metadata.html#L1,https://github.com/DOAJ/doaj/blob/master/portality/templates/publisher/metadata.html#L1
UploadMetadata:Page,portality/templates/publisher/uploadmetadata.html#L1,https://github.com/DOAJ/doaj/blob/master/portality/templates/publisher/uploadmetadata.html#L1
Dashboard:Template,portality/templates/layouts/dashboard_base.html#L2; portality/templates/layouts/dashboard_base.html#L8,https://github.com/DOAJ/doaj/blob/master/portality/templates/layouts/dashboard_base.html#L2; https://github.com/DOAJ/doaj/blob/master/portality/templates/layouts/dashboard_base.html#L8
OAIDC:Crosswalk,portality/crosswalks/oaipmh.py#L52,https://github.com/DOAJ/doaj/blob/master/portality/crosswalks/oaipmh.py#L52
OAIArticleXML:Crosswalk,portality/crosswalks/oaipmh.py#L98,https://github.com/DOAJ/doaj/blob/master/portality/crosswalks/oaipmh.py#L98
OAIJournalXML:Crosswalk,portality/crosswalks/oaipmh.py#L230,https://github.com/DOAJ/doaj/blob/master/portality/crosswalks/oaipmh.py#L230
OAIDOAJArticleXML:Crosswalk,portality/crosswalks/oaipmh.py#L308,https://github.com/DOAJ/doaj/blob/master/portality/crosswalks/oaipmh.py#L308
DOAJArticleXML:Crosswalk,portality/crosswalks/article_doaj_xml.py#L15,https://github.com/DOAJ/doaj/blob/master/portality/crosswalks/article_doaj_xml.py#L15
Atom:Crosswalk,portality/crosswalks/atom.py#L7,https://github.com/DOAJ/doaj/blob/master/portality/crosswalks/atom.py#L7
JournalQuestions:Crosswalk,portality/crosswalks/journal_questions.py#L13,https://github.com/DOAJ/doaj/blob/master/portality/crosswalks/journal_questions.py#L13
Crossref442XML:Crosswalk,portality/crosswalks/article_crossref_xml.py#L13,https://github.com/DOAJ/doaj/blob/master/portality/crosswalks/article_crossref_xml.py#L13
Crossref531XML:Crosswalk,portality/crosswalks/article_crossref_xml.py#L337,https://github.com/DOAJ/doaj/blob/master/portality/crosswalks/article_crossref_xml.py#L337
ArticleForm:Crosswalk,portality/crosswalks/article_form.py#L5,https://github.com/DOAJ/doaj/blob/master/portality/crosswalks/article_form.py#L5
Journal:Crosswalk,portality/crosswalks/journal_form.py#L11,https://github.com/DOAJ/doaj/blob/master/portality/crosswalks/journal_form.py#L11
ApplicationForm:Crosswalk,portality/crosswalks/application_form.py#L7,https://github.com/DOAJ/doaj/blob/master/portality/crosswalks/application_form.py#L7
JCT:Crosswalk,portality/crosswalks/jct_inprogress.py#L5,https://github.com/DOAJ/doaj/blob/master/portality/crosswalks/jct_inprogress.py#L5
