LCCXML:Data,lccSubjects.xml#L1,https://github.com/DOAJ/doaj/blob/feature/3424_archiving_project/lccSubjects.xml#L1
DOAJ:Documentation,README.md#L2,https://github.com/DOAJ/doaj/blob/feature/3424_archiving_project/README.md#L2
CMS:Documentation,cms/test-page.html#L2; cms/README.md#L4,https://github.com/DOAJ/doaj/blob/feature/3424_archiving_project/cms/test-page.html#L2; https://github.com/DOAJ/doaj/blob/feature/3424_archiving_project/cms/README.md#L4
CMS:DataStore,cms/README.md#L3,https://github.com/DOAJ/doaj/blob/feature/3424_archiving_project/cms/README.md#L3
ApplicationThanks:Fragment,cms/pages/apply/thank-you.md#L6,https://github.com/DOAJ/doaj/blob/feature/3424_archiving_project/cms/pages/apply/thank-you.md#L6
Seal:Fragment,cms/pages/apply/seal.md#L7,https://github.com/DOAJ/doaj/blob/feature/3424_archiving_project/cms/pages/apply/seal.md#L7
Transparency:Fragment,cms/pages/apply/transparency.md#L7,https://github.com/DOAJ/doaj/blob/feature/3424_archiving_project/cms/pages/apply/transparency.md#L7
DraftSaved:Fragment,cms/pages/apply/draft_saved.md#L5,https://github.com/DOAJ/doaj/blob/feature/3424_archiving_project/cms/pages/apply/draft_saved.md#L5
PublisherResponsibilities:Fragment,cms/pages/apply/publisher-responsibilities.md#L7,https://github.com/DOAJ/doaj/blob/feature/3424_archiving_project/cms/pages/apply/publisher-responsibilities.md#L7
CopyrightAndLicensing:Fragment,cms/pages/apply/copyright-and-licensing.md#L7,https://github.com/DOAJ/doaj/blob/feature/3424_archiving_project/cms/pages/apply/copyright-and-licensing.md#L7
GuideToApplying:Fragment,cms/pages/apply/guide.md#L7,https://github.com/DOAJ/doaj/blob/feature/3424_archiving_project/cms/pages/apply/guide.md#L7
WhyIndex:Fragment,cms/pages/apply/why-index.md#L7,https://github.com/DOAJ/doaj/blob/feature/3424_archiving_project/cms/pages/apply/why-index.md#L7
Preservation:Fragment,cms/pages/preservation/index.md#L7,https://github.com/DOAJ/doaj/blob/feature/3424_archiving_project/cms/pages/preservation/index.md#L7
XML:Fragment,cms/pages/docs/xml.md#L7,https://github.com/DOAJ/doaj/blob/feature/3424_archiving_project/cms/pages/docs/xml.md#L7
PublicDataDump:Fragment,cms/pages/docs/public-data-dump.md#L8,https://github.com/DOAJ/doaj/blob/feature/3424_archiving_project/cms/pages/docs/public-data-dump.md#L8
Widgets:Fragment,cms/pages/docs/widgets.md#L8,https://github.com/DOAJ/doaj/blob/feature/3424_archiving_project/cms/pages/docs/widgets.md#L8
OAIPMH:Fragment,cms/pages/docs/oai-pmh.md#L8,https://github.com/DOAJ/doaj/blob/feature/3424_archiving_project/cms/pages/docs/oai-pmh.md#L8
FAQ:Fragment,cms/pages/docs/faq.md#L7,https://github.com/DOAJ/doaj/blob/feature/3424_archiving_project/cms/pages/docs/faq.md#L7
OpenURL:Fragment,cms/pages/docs/openurl.md#L7,https://github.com/DOAJ/doaj/blob/feature/3424_archiving_project/cms/pages/docs/openurl.md#L7
Team:Fragment,cms/pages/about/team.md#L7,https://github.com/DOAJ/doaj/blob/feature/3424_archiving_project/cms/pages/about/team.md#L7
About:Fragment,cms/pages/about/index.md#L7,https://github.com/DOAJ/doaj/blob/feature/3424_archiving_project/cms/pages/about/index.md#L7
Ambassadors:Fragment,cms/pages/about/ambassadors.md#L8,https://github.com/DOAJ/doaj/blob/feature/3424_archiving_project/cms/pages/about/ambassadors.md#L8
Volunteers:Fragment,cms/pages/about/volunteers.md#L8,https://github.com/DOAJ/doaj/blob/feature/3424_archiving_project/cms/pages/about/volunteers.md#L8
AdvisoryBoardCouncil:Fragment,cms/pages/about/advisory-board-council.md#L7,https://github.com/DOAJ/doaj/blob/feature/3424_archiving_project/cms/pages/about/advisory-board-council.md#L7
At20:Fragment,cms/pages/about/at-20.md#L7,https://github.com/DOAJ/doaj/blob/feature/3424_archiving_project/cms/pages/about/at-20.md#L7
Privacy:Fragment,cms/pages/legal/privacy.md#L7,https://github.com/DOAJ/doaj/blob/feature/3424_archiving_project/cms/pages/legal/privacy.md#L7
ContactUs:Fragment,cms/pages/legal/contact.md#L6,https://github.com/DOAJ/doaj/blob/feature/3424_archiving_project/cms/pages/legal/contact.md#L6
Media:Fragment,cms/pages/legal/media.md#L6,https://github.com/DOAJ/doaj/blob/feature/3424_archiving_project/cms/pages/legal/media.md#L6
Accessibility:Fragment,cms/pages/legal/accessibility.md#L6,https://github.com/DOAJ/doaj/blob/feature/3424_archiving_project/cms/pages/legal/accessibility.md#L6
Terms:Fragment,cms/pages/legal/terms.md#L7,https://github.com/DOAJ/doaj/blob/feature/3424_archiving_project/cms/pages/legal/terms.md#L7
PublisherSupporters:Fragment,cms/pages/support/publisher-supporters.md#L9,https://github.com/DOAJ/doaj/blob/feature/3424_archiving_project/cms/pages/support/publisher-supporters.md#L9
Supporters:Fragment,cms/pages/support/supporters.md#L6,https://github.com/DOAJ/doaj/blob/feature/3424_archiving_project/cms/pages/support/supporters.md#L6
SupportThanks:Fragment,cms/pages/support/thank-you.md#L5,https://github.com/DOAJ/doaj/blob/feature/3424_archiving_project/cms/pages/support/thank-you.md#L5
Support:Fragment,cms/pages/support/index.md#L9,https://github.com/DOAJ/doaj/blob/feature/3424_archiving_project/cms/pages/support/index.md#L9
Sponsors:Data,cms/data/sponsors.yml#L2,https://github.com/DOAJ/doaj/blob/feature/3424_archiving_project/cms/data/sponsors.yml#L2
AdvisoryBoardCouncil:Data,cms/data/advisory-board-council.yml#L2,https://github.com/DOAJ/doaj/blob/feature/3424_archiving_project/cms/data/advisory-board-council.yml#L2
Navigation:Data,cms/data/nav.yml#L1,https://github.com/DOAJ/doaj/blob/feature/3424_archiving_project/cms/data/nav.yml#L1
Supporters:Data,cms/data/supporters.yml#L2,https://github.com/DOAJ/doaj/blob/feature/3424_archiving_project/cms/data/supporters.yml#L2
Ambassadors:Data,cms/data/ambassadors.yml#L2,https://github.com/DOAJ/doaj/blob/feature/3424_archiving_project/cms/data/ambassadors.yml#L2
Volunteers:Data,cms/data/volunteers.yml#L3,https://github.com/DOAJ/doaj/blob/feature/3424_archiving_project/cms/data/volunteers.yml#L3
Team:Data,cms/data/team.yml#L2,https://github.com/DOAJ/doaj/blob/feature/3424_archiving_project/cms/data/team.yml#L2
Notifications:Data,cms/data/notifications.yml#L1,https://github.com/DOAJ/doaj/blob/feature/3424_archiving_project/cms/data/notifications.yml#L1
Promo:Data,cms/data/promo.yml#L9,https://github.com/DOAJ/doaj/blob/feature/3424_archiving_project/cms/data/promo.yml#L9
PublisherSupporters:Data,cms/data/publisher-supporters.yml#L1,https://github.com/DOAJ/doaj/blob/feature/3424_archiving_project/cms/data/publisher-supporters.yml#L1
Kibana:Documentation,deploy/kibana_machine/README.md#L3,https://github.com/DOAJ/doaj/blob/feature/3424_archiving_project/deploy/kibana_machine/README.md#L3
BackupsMissing:Monitoring,deploy/lambda/alert_backups_missing.py#L4,https://github.com/DOAJ/doaj/blob/feature/3424_archiving_project/deploy/lambda/alert_backups_missing.py#L4
Main:Queue,deploy/dev/huey_main_queue.sh#L3,https://github.com/DOAJ/doaj/blob/feature/3424_archiving_project/deploy/dev/huey_main_queue.sh#L3
LongRunning:Queue,deploy/dev/huey_long_running.sh#L3,https://github.com/DOAJ/doaj/blob/feature/3424_archiving_project/deploy/dev/huey_long_running.sh#L3
AnonExport:Feature,data_import_settings/README.md#L15; portality/tasks/anon_export.py#L150,https://github.com/DOAJ/doaj/blob/feature/3424_archiving_project/data_import_settings/README.md#L15; https://github.com/DOAJ/doaj/blob/feature/3424_archiving_project/portality/tasks/anon_export.py#L150
Testbook:Script,docs/testbook.sh#L12,https://github.com/DOAJ/doaj/blob/feature/3424_archiving_project/docs/testbook.sh#L12
FeatureMap:Script,docs/featuremap.sh#L12,https://github.com/DOAJ/doaj/blob/feature/3424_archiving_project/docs/featuremap.sh#L12
GeneratedDocsIndex:Script,docs/index.sh#L3,https://github.com/DOAJ/doaj/blob/feature/3424_archiving_project/docs/index.sh#L3
DataModels:Script,docs/data_models.sh#L4,https://github.com/DOAJ/doaj/blob/feature/3424_archiving_project/docs/data_models.sh#L4
TestCoverage:Script,docs/coverage.sh#L8,https://github.com/DOAJ/doaj/blob/feature/3424_archiving_project/docs/coverage.sh#L8
Forms:Script,docs/forms.sh#L3,https://github.com/DOAJ/doaj/blob/feature/3424_archiving_project/docs/forms.sh#L3
AWS:Documentation,docs/system/AWS.md#L3,https://github.com/DOAJ/doaj/blob/feature/3424_archiving_project/docs/system/AWS.md#L3
S3:Documentation,docs/system/S3.md#L3,https://github.com/DOAJ/doaj/blob/feature/3424_archiving_project/docs/system/S3.md#L3
Install:Documentation,docs/system/INSTALL.md#L3,https://github.com/DOAJ/doaj/blob/feature/3424_archiving_project/docs/system/INSTALL.md#L3
OpenURL:Documentation,docs/system/OPENURL.md#L3,https://github.com/DOAJ/doaj/blob/feature/3424_archiving_project/docs/system/OPENURL.md#L3
AuthNZ:Documentation,docs/system/AUTHNZ.md#L3,https://github.com/DOAJ/doaj/blob/feature/3424_archiving_project/docs/system/AUTHNZ.md#L3
API:Documentation,docs/system/API.md#L3,https://github.com/DOAJ/doaj/blob/feature/3424_archiving_project/docs/system/API.md#L3
FieldDescriptions:Documentation,docs/data_models/README.md#L3,https://github.com/DOAJ/doaj/blob/feature/3424_archiving_project/docs/data_models/README.md#L3
AppSettings:Config,portality/settings.py#L2,https://github.com/DOAJ/doaj/blob/feature/3424_archiving_project/portality/settings.py#L2
ErrorHandler:Feature,portality/error_handler.py#L46,https://github.com/DOAJ/doaj/blob/feature/3424_archiving_project/portality/error_handler.py#L46
DOI:Regex,portality/regex.py#L3,https://github.com/DOAJ/doaj/blob/feature/3424_archiving_project/portality/regex.py#L3
ORCID:Regex,portality/regex.py#L7,https://github.com/DOAJ/doaj/blob/feature/3424_archiving_project/portality/regex.py#L7
ISSN:Regex,portality/regex.py#L11,https://github.com/DOAJ/doaj/blob/feature/3424_archiving_project/portality/regex.py#L11
Date:Regex,portality/regex.py#L15,https://github.com/DOAJ/doaj/blob/feature/3424_archiving_project/portality/regex.py#L15
URL:Regex,portality/regex.py#L19,https://github.com/DOAJ/doaj/blob/feature/3424_archiving_project/portality/regex.py#L19
DomainObject:Model,portality/dao.py#L47,https://github.com/DOAJ/doaj/blob/feature/3424_archiving_project/portality/dao.py#L47
SearchURLGenerator:Feature,portality/dao.py#L1008,https://github.com/DOAJ/doaj/blob/feature/3424_archiving_project/portality/dao.py#L1008
DataSets:Data,portality/datasets.py#L2,https://github.com/DOAJ/doaj/blob/feature/3424_archiving_project/portality/datasets.py#L2
Countries:Data,portality/datasets.py#L13,https://github.com/DOAJ/doaj/blob/feature/3424_archiving_project/portality/datasets.py#L13
Currencies:Data,portality/datasets.py#L29,https://github.com/DOAJ/doaj/blob/feature/3424_archiving_project/portality/datasets.py#L29
Languages:Data,portality/datasets.py#L46,https://github.com/DOAJ/doaj/blob/feature/3424_archiving_project/portality/datasets.py#L46
FileStore:Feature,portality/store.py#L42,https://github.com/DOAJ/doaj/blob/feature/3424_archiving_project/portality/store.py#L42
FileStoreS3:Feature,portality/store.py#L76,https://github.com/DOAJ/doaj/blob/feature/3424_archiving_project/portality/store.py#L76
Migrations:Framework,portality/upgrade.py#L2,https://github.com/DOAJ/doaj/blob/feature/3424_archiving_project/portality/upgrade.py#L2
Constants:Config,portality/constants.py#L1,https://github.com/DOAJ/doaj/blob/feature/3424_archiving_project/portality/constants.py#L1
Swagger:Feature,portality/decorators.py#L15,https://github.com/DOAJ/doaj/blob/feature/3424_archiving_project/portality/decorators.py#L15
APIKey:Feature,portality/decorators.py#L29; portality/decorators.py#L48,https://github.com/DOAJ/doaj/blob/feature/3424_archiving_project/portality/decorators.py#L29; https://github.com/DOAJ/doaj/blob/feature/3424_archiving_project/portality/decorators.py#L48
SSLRequired:Feature,portality/decorators.py#L70,https://github.com/DOAJ/doaj/blob/feature/3424_archiving_project/portality/decorators.py#L70
Authorisation:Feature,portality/decorators.py#L88,https://github.com/DOAJ/doaj/blob/feature/3424_archiving_project/portality/decorators.py#L88
ReadOnlyMode:Feature,portality/decorators.py#L103,https://github.com/DOAJ/doaj/blob/feature/3424_archiving_project/portality/decorators.py#L103
CaptureSigterm:Feature,portality/decorators.py#L140,https://github.com/DOAJ/doaj/blob/feature/3424_archiving_project/portality/decorators.py#L140
DOAJ:WebApp,portality/app.py#L10,https://github.com/DOAJ/doaj/blob/feature/3424_archiving_project/portality/app.py#L10
Email:Library,portality/app_email.py#L1,https://github.com/DOAJ/doaj/blob/feature/3424_archiving_project/portality/app_email.py#L1
Lock:Feature,portality/lock.py#L2,https://github.com/DOAJ/doaj/blob/feature/3424_archiving_project/portality/lock.py#L2
Lock:Query,portality/lock.py#L176,https://github.com/DOAJ/doaj/blob/feature/3424_archiving_project/portality/lock.py#L176
LCC:Data,portality/lcc.py#L2,https://github.com/DOAJ/doaj/blob/feature/3424_archiving_project/portality/lcc.py#L2
BackgroundTasks:Feature,portality/background.py#L44; portality/tasks/helpers/background_helper.py#L2,https://github.com/DOAJ/doaj/blob/feature/3424_archiving_project/portality/background.py#L44; https://github.com/DOAJ/doaj/blob/feature/3424_archiving_project/portality/tasks/helpers/background_helper.py#L2
BackgroundTask:Process,portality/background.py#L117,https://github.com/DOAJ/doaj/blob/feature/3424_archiving_project/portality/background.py#L117
AdminBackgroundTask:Process,portality/background.py#L198,https://github.com/DOAJ/doaj/blob/feature/3424_archiving_project/portality/background.py#L198
LoginManager:Feature,portality/core.py#L26,https://github.com/DOAJ/doaj/blob/feature/3424_archiving_project/portality/core.py#L26
CreateApp:Framework,portality/core.py#L37,https://github.com/DOAJ/doaj/blob/feature/3424_archiving_project/portality/core.py#L37
CrossrefXML:Feature,portality/core.py#L135,https://github.com/DOAJ/doaj/blob/feature/3424_archiving_project/portality/core.py#L135
ElasticConnection:Framework,portality/core.py#L168,https://github.com/DOAJ/doaj/blob/feature/3424_archiving_project/portality/core.py#L168
InitialiseIndex:Framework,portality/core.py#L224,https://github.com/DOAJ/doaj/blob/feature/3424_archiving_project/portality/core.py#L224
APM:Feature,portality/core.py#L252,https://github.com/DOAJ/doaj/blob/feature/3424_archiving_project/portality/core.py#L252
ProxyFix:Framework,portality/core.py#L267,https://github.com/DOAJ/doaj/blob/feature/3424_archiving_project/portality/core.py#L267
CMS:Build,portality/core.py#L324,https://github.com/DOAJ/doaj/blob/feature/3424_archiving_project/portality/core.py#L324
Elasticsearch:Technology,portality/util.py#L133,https://github.com/DOAJ/doaj/blob/feature/3424_archiving_project/portality/util.py#L133
ReCAPTCHA:ExternalService,portality/util.py#L142,https://github.com/DOAJ/doaj/blob/feature/3424_archiving_project/portality/util.py#L142
AuthNZ:Feature,portality/authorise.py#L5,https://github.com/DOAJ/doaj/blob/feature/3424_archiving_project/portality/authorise.py#L5
Email:Notifications,portality/notifications/application_emails.py#L1,https://github.com/DOAJ/doaj/blob/feature/3424_archiving_project/portality/notifications/application_emails.py#L1
MarkNotificationsSeen:Script,portality/scripts/mark_notifications_seen.py#L1,https://github.com/DOAJ/doaj/blob/feature/3424_archiving_project/portality/scripts/mark_notifications_seen.py#L1
Sitemap:Script,portality/scripts/sitemap.py#L3,https://github.com/DOAJ/doaj/blob/feature/3424_archiving_project/portality/scripts/sitemap.py#L3
JournalUpdateByCSV:Script,portality/scripts/journals_update_via_csv.py#L2,https://github.com/DOAJ/doaj/blob/feature/3424_archiving_project/portality/scripts/journals_update_via_csv.py#L2
JournalUpdateByCSV:Feature,portality/scripts/journals_update_via_csv.py#L118,https://github.com/DOAJ/doaj/blob/feature/3424_archiving_project/portality/scripts/journals_update_via_csv.py#L118
Harvester:Feature,portality/scripts/harvest.py#L2,https://github.com/DOAJ/doaj/blob/feature/3424_archiving_project/portality/scripts/harvest.py#L2
AdminJournalCSV:CLI,portality/scripts/admin_journalcsv.py#L1,https://github.com/DOAJ/doaj/blob/feature/3424_archiving_project/portality/scripts/admin_journalcsv.py#L1
CMSBuildSASS:Script,portality/cms/build_sass.py#L3,https://github.com/DOAJ/doaj/blob/feature/3424_archiving_project/portality/cms/build_sass.py#L3
CMSBuildFragments:Script,portality/cms/build_fragments.py#L1,https://github.com/DOAJ/doaj/blob/feature/3424_archiving_project/portality/cms/build_fragments.py#L1
Dates:Library,portality/lib/dates.py#L1,https://github.com/DOAJ/doaj/blob/feature/3424_archiving_project/portality/lib/dates.py#L1
WhoCurrentUser:Query,portality/lib/query_filters.py#L143,https://github.com/DOAJ/doaj/blob/feature/3424_archiving_project/portality/lib/query_filters.py#L143
EdgesIntegration:Library,portality/lib/edges.py#L1,https://github.com/DOAJ/doaj/blob/feature/3424_archiving_project/portality/lib/edges.py#L1
Anonymisation:Feature,portality/lib/anon.py#L1,https://github.com/DOAJ/doaj/blob/feature/3424_archiving_project/portality/lib/anon.py#L1
Coerce:Library,portality/lib/coerce.py#L1,https://github.com/DOAJ/doaj/blob/feature/3424_archiving_project/portality/lib/coerce.py#L1
Formulaic:Library,portality/lib/formulaic.py#L1,https://github.com/DOAJ/doaj/blob/feature/3424_archiving_project/portality/lib/formulaic.py#L1
FormulaicContext:Feature,portality/lib/formulaic.py#L223,https://github.com/DOAJ/doaj/blob/feature/3424_archiving_project/portality/lib/formulaic.py#L223
FormulaicFieldset:Feature,portality/lib/formulaic.py#L468,https://github.com/DOAJ/doaj/blob/feature/3424_archiving_project/portality/lib/formulaic.py#L468
FormulaicField:Feature,portality/lib/formulaic.py#L512,https://github.com/DOAJ/doaj/blob/feature/3424_archiving_project/portality/lib/formulaic.py#L512
FormProcessor:Feature,portality/lib/formulaic.py#L785,https://github.com/DOAJ/doaj/blob/feature/3424_archiving_project/portality/lib/formulaic.py#L785
GoogleAnalytics:ExternalService,portality/lib/analytics.py#L1,https://github.com/DOAJ/doaj/blob/feature/3424_archiving_project/portality/lib/analytics.py#L1
PlausibleAnalytics:ExternalService,portality/lib/plausible.py#L1,https://github.com/DOAJ/doaj/blob/feature/3424_archiving_project/portality/lib/plausible.py#L1
ESMappings:Library,portality/lib/es_data_mapping.py#L4,https://github.com/DOAJ/doaj/blob/feature/3424_archiving_project/portality/lib/es_data_mapping.py#L4
UploadMetadata:Page,portality/templates/publisher/uploadmetadata.html#L1,https://github.com/DOAJ/doaj/blob/feature/3424_archiving_project/portality/templates/publisher/uploadmetadata.html#L1
PublisherArticleMetadata:Page,portality/templates/publisher/metadata.html#L1,https://github.com/DOAJ/doaj/blob/feature/3424_archiving_project/portality/templates/publisher/metadata.html#L1
Dashboard:Template,portality/templates/layouts/dashboard_base.html#L2; portality/templates/layouts/dashboard_base.html#L8,https://github.com/DOAJ/doaj/blob/feature/3424_archiving_project/portality/templates/layouts/dashboard_base.html#L2; https://github.com/DOAJ/doaj/blob/feature/3424_archiving_project/portality/templates/layouts/dashboard_base.html#L8
AssEdJournalAssigned:Email,portality/templates/email/assoc_editor_journal_assigned.jinja2#L2,https://github.com/DOAJ/doaj/blob/feature/3424_archiving_project/portality/templates/email/assoc_editor_journal_assigned.jinja2#L2
EditorApplicationCompleted:Email,portality/templates/email/editor_application_completed.jinja2#L2,https://github.com/DOAJ/doaj/blob/feature/3424_archiving_project/portality/templates/email/editor_application_completed.jinja2#L2
PublisherUpdateRequestRejected:Email,portality/templates/email/publisher_update_request_rejected.jinja2#L2,https://github.com/DOAJ/doaj/blob/feature/3424_archiving_project/portality/templates/email/publisher_update_request_rejected.jinja2#L2
AdminBackgroundJobFinished:Email,portality/templates/email/admin_background_job_finished.jinja2#L2,https://github.com/DOAJ/doaj/blob/feature/3424_archiving_project/portality/templates/email/admin_background_job_finished.jinja2#L2
PublisherApplicationRejected:Email,portality/templates/email/publisher_application_rejected.jinja2#L2,https://github.com/DOAJ/doaj/blob/feature/3424_archiving_project/portality/templates/email/publisher_application_rejected.jinja2#L2
PublisherUpdateRequestRevisionsRequired:Email,portality/templates/email/publisher_update_request_revisions.jinja2#L2,https://github.com/DOAJ/doaj/blob/feature/3424_archiving_project/portality/templates/email/publisher_update_request_revisions.jinja2#L2
EditorApplicationInProgress:Email,portality/templates/email/editor_application_inprogress.jinja2#L2,https://github.com/DOAJ/doaj/blob/feature/3424_archiving_project/portality/templates/email/editor_application_inprogress.jinja2#L2
PublisherApplicationReceived:Email,portality/templates/email/publisher_application_received.jinja2#L2,https://github.com/DOAJ/doaj/blob/feature/3424_archiving_project/portality/templates/email/publisher_application_received.jinja2#L2
ScriptTagDetected:Email,portality/templates/email/script_tag_detected.jinja2#L2,https://github.com/DOAJ/doaj/blob/feature/3424_archiving_project/portality/templates/email/script_tag_detected.jinja2#L2
AssEdApplicationAssigned:Email,portality/templates/email/assoc_editor_application_assigned.jinja2#L2,https://github.com/DOAJ/doaj/blob/feature/3424_archiving_project/portality/templates/email/assoc_editor_application_assigned.jinja2#L2
EditorApplicationAssigned:Email,portality/templates/email/editor_application_assigned_group.jinja2#L2,https://github.com/DOAJ/doaj/blob/feature/3424_archiving_project/portality/templates/email/editor_application_assigned_group.jinja2#L2
PublisherApplicationEditorAssigned:Email,portality/templates/email/publisher_application_editor_assigned.jinja2#L2,https://github.com/DOAJ/doaj/blob/feature/3424_archiving_project/portality/templates/email/publisher_application_editor_assigned.jinja2#L2
PublisherUpdateRequestAccepted:Email,portality/templates/email/publisher_update_request_accepted.jinja2#L2,https://github.com/DOAJ/doaj/blob/feature/3424_archiving_project/portality/templates/email/publisher_update_request_accepted.jinja2#L2
AdminApplicationReady:Email,portality/templates/email/admin_application_ready.jinja2#L2,https://github.com/DOAJ/doaj/blob/feature/3424_archiving_project/portality/templates/email/admin_application_ready.jinja2#L2
PublisherUpdateRequestInProgress:Email,portality/templates/email/publisher_update_request_inprogress.jinja2#L2,https://github.com/DOAJ/doaj/blob/feature/3424_archiving_project/portality/templates/email/publisher_update_request_inprogress.jinja2#L2
PublisherUpdateRequestEditorAssigned:Email,portality/templates/email/publisher_update_request_editor_assigned.jinja2#L2,https://github.com/DOAJ/doaj/blob/feature/3424_archiving_project/portality/templates/email/publisher_update_request_editor_assigned.jinja2#L2
PublisherUpdateRequestReceived:Email,portality/templates/email/publisher_update_request_received.jinja2#L2,https://github.com/DOAJ/doaj/blob/feature/3424_archiving_project/portality/templates/email/publisher_update_request_received.jinja2#L2
PublisherApplicationAccepted:Email,portality/templates/email/publisher_application_accepted.jinja2#L2,https://github.com/DOAJ/doaj/blob/feature/3424_archiving_project/portality/templates/email/publisher_application_accepted.jinja2#L2
AdminJournalAssigned:Email,portality/templates/email/editor_journal_assigned_group.jinja2#L2,https://github.com/DOAJ/doaj/blob/feature/3424_archiving_project/portality/templates/email/editor_journal_assigned_group.jinja2#L2
PublisherApplicationInProgress:Email,portality/templates/email/publisher_application_inprogress.jinja2#L2,https://github.com/DOAJ/doaj/blob/feature/3424_archiving_project/portality/templates/email/publisher_application_inprogress.jinja2#L2
AssEdApplicationInProgress:Email,portality/templates/email/assoc_editor_application_inprogress.jinja2#L2,https://github.com/DOAJ/doaj/blob/feature/3424_archiving_project/portality/templates/email/assoc_editor_application_inprogress.jinja2#L2
AccountCreated:Email,portality/templates/email/account_created.jinja2#L2,https://github.com/DOAJ/doaj/blob/feature/3424_archiving_project/portality/templates/email/account_created.jinja2#L2
PasswordReset:Email,portality/templates/email/account_password_reset.jinja2#L2,https://github.com/DOAJ/doaj/blob/feature/3424_archiving_project/portality/templates/email/account_password_reset.jinja2#L2
AdminArticleMetadata:Page,portality/templates/admin/article_metadata.html#L1,https://github.com/DOAJ/doaj/blob/feature/3424_archiving_project/portality/templates/admin/article_metadata.html#L1
AdminNotificationsSearch:Page,portality/templates/admin/global_notifications_search.html#L2,https://github.com/DOAJ/doaj/blob/feature/3424_archiving_project/portality/templates/admin/global_notifications_search.html#L2
DashboardNav:Fragment,portality/templates/dashboard/nav.html#L1,https://github.com/DOAJ/doaj/blob/feature/3424_archiving_project/portality/templates/dashboard/nav.html#L1
Dashboard:Page,portality/templates/dashboard/index.html#L2,https://github.com/DOAJ/doaj/blob/feature/3424_archiving_project/portality/templates/dashboard/index.html#L2
GroupStatus:Feature,portality/templates/dashboard/index.html#L83; portality/view/doajservices.py#L106,https://github.com/DOAJ/doaj/blob/feature/3424_archiving_project/portality/templates/dashboard/index.html#L83; https://github.com/DOAJ/doaj/blob/feature/3424_archiving_project/portality/view/doajservices.py#L106
NotificationsSearch:Page,portality/templates/dashboard/notifications.html#L2,https://github.com/DOAJ/doaj/blob/feature/3424_archiving_project/portality/templates/dashboard/notifications.html#L2
Account:Page,portality/templates/account/view.html#L1,https://github.com/DOAJ/doaj/blob/feature/3424_archiving_project/portality/templates/account/view.html#L1
EditorIndex:Page,portality/templates/editor/index.html#L2,https://github.com/DOAJ/doaj/blob/feature/3424_archiving_project/portality/templates/editor/index.html#L2
DOAJ:Library,portality/static/js/doaj.js#L2,https://github.com/DOAJ/doaj/blob/feature/3424_archiving_project/portality/static/js/doaj.js#L2
Dashboard:Feature,portality/static/js/dashboard.js#L1,https://github.com/DOAJ/doaj/blob/feature/3424_archiving_project/portality/static/js/dashboard.js#L1
Notifications:Feature,portality/static/js/notifications.js#L1,https://github.com/DOAJ/doaj/blob/feature/3424_archiving_project/portality/static/js/notifications.js#L1
DontLeave:Feature,portality/static/js/dontleave.js#L1,https://github.com/DOAJ/doaj/blob/feature/3424_archiving_project/portality/static/js/dontleave.js#L1
AdminNotifications:Edge,portality/static/js/edges/admin.notifications.edge.js#L1,https://github.com/DOAJ/doaj/blob/feature/3424_archiving_project/portality/static/js/edges/admin.notifications.edge.js#L1
EditorGroupsSearch:Feature,portality/static/js/edges/admin.editor_groups.edge.js#L1,https://github.com/DOAJ/doaj/blob/feature/3424_archiving_project/portality/static/js/edges/admin.editor_groups.edge.js#L1
AdminUserSearch:Feature,portality/static/js/edges/admin.users.edge.js#L1,https://github.com/DOAJ/doaj/blob/feature/3424_archiving_project/portality/static/js/edges/admin.users.edge.js#L1
AdminJournalsSearch:Feature,portality/static/js/edges/admin.journals.edge.js#L1,https://github.com/DOAJ/doaj/blob/feature/3424_archiving_project/portality/static/js/edges/admin.journals.edge.js#L1
BackgroundJobsSearch:Feature,portality/static/js/edges/admin.background_jobs.edge.js#L1,https://github.com/DOAJ/doaj/blob/feature/3424_archiving_project/portality/static/js/edges/admin.background_jobs.edge.js#L1
AdminApplicationsSearch:Feature,portality/static/js/edges/admin.applications.edge.js#L1,https://github.com/DOAJ/doaj/blob/feature/3424_archiving_project/portality/static/js/edges/admin.applications.edge.js#L1
AdminUpdateRequestSearch:Feature,portality/static/js/edges/admin.update_requests.edge.js#L1,https://github.com/DOAJ/doaj/blob/feature/3424_archiving_project/portality/static/js/edges/admin.update_requests.edge.js#L1
AdminJournalsArticlesSearch:Feature,portality/static/js/edges/admin.journalarticle.edge.js#L1,https://github.com/DOAJ/doaj/blob/feature/3424_archiving_project/portality/static/js/edges/admin.journalarticle.edge.js#L1
Notifications:Edge,portality/static/js/edges/notifications.edge.js#L1,https://github.com/DOAJ/doaj/blob/feature/3424_archiving_project/portality/static/js/edges/notifications.edge.js#L1
EditorGroup:Model,portality/models/editors.py#L7,https://github.com/DOAJ/doaj/blob/feature/3424_archiving_project/portality/models/editors.py#L7
EditorGroupMember:Query,portality/models/editors.py#L112,https://github.com/DOAJ/doaj/blob/feature/3424_archiving_project/portality/models/editors.py#L112
Preservation:Model,portality/models/preservation.py#L7,https://github.com/DOAJ/doaj/blob/feature/3424_archiving_project/portality/models/preservation.py#L7
News:Model,portality/models/news.py#L7,https://github.com/DOAJ/doaj/blob/feature/3424_archiving_project/portality/models/news.py#L7
News:Query,portality/models/news.py#L64,https://github.com/DOAJ/doaj/blob/feature/3424_archiving_project/portality/models/news.py#L64
API:Feature,portality/models/openurl.py#L44; portality/api/__init__.py#L1; portality/api/common.py#L1,https://github.com/DOAJ/doaj/blob/feature/3424_archiving_project/portality/models/openurl.py#L44; https://github.com/DOAJ/doaj/blob/feature/3424_archiving_project/portality/api/__init__.py#L1; https://github.com/DOAJ/doaj/blob/feature/3424_archiving_project/portality/api/common.py#L1
Notification:Model,portality/models/notifications.py#L6,https://github.com/DOAJ/doaj/blob/feature/3424_archiving_project/portality/models/notifications.py#L6
BackgroundJob:Model,portality/models/background.py#L11,https://github.com/DOAJ/doaj/blob/feature/3424_archiving_project/portality/models/background.py#L11
ActiveBackgroundJob:Query,portality/models/background.py#L215,https://github.com/DOAJ/doaj/blob/feature/3424_archiving_project/portality/models/background.py#L215
Application:Model,portality/models/v2/application.py#L40,https://github.com/DOAJ/doaj/blob/feature/3424_archiving_project/portality/models/v2/application.py#L40
AssignedEditorGroups:Query,portality/models/v2/application.py#L384,https://github.com/DOAJ/doaj/blob/feature/3424_archiving_project/portality/models/v2/application.py#L384
APISearch:Feature,portality/api/current/discovery.py#L1,https://github.com/DOAJ/doaj/blob/feature/3424_archiving_project/portality/api/current/discovery.py#L1
Search:Query,portality/api/current/discovery.py#L335,https://github.com/DOAJ/doaj/blob/feature/3424_archiving_project/portality/api/current/discovery.py#L335
APIOutgoingCommonJournalApplication:Model,portality/api/current/data_objects/common_journal_application.py#L11,https://github.com/DOAJ/doaj/blob/feature/3424_archiving_project/portality/api/current/data_objects/common_journal_application.py#L11
APIOutgoingJournal:Model,portality/api/current/data_objects/journal.py#L31,https://github.com/DOAJ/doaj/blob/feature/3424_archiving_project/portality/api/current/data_objects/journal.py#L31
APIIncomingArticle:Model,portality/api/current/data_objects/article.py#L159,https://github.com/DOAJ/doaj/blob/feature/3424_archiving_project/portality/api/current/data_objects/article.py#L159
APIOutgoingArticle:Model,portality/api/current/data_objects/article.py#L282,https://github.com/DOAJ/doaj/blob/feature/3424_archiving_project/portality/api/current/data_objects/article.py#L282
APIIncomingApplication:Model,portality/api/current/data_objects/application.py#L114,https://github.com/DOAJ/doaj/blob/feature/3424_archiving_project/portality/api/current/data_objects/application.py#L114
APIOutgoingApplication:Model,portality/api/current/data_objects/application.py#L354,https://github.com/DOAJ/doaj/blob/feature/3424_archiving_project/portality/api/current/data_objects/application.py#L354
APIBulk:Feature,portality/api/current/bulk/__init__.py#L1,https://github.com/DOAJ/doaj/blob/feature/3424_archiving_project/portality/api/current/bulk/__init__.py#L1
APIBulkApplications:Feature,portality/api/current/bulk/applications.py#L1,https://github.com/DOAJ/doaj/blob/feature/3424_archiving_project/portality/api/current/bulk/applications.py#L1
APIBulkArticles:Feature,portality/api/current/bulk/articles.py#L1,https://github.com/DOAJ/doaj/blob/feature/3424_archiving_project/portality/api/current/bulk/articles.py#L1
APICrud:Feature,portality/api/current/crud/__init__.py#L1,https://github.com/DOAJ/doaj/blob/feature/3424_archiving_project/portality/api/current/crud/__init__.py#L1
APICrudApplications:Feature,portality/api/current/crud/applications.py#L1,https://github.com/DOAJ/doaj/blob/feature/3424_archiving_project/portality/api/current/crud/applications.py#L1
APICrudArticles:Feature,portality/api/current/crud/articles.py#L1,https://github.com/DOAJ/doaj/blob/feature/3424_archiving_project/portality/api/current/crud/articles.py#L1
APICrudJournals:Feature,portality/api/current/crud/journals.py#L1,https://github.com/DOAJ/doaj/blob/feature/3424_archiving_project/portality/api/current/crud/journals.py#L1
MustHaveRole:Validator,portality/view/forms.py#L68,https://github.com/DOAJ/doaj/blob/feature/3424_archiving_project/portality/view/forms.py#L68
EditorGroup:Form,portality/view/forms.py#L93,https://github.com/DOAJ/doaj/blob/feature/3424_archiving_project/portality/view/forms.py#L93
Dashboard:Blueprint,portality/view/dashboard.py#L13,https://github.com/DOAJ/doaj/blob/feature/3424_archiving_project/portality/view/dashboard.py#L13
Admin:Blueprint,portality/view/admin.py#L31,https://github.com/DOAJ/doaj/blob/feature/3424_archiving_project/portality/view/admin.py#L31
JournalForm:Page,portality/view/admin.py#L193,https://github.com/DOAJ/doaj/blob/feature/3424_archiving_project/portality/view/admin.py#L193
DOAJ:Blueprint,portality/view/doaj.py#L22,https://github.com/DOAJ/doaj/blob/feature/3424_archiving_project/portality/view/doaj.py#L22
Media:WebRoute,portality/view/doaj.py#L431,https://github.com/DOAJ/doaj/blob/feature/3424_archiving_project/portality/view/doaj.py#L431
UploadMetadata:Feature,portality/view/publisher.py#L183,https://github.com/DOAJ/doaj/blob/feature/3424_archiving_project/portality/view/publisher.py#L183
BackgroundTask:Monitoring,portality/view/status.py#L190; portality/bll/services/background_task_status.py#L2,https://github.com/DOAJ/doaj/blob/feature/3424_archiving_project/portality/view/status.py#L190; https://github.com/DOAJ/doaj/blob/feature/3424_archiving_project/portality/bll/services/background_task_status.py#L2
Harvester:BackgroundTask,portality/tasks/harvester.py#L44,https://github.com/DOAJ/doaj/blob/feature/3424_archiving_project/portality/tasks/harvester.py#L44
PreservationException:Exception,portality/tasks/preservation.py#L25,https://github.com/DOAJ/doaj/blob/feature/3424_archiving_project/portality/tasks/preservation.py#L25
ArticlePackage:Feature,portality/tasks/preservation.py#L38,https://github.com/DOAJ/doaj/blob/feature/3424_archiving_project/portality/tasks/preservation.py#L38
PreservationBackground:Feature,portality/tasks/preservation.py#L198,https://github.com/DOAJ/doaj/blob/feature/3424_archiving_project/portality/tasks/preservation.py#L198
CSVReader:Feature,portality/tasks/preservation.py#L441,https://github.com/DOAJ/doaj/blob/feature/3424_archiving_project/portality/tasks/preservation.py#L441
Preservation:Feature,portality/tasks/preservation.py#L478,https://github.com/DOAJ/doaj/blob/feature/3424_archiving_project/portality/tasks/preservation.py#L478
PreservationPackage:Feature,portality/tasks/preservation.py#L722,https://github.com/DOAJ/doaj/blob/feature/3424_archiving_project/portality/tasks/preservation.py#L722
SetInDOAJBackgroundTask:Process,portality/tasks/journal_in_out_doaj.py#L41,https://github.com/DOAJ/doaj/blob/feature/3424_archiving_project/portality/tasks/journal_in_out_doaj.py#L41
JournalBulkDelete:Task,portality/tasks/journal_bulk_delete.py#L36,https://github.com/DOAJ/doaj/blob/feature/3424_archiving_project/portality/tasks/journal_bulk_delete.py#L36
Sitemap:BackgroundTask,portality/tasks/sitemap.py#L11,https://github.com/DOAJ/doaj/blob/feature/3424_archiving_project/portality/tasks/sitemap.py#L11
DOAJArticleXML:Crosswalk,portality/crosswalks/article_doaj_xml.py#L14,https://github.com/DOAJ/doaj/blob/feature/3424_archiving_project/portality/crosswalks/article_doaj_xml.py#L14
JournalQuestions:Crosswalk,portality/crosswalks/journal_questions.py#L13,https://github.com/DOAJ/doaj/blob/feature/3424_archiving_project/portality/crosswalks/journal_questions.py#L13
JCT:Crosswalk,portality/crosswalks/jct_inprogress.py#L5,https://github.com/DOAJ/doaj/blob/feature/3424_archiving_project/portality/crosswalks/jct_inprogress.py#L5
ApplicationForm:Crosswalk,portality/crosswalks/application_form.py#L7,https://github.com/DOAJ/doaj/blob/feature/3424_archiving_project/portality/crosswalks/application_form.py#L7
Crossref442XML:Crosswalk,portality/crosswalks/article_crossref_xml.py#L13,https://github.com/DOAJ/doaj/blob/feature/3424_archiving_project/portality/crosswalks/article_crossref_xml.py#L13
Crossref531XML:Crosswalk,portality/crosswalks/article_crossref_xml.py#L337,https://github.com/DOAJ/doaj/blob/feature/3424_archiving_project/portality/crosswalks/article_crossref_xml.py#L337
Atom:Crosswalk,portality/crosswalks/atom.py#L7,https://github.com/DOAJ/doaj/blob/feature/3424_archiving_project/portality/crosswalks/atom.py#L7
ArticleForm:Crosswalk,portality/crosswalks/article_form.py#L5,https://github.com/DOAJ/doaj/blob/feature/3424_archiving_project/portality/crosswalks/article_form.py#L5
Journal:Crosswalk,portality/crosswalks/journal_form.py#L10,https://github.com/DOAJ/doaj/blob/feature/3424_archiving_project/portality/crosswalks/journal_form.py#L10
OAIDC:Crosswalk,portality/crosswalks/oaipmh.py#L50,https://github.com/DOAJ/doaj/blob/feature/3424_archiving_project/portality/crosswalks/oaipmh.py#L50
OAIArticleXML:Crosswalk,portality/crosswalks/oaipmh.py#L96,https://github.com/DOAJ/doaj/blob/feature/3424_archiving_project/portality/crosswalks/oaipmh.py#L96
OAIJournalXML:Crosswalk,portality/crosswalks/oaipmh.py#L228,https://github.com/DOAJ/doaj/blob/feature/3424_archiving_project/portality/crosswalks/oaipmh.py#L228
OAIDOAJArticleXML:Crosswalk,portality/crosswalks/oaipmh.py#L306,https://github.com/DOAJ/doaj/blob/feature/3424_archiving_project/portality/crosswalks/oaipmh.py#L306
UpdateRequestPublisherAssignedNotify:Consumer,portality/events/consumers/update_request_publisher_assigned_notify.py#L1,https://github.com/DOAJ/doaj/blob/feature/3424_archiving_project/portality/events/consumers/update_request_publisher_assigned_notify.py#L1
BGJobFinishedNotifiy:Consumer,portality/events/consumers/bg_job_finished_notify.py#L1,https://github.com/DOAJ/doaj/blob/feature/3424_archiving_project/portality/events/consumers/bg_job_finished_notify.py#L1
ApplicationPublisherAcceptedNotify:Consumer,portality/events/consumers/application_publisher_accepted_notify.py#L1,https://github.com/DOAJ/doaj/blob/feature/3424_archiving_project/portality/events/consumers/application_publisher_accepted_notify.py#L1
ApplicationPublisherInProgressNotify:Consumer,portality/events/consumers/application_publisher_inprogress_notify.py#L1,https://github.com/DOAJ/doaj/blob/feature/3424_archiving_project/portality/events/consumers/application_publisher_inprogress_notify.py#L1
ApplicationManedReadyNotify:Consumer,portality/events/consumers/application_maned_ready_notify.py#L1,https://github.com/DOAJ/doaj/blob/feature/3424_archiving_project/portality/events/consumers/application_maned_ready_notify.py#L1
ApplicationPublisherQuickRejectNotify:Consumer,portality/events/consumers/application_publisher_quickreject_notify.py#L1,https://github.com/DOAJ/doaj/blob/feature/3424_archiving_project/portality/events/consumers/application_publisher_quickreject_notify.py#L1
ApplicatioditorGroupAssignedNotify:Consumer,portality/events/consumers/application_editor_group_assigned_notify.py#L1,https://github.com/DOAJ/doaj/blob/feature/3424_archiving_project/portality/events/consumers/application_editor_group_assigned_notify.py#L1
JournalEditorGroupAssignedNotify:Consumer,portality/events/consumers/journal_editor_group_assigned_notify.py#L1,https://github.com/DOAJ/doaj/blob/feature/3424_archiving_project/portality/events/consumers/journal_editor_group_assigned_notify.py#L1
JournalAssedAssignedNotify:Consumer,portality/events/consumers/journal_assed_assigned_notify.py#L1,https://github.com/DOAJ/doaj/blob/feature/3424_archiving_project/portality/events/consumers/journal_assed_assigned_notify.py#L1
ApplicationPublisherCreatedNotify:Notifications,portality/events/consumers/application_publisher_created_notify.py#L1,https://github.com/DOAJ/doaj/blob/feature/3424_archiving_project/portality/events/consumers/application_publisher_created_notify.py#L1
ApplicationPublisherAssignedNotify:Consumer,portality/events/consumers/application_publisher_assigned_notify.py#L1,https://github.com/DOAJ/doaj/blob/feature/3424_archiving_project/portality/events/consumers/application_publisher_assigned_notify.py#L1
UpdateRequestPublisherAcceptedNotify:Consumer,portality/events/consumers/update_request_publisher_accepted_notify.py#L1,https://github.com/DOAJ/doaj/blob/feature/3424_archiving_project/portality/events/consumers/update_request_publisher_accepted_notify.py#L1
ApplicationEditorCompletedNotify:Consumer,portality/events/consumers/application_editor_completed_notify.py#L1,https://github.com/DOAJ/doaj/blob/feature/3424_archiving_project/portality/events/consumers/application_editor_completed_notify.py#L1
ApplicationAssedInProgressNotify:Consumer,portality/events/consumers/application_assed_inprogress_notify.py#L1,https://github.com/DOAJ/doaj/blob/feature/3424_archiving_project/portality/events/consumers/application_assed_inprogress_notify.py#L1
AccountCreatedEmail:Consumer,portality/events/consumers/account_created_email.py#L1,https://github.com/DOAJ/doaj/blob/feature/3424_archiving_project/portality/events/consumers/account_created_email.py#L1
ApplicationPublisherRevisionNotify:Consumer,portality/events/consumers/application_publisher_revision_notify.py#L1,https://github.com/DOAJ/doaj/blob/feature/3424_archiving_project/portality/events/consumers/application_publisher_revision_notify.py#L1
AccountPasswordResetEmail:Consumer,portality/events/consumers/account_passwordreset_email.py#L1,https://github.com/DOAJ/doaj/blob/feature/3424_archiving_project/portality/events/consumers/account_passwordreset_email.py#L1
UpdateRequestPublisherRejectedNotify:Consumer,portality/events/consumers/update_request_publisher_rejected_notify.py#L1,https://github.com/DOAJ/doaj/blob/feature/3424_archiving_project/portality/events/consumers/update_request_publisher_rejected_notify.py#L1
ApplicationAssedAssignedNotify:Consumer,portality/events/consumers/application_assed_assigned_notify.py#L1,https://github.com/DOAJ/doaj/blob/feature/3424_archiving_project/portality/events/consumers/application_assed_assigned_notify.py#L1
ApplicationEditorInProgressNotify:Consumer,portality/events/consumers/application_editor_inprogress_notify.py#L1,https://github.com/DOAJ/doaj/blob/feature/3424_archiving_project/portality/events/consumers/application_editor_inprogress_notify.py#L1
NewApplication:FormProcessor,portality/forms/application_processors.py#L203,https://github.com/DOAJ/doaj/blob/feature/3424_archiving_project/portality/forms/application_processors.py#L203
ManEdApplication:FormProcessor,portality/forms/application_processors.py#L274,https://github.com/DOAJ/doaj/blob/feature/3424_archiving_project/portality/forms/application_processors.py#L274
EditorApplication:FormProcessor,portality/forms/application_processors.py#L477,https://github.com/DOAJ/doaj/blob/feature/3424_archiving_project/portality/forms/application_processors.py#L477
AssEdApplication:FormProcessor,portality/forms/application_processors.py#L599,https://github.com/DOAJ/doaj/blob/feature/3424_archiving_project/portality/forms/application_processors.py#L599
PublisherUpdateRequest:FormProcessor,portality/forms/application_processors.py#L661,https://github.com/DOAJ/doaj/blob/feature/3424_archiving_project/portality/forms/application_processors.py#L661
PublisherUpdateRequestReadOnly:FormProcessor,portality/forms/application_processors.py#L770,https://github.com/DOAJ/doaj/blob/feature/3424_archiving_project/portality/forms/application_processors.py#L770
ManEdJournal:FormProcessor,portality/forms/application_processors.py#L786,https://github.com/DOAJ/doaj/blob/feature/3424_archiving_project/portality/forms/application_processors.py#L786
EditorJournal:FormProcessor,portality/forms/application_processors.py#L859,https://github.com/DOAJ/doaj/blob/feature/3424_archiving_project/portality/forms/application_processors.py#L859
AssEdJournal:FormProcessor,portality/forms/application_processors.py#L916,https://github.com/DOAJ/doaj/blob/feature/3424_archiving_project/portality/forms/application_processors.py#L916
ReadOnlyJournal:FormProcessor,portality/forms/application_processors.py#L947,https://github.com/DOAJ/doaj/blob/feature/3424_archiving_project/portality/forms/application_processors.py#L947
ManEdBulkJournal:FormProcessor,portality/forms/application_processors.py#L964,https://github.com/DOAJ/doaj/blob/feature/3424_archiving_project/portality/forms/application_processors.py#L964
ApplicationForm:Feature,portality/forms/application_forms.py#L2,https://github.com/DOAJ/doaj/blob/feature/3424_archiving_project/portality/forms/application_forms.py#L2
BOAI:FormField,portality/forms/application_forms.py#L75,https://github.com/DOAJ/doaj/blob/feature/3424_archiving_project/portality/forms/application_forms.py#L75
OAStatementURL:FormField,portality/forms/application_forms.py#L111,https://github.com/DOAJ/doaj/blob/feature/3424_archiving_project/portality/forms/application_forms.py#L111
Title:FormField,portality/forms/application_forms.py#L144,https://github.com/DOAJ/doaj/blob/feature/3424_archiving_project/portality/forms/application_forms.py#L144
AlternativeTitle:FormField,portality/forms/application_forms.py#L178,https://github.com/DOAJ/doaj/blob/feature/3424_archiving_project/portality/forms/application_forms.py#L178
JournalURL:FormField,portality/forms/application_forms.py#L201,https://github.com/DOAJ/doaj/blob/feature/3424_archiving_project/portality/forms/application_forms.py#L201
PISSN:FormField,portality/forms/application_forms.py#L228,https://github.com/DOAJ/doaj/blob/feature/3424_archiving_project/portality/forms/application_forms.py#L228
EISSN:FormField,portality/forms/application_forms.py#L298,https://github.com/DOAJ/doaj/blob/feature/3424_archiving_project/portality/forms/application_forms.py#L298
Keywords:FormField,portality/forms/application_forms.py#L373,https://github.com/DOAJ/doaj/blob/feature/3424_archiving_project/portality/forms/application_forms.py#L373
Language:FormField,portality/forms/application_forms.py#L406,https://github.com/DOAJ/doaj/blob/feature/3424_archiving_project/portality/forms/application_forms.py#L406
PublisherName:FormField,portality/forms/application_forms.py#L432,https://github.com/DOAJ/doaj/blob/feature/3424_archiving_project/portality/forms/application_forms.py#L432
PublisherCountry:FormField,portality/forms/application_forms.py#L455,https://github.com/DOAJ/doaj/blob/feature/3424_archiving_project/portality/forms/application_forms.py#L455
InstitutionName:FormField,portality/forms/application_forms.py#L486,https://github.com/DOAJ/doaj/blob/feature/3424_archiving_project/portality/forms/application_forms.py#L486
InstitutionCountry:FormField,portality/forms/application_forms.py#L506,https://github.com/DOAJ/doaj/blob/feature/3424_archiving_project/portality/forms/application_forms.py#L506
License:FormField,portality/forms/application_forms.py#L526,https://github.com/DOAJ/doaj/blob/feature/3424_archiving_project/portality/forms/application_forms.py#L526
LicenseAttributes:FormField,portality/forms/application_forms.py#L573,https://github.com/DOAJ/doaj/blob/feature/3424_archiving_project/portality/forms/application_forms.py#L573
LicenseTermsURL:FormField,portality/forms/application_forms.py#L593,https://github.com/DOAJ/doaj/blob/feature/3424_archiving_project/portality/forms/application_forms.py#L593
LicenseDisplay:FormField,portality/forms/application_forms.py#L614,https://github.com/DOAJ/doaj/blob/feature/3424_archiving_project/portality/forms/application_forms.py#L614
LicenseDisplayExampleUrl:FormField,portality/forms/application_forms.py#L635,https://github.com/DOAJ/doaj/blob/feature/3424_archiving_project/portality/forms/application_forms.py#L635
CopyrightAuthorRetails:FormField,portality/forms/application_forms.py#L662,https://github.com/DOAJ/doaj/blob/feature/3424_archiving_project/portality/forms/application_forms.py#L662
CopyrightURL:FormField,portality/forms/application_forms.py#L686,https://github.com/DOAJ/doaj/blob/feature/3424_archiving_project/portality/forms/application_forms.py#L686
ReviewProcess:FormField,portality/forms/application_forms.py#L719,https://github.com/DOAJ/doaj/blob/feature/3424_archiving_project/portality/forms/application_forms.py#L719
ReviewProcessOther:FormField,portality/forms/application_forms.py#L746,https://github.com/DOAJ/doaj/blob/feature/3424_archiving_project/portality/forms/application_forms.py#L746
ReviewURL:FormField,portality/forms/application_forms.py#L771,https://github.com/DOAJ/doaj/blob/feature/3424_archiving_project/portality/forms/application_forms.py#L771
OAStart:FormField,portality/forms/application_forms.py#L791,https://github.com/DOAJ/doaj/blob/feature/3424_archiving_project/portality/forms/application_forms.py#L791
PlagiarismDetection:FormField,portality/forms/application_forms.py#L813,https://github.com/DOAJ/doaj/blob/feature/3424_archiving_project/portality/forms/application_forms.py#L813
PlagiarismURL:FormField,portality/forms/application_forms.py#L833,https://github.com/DOAJ/doaj/blob/feature/3424_archiving_project/portality/forms/application_forms.py#L833
AimsScopeURL:FormField,portality/forms/application_forms.py#L862,https://github.com/DOAJ/doaj/blob/feature/3424_archiving_project/portality/forms/application_forms.py#L862
EditorialBoardURL:FormField,portality/forms/application_forms.py#L881,https://github.com/DOAJ/doaj/blob/feature/3424_archiving_project/portality/forms/application_forms.py#L881
AuthorInstructionsURL:FormField,portality/forms/application_forms.py#L900,https://github.com/DOAJ/doaj/blob/feature/3424_archiving_project/portality/forms/application_forms.py#L900
PublicationTimeWeeks:FormField,portality/forms/application_forms.py#L919,https://github.com/DOAJ/doaj/blob/feature/3424_archiving_project/portality/forms/application_forms.py#L919
APC:FormField,portality/forms/application_forms.py#L938,https://github.com/DOAJ/doaj/blob/feature/3424_archiving_project/portality/forms/application_forms.py#L938
APCCharges:FormField,portality/forms/application_forms.py#L959,https://github.com/DOAJ/doaj/blob/feature/3424_archiving_project/portality/forms/application_forms.py#L959
APCCurrency:FormField,portality/forms/application_forms.py#L988,https://github.com/DOAJ/doaj/blob/feature/3424_archiving_project/portality/forms/application_forms.py#L988
APCMax:FormField,portality/forms/application_forms.py#L1015,https://github.com/DOAJ/doaj/blob/feature/3424_archiving_project/portality/forms/application_forms.py#L1015
APCURL:FormField,portality/forms/application_forms.py#L1038,https://github.com/DOAJ/doaj/blob/feature/3424_archiving_project/portality/forms/application_forms.py#L1038
HasWaiver:FormField,portality/forms/application_forms.py#L1061,https://github.com/DOAJ/doaj/blob/feature/3424_archiving_project/portality/forms/application_forms.py#L1061
WaiverURL:FormField,portality/forms/application_forms.py#L1084,https://github.com/DOAJ/doaj/blob/feature/3424_archiving_project/portality/forms/application_forms.py#L1084
HasOtherCharges:FormField,portality/forms/application_forms.py#L1113,https://github.com/DOAJ/doaj/blob/feature/3424_archiving_project/portality/forms/application_forms.py#L1113
OtherChargesURL:FormField,portality/forms/application_forms.py#L1133,https://github.com/DOAJ/doaj/blob/feature/3424_archiving_project/portality/forms/application_forms.py#L1133
PreservationService:FormField,portality/forms/application_forms.py#L1161,https://github.com/DOAJ/doaj/blob/feature/3424_archiving_project/portality/forms/application_forms.py#L1161
PreservationServiceLibrary:FormField,portality/forms/application_forms.py#L1192,https://github.com/DOAJ/doaj/blob/feature/3424_archiving_project/portality/forms/application_forms.py#L1192
PreservationServiceOther:FormField,portality/forms/application_forms.py#L1225,https://github.com/DOAJ/doaj/blob/feature/3424_archiving_project/portality/forms/application_forms.py#L1225
PreservationServiceURL:FormField,portality/forms/application_forms.py#L1247,https://github.com/DOAJ/doaj/blob/feature/3424_archiving_project/portality/forms/application_forms.py#L1247
DepositPolicy:FormField,portality/forms/application_forms.py#L1294,https://github.com/DOAJ/doaj/blob/feature/3424_archiving_project/portality/forms/application_forms.py#L1294
DepositPolicyOther:FormField,portality/forms/application_forms.py#L1324,https://github.com/DOAJ/doaj/blob/feature/3424_archiving_project/portality/forms/application_forms.py#L1324
DepositPolicyURL:FormField,portality/forms/application_forms.py#L1346,https://github.com/DOAJ/doaj/blob/feature/3424_archiving_project/portality/forms/application_forms.py#L1346
PersistentIdentifiers:FormField,portality/forms/application_forms.py#L1406,https://github.com/DOAJ/doaj/blob/feature/3424_archiving_project/portality/forms/application_forms.py#L1406
PersistentIdentifiersOther:FormField,portality/forms/application_forms.py#L1431,https://github.com/DOAJ/doaj/blob/feature/3424_archiving_project/portality/forms/application_forms.py#L1431
Orcids:FormField,portality/forms/application_forms.py#L1453,https://github.com/DOAJ/doaj/blob/feature/3424_archiving_project/portality/forms/application_forms.py#L1453
OpenCitations:FormField,portality/forms/application_forms.py#L1481,https://github.com/DOAJ/doaj/blob/feature/3424_archiving_project/portality/forms/application_forms.py#L1481
DOAJSeal:FormField,portality/forms/application_forms.py#L1511,https://github.com/DOAJ/doaj/blob/feature/3424_archiving_project/portality/forms/application_forms.py#L1511
QuickReject:FormField,portality/forms/application_forms.py#L1541,https://github.com/DOAJ/doaj/blob/feature/3424_archiving_project/portality/forms/application_forms.py#L1541
QuickRejectDetails:FormField,portality/forms/application_forms.py#L1549,https://github.com/DOAJ/doaj/blob/feature/3424_archiving_project/portality/forms/application_forms.py#L1549
Owner:FormField,portality/forms/application_forms.py#L1563,https://github.com/DOAJ/doaj/blob/feature/3424_archiving_project/portality/forms/application_forms.py#L1563
ApplicationStatus:FormField,portality/forms/application_forms.py#L1587,https://github.com/DOAJ/doaj/blob/feature/3424_archiving_project/portality/forms/application_forms.py#L1587
EditorGroup:FormField,portality/forms/application_forms.py#L1625,https://github.com/DOAJ/doaj/blob/feature/3424_archiving_project/portality/forms/application_forms.py#L1625
Editor:FormField,portality/forms/application_forms.py#L1646,https://github.com/DOAJ/doaj/blob/feature/3424_archiving_project/portality/forms/application_forms.py#L1646
DiscontinuedDate:FormField,portality/forms/application_forms.py#L1661,https://github.com/DOAJ/doaj/blob/feature/3424_archiving_project/portality/forms/application_forms.py#L1661
Continues:FormField,portality/forms/application_forms.py#L1685,https://github.com/DOAJ/doaj/blob/feature/3424_archiving_project/portality/forms/application_forms.py#L1685
ContinuedBy:FormField,portality/forms/application_forms.py#L1708,https://github.com/DOAJ/doaj/blob/feature/3424_archiving_project/portality/forms/application_forms.py#L1708
Subject:FormField,portality/forms/application_forms.py#L1731,https://github.com/DOAJ/doaj/blob/feature/3424_archiving_project/portality/forms/application_forms.py#L1731
Notes:FormField,portality/forms/application_forms.py#L1768,https://github.com/DOAJ/doaj/blob/feature/3424_archiving_project/portality/forms/application_forms.py#L1768
Note:FormField,portality/forms/application_forms.py#L1799,https://github.com/DOAJ/doaj/blob/feature/3424_archiving_project/portality/forms/application_forms.py#L1799
NoteDate:FormField,portality/forms/application_forms.py#L1808,https://github.com/DOAJ/doaj/blob/feature/3424_archiving_project/portality/forms/application_forms.py#L1808
NoteID:FormField,portality/forms/application_forms.py#L1817,https://github.com/DOAJ/doaj/blob/feature/3424_archiving_project/portality/forms/application_forms.py#L1817
OptionalValidation:FormField,portality/forms/application_forms.py#L1825,https://github.com/DOAJ/doaj/blob/feature/3424_archiving_project/portality/forms/application_forms.py#L1825
BulkDOAJSeal:FormField,portality/forms/application_forms.py#L1836,https://github.com/DOAJ/doaj/blob/feature/3424_archiving_project/portality/forms/application_forms.py#L1836
BasicCompliance:FieldSet,portality/forms/application_forms.py#L1855,https://github.com/DOAJ/doaj/blob/feature/3424_archiving_project/portality/forms/application_forms.py#L1855
AboutJournal:FieldSet,portality/forms/application_forms.py#L1866,https://github.com/DOAJ/doaj/blob/feature/3424_archiving_project/portality/forms/application_forms.py#L1866
Publisher:FieldSet,portality/forms/application_forms.py#L1881,https://github.com/DOAJ/doaj/blob/feature/3424_archiving_project/portality/forms/application_forms.py#L1881
Institution:FieldSet,portality/forms/application_forms.py#L1891,https://github.com/DOAJ/doaj/blob/feature/3424_archiving_project/portality/forms/application_forms.py#L1891
Licensing:FieldSet,portality/forms/application_forms.py#L1901,https://github.com/DOAJ/doaj/blob/feature/3424_archiving_project/portality/forms/application_forms.py#L1901
EmbeddedLicense:FieldSet,portality/forms/application_forms.py#L1912,https://github.com/DOAJ/doaj/blob/feature/3424_archiving_project/portality/forms/application_forms.py#L1912
Copyright:FieldSet,portality/forms/application_forms.py#L1922,https://github.com/DOAJ/doaj/blob/feature/3424_archiving_project/portality/forms/application_forms.py#L1922
PeerReview:FieldSet,portality/forms/application_forms.py#L1932,https://github.com/DOAJ/doaj/blob/feature/3424_archiving_project/portality/forms/application_forms.py#L1932
Plagiarism:FieldSet,portality/forms/application_forms.py#L1943,https://github.com/DOAJ/doaj/blob/feature/3424_archiving_project/portality/forms/application_forms.py#L1943
Editorial:FieldSet,portality/forms/application_forms.py#L1953,https://github.com/DOAJ/doaj/blob/feature/3424_archiving_project/portality/forms/application_forms.py#L1953
APC:FieldSet,portality/forms/application_forms.py#L1965,https://github.com/DOAJ/doaj/blob/feature/3424_archiving_project/portality/forms/application_forms.py#L1965
Waivers:FieldSet,portality/forms/application_forms.py#L1978,https://github.com/DOAJ/doaj/blob/feature/3424_archiving_project/portality/forms/application_forms.py#L1978
OtherFees:FieldSet,portality/forms/application_forms.py#L1988,https://github.com/DOAJ/doaj/blob/feature/3424_archiving_project/portality/forms/application_forms.py#L1988
ArchivingPolicy:FieldSet,portality/forms/application_forms.py#L1998,https://github.com/DOAJ/doaj/blob/feature/3424_archiving_project/portality/forms/application_forms.py#L1998
RepositoryPolicy:FieldSet,portality/forms/application_forms.py#L2010,https://github.com/DOAJ/doaj/blob/feature/3424_archiving_project/portality/forms/application_forms.py#L2010
UniqueIdentifiers:FieldSet,portality/forms/application_forms.py#L2021,https://github.com/DOAJ/doaj/blob/feature/3424_archiving_project/portality/forms/application_forms.py#L2021
Seal:FieldSet,portality/forms/application_forms.py#L2033,https://github.com/DOAJ/doaj/blob/feature/3424_archiving_project/portality/forms/application_forms.py#L2033
QuickReject:FieldSet,portality/forms/application_forms.py#L2042,https://github.com/DOAJ/doaj/blob/feature/3424_archiving_project/portality/forms/application_forms.py#L2042
Reassign:FieldSet,portality/forms/application_forms.py#L2053,https://github.com/DOAJ/doaj/blob/feature/3424_archiving_project/portality/forms/application_forms.py#L2053
Status:FieldSet,portality/forms/application_forms.py#L2062,https://github.com/DOAJ/doaj/blob/feature/3424_archiving_project/portality/forms/application_forms.py#L2062
Reviewers:FieldSet,portality/forms/application_forms.py#L2071,https://github.com/DOAJ/doaj/blob/feature/3424_archiving_project/portality/forms/application_forms.py#L2071
Continuations:FieldSet,portality/forms/application_forms.py#L2081,https://github.com/DOAJ/doaj/blob/feature/3424_archiving_project/portality/forms/application_forms.py#L2081
Subject:FieldSet,portality/forms/application_forms.py#L2093,https://github.com/DOAJ/doaj/blob/feature/3424_archiving_project/portality/forms/application_forms.py#L2093
Notes:FieldSet,portality/forms/application_forms.py#L2102,https://github.com/DOAJ/doaj/blob/feature/3424_archiving_project/portality/forms/application_forms.py#L2102
OptionalValidation:FieldSet,portality/forms/application_forms.py#L2114,https://github.com/DOAJ/doaj/blob/feature/3424_archiving_project/portality/forms/application_forms.py#L2114
BulkEdit:FieldSet,portality/forms/application_forms.py#L2123,https://github.com/DOAJ/doaj/blob/feature/3424_archiving_project/portality/forms/application_forms.py#L2123
NewApplication:FormContext,portality/forms/application_forms.py#L2142,https://github.com/DOAJ/doaj/blob/feature/3424_archiving_project/portality/forms/application_forms.py#L2142
UpdateRequest:FormContext,portality/forms/application_forms.py#L2177,https://github.com/DOAJ/doaj/blob/feature/3424_archiving_project/portality/forms/application_forms.py#L2177
ReadOnlyApplication:FormContext,portality/forms/application_forms.py#L2185,https://github.com/DOAJ/doaj/blob/feature/3424_archiving_project/portality/forms/application_forms.py#L2185
AssociateEditorApplication:FormContext,portality/forms/application_forms.py#L2192,https://github.com/DOAJ/doaj/blob/feature/3424_archiving_project/portality/forms/application_forms.py#L2192
EditorApplication:FormContext,portality/forms/application_forms.py#L2205,https://github.com/DOAJ/doaj/blob/feature/3424_archiving_project/portality/forms/application_forms.py#L2205
ManEdApplication:FormContext,portality/forms/application_forms.py#L2219,https://github.com/DOAJ/doaj/blob/feature/3424_archiving_project/portality/forms/application_forms.py#L2219
ReadOnlyJournal:FormContext,portality/forms/application_forms.py#L2239,https://github.com/DOAJ/doaj/blob/feature/3424_archiving_project/portality/forms/application_forms.py#L2239
AssEditorJournal:FormContext,portality/forms/application_forms.py#L2274,https://github.com/DOAJ/doaj/blob/feature/3424_archiving_project/portality/forms/application_forms.py#L2274
EditorJournal:FormContext,portality/forms/application_forms.py#L2286,https://github.com/DOAJ/doaj/blob/feature/3424_archiving_project/portality/forms/application_forms.py#L2286
ManEdJournal:FormContext,portality/forms/application_forms.py#L2297,https://github.com/DOAJ/doaj/blob/feature/3424_archiving_project/portality/forms/application_forms.py#L2297
BulkEditJournal:FormContext,portality/forms/application_forms.py#L2311,https://github.com/DOAJ/doaj/blob/feature/3424_archiving_project/portality/forms/application_forms.py#L2311
ApplicationStatus:Workflow,portality/forms/application_forms.py#L2401,https://github.com/DOAJ/doaj/blob/feature/3424_archiving_project/portality/forms/application_forms.py#L2401
ReservedUsernames:FormValidator,portality/forms/application_forms.py#L2508; portality/forms/validate.py#L235,https://github.com/DOAJ/doaj/blob/feature/3424_archiving_project/portality/forms/application_forms.py#L2508; https://github.com/DOAJ/doaj/blob/feature/3424_archiving_project/portality/forms/validate.py#L235
OwnerExists:FormValidator,portality/forms/application_forms.py#L2521; portality/forms/validate.py#L260,https://github.com/DOAJ/doaj/blob/feature/3424_archiving_project/portality/forms/application_forms.py#L2521; https://github.com/DOAJ/doaj/blob/feature/3424_archiving_project/portality/forms/validate.py#L260
Required:FormValidator,portality/forms/application_forms.py#L2534,https://github.com/DOAJ/doaj/blob/feature/3424_archiving_project/portality/forms/application_forms.py#L2534
IsURL:FormValidator,portality/forms/application_forms.py#L2551,https://github.com/DOAJ/doaj/blob/feature/3424_archiving_project/portality/forms/application_forms.py#L2551
IntRange:FormValidator,portality/forms/application_forms.py#L2568,https://github.com/DOAJ/doaj/blob/feature/3424_archiving_project/portality/forms/application_forms.py#L2568
MaxLen:FormValidator,portality/forms/application_forms.py#L2601; portality/forms/validate.py#L150,https://github.com/DOAJ/doaj/blob/feature/3424_archiving_project/portality/forms/application_forms.py#L2601; https://github.com/DOAJ/doaj/blob/feature/3424_archiving_project/portality/forms/validate.py#L150
StopWords:FormValidator,portality/forms/application_forms.py#L2612; portality/forms/validate.py#L318,https://github.com/DOAJ/doaj/blob/feature/3424_archiving_project/portality/forms/application_forms.py#L2612; https://github.com/DOAJ/doaj/blob/feature/3424_archiving_project/portality/forms/validate.py#L318
ISSNInPublicDOAJ:FormValidator,portality/forms/application_forms.py#L2622; portality/forms/validate.py#L286,https://github.com/DOAJ/doaj/blob/feature/3424_archiving_project/portality/forms/application_forms.py#L2622; https://github.com/DOAJ/doaj/blob/feature/3424_archiving_project/portality/forms/validate.py#L286
JournalURLInPublicDOAJ:FormValidator,portality/forms/application_forms.py#L2635; portality/forms/validate.py#L302,https://github.com/DOAJ/doaj/blob/feature/3424_archiving_project/portality/forms/application_forms.py#L2635; https://github.com/DOAJ/doaj/blob/feature/3424_archiving_project/portality/forms/validate.py#L302
OptionalIf:FormValidator,portality/forms/application_forms.py#L2662; portality/forms/validate.py#L66,https://github.com/DOAJ/doaj/blob/feature/3424_archiving_project/portality/forms/application_forms.py#L2662; https://github.com/DOAJ/doaj/blob/feature/3424_archiving_project/portality/forms/validate.py#L66
IsISSN:FormValidator,portality/forms/application_forms.py#L2675,https://github.com/DOAJ/doaj/blob/feature/3424_archiving_project/portality/forms/application_forms.py#L2675
IsISSNList:FormValidator,portality/forms/application_forms.py#L2688,https://github.com/DOAJ/doaj/blob/feature/3424_archiving_project/portality/forms/application_forms.py#L2688
DifferentTo:FormValidator,portality/forms/application_forms.py#L2699; portality/forms/validate.py#L334,https://github.com/DOAJ/doaj/blob/feature/3424_archiving_project/portality/forms/application_forms.py#L2699; https://github.com/DOAJ/doaj/blob/feature/3424_archiving_project/portality/forms/validate.py#L334
RequiredIf:FormValidator,portality/forms/application_forms.py#L2710,https://github.com/DOAJ/doaj/blob/feature/3424_archiving_project/portality/forms/application_forms.py#L2710
OnlyIf:FormValidator,portality/forms/application_forms.py#L2731; portality/forms/validate.py#L404,https://github.com/DOAJ/doaj/blob/feature/3424_archiving_project/portality/forms/application_forms.py#L2731; https://github.com/DOAJ/doaj/blob/feature/3424_archiving_project/portality/forms/validate.py#L404
NotIf:FormValidator,portality/forms/application_forms.py#L2750; portality/forms/validate.py#L452,https://github.com/DOAJ/doaj/blob/feature/3424_archiving_project/portality/forms/application_forms.py#L2750; https://github.com/DOAJ/doaj/blob/feature/3424_archiving_project/portality/forms/validate.py#L452
GroupMember:FormValidator,portality/forms/application_forms.py#L2763; portality/forms/validate.py#L490,https://github.com/DOAJ/doaj/blob/feature/3424_archiving_project/portality/forms/application_forms.py#L2763; https://github.com/DOAJ/doaj/blob/feature/3424_archiving_project/portality/forms/validate.py#L490
RequiredValue:FormValidator,portality/forms/application_forms.py#L2775; portality/forms/validate.py#L518,https://github.com/DOAJ/doaj/blob/feature/3424_archiving_project/portality/forms/application_forms.py#L2775; https://github.com/DOAJ/doaj/blob/feature/3424_archiving_project/portality/forms/validate.py#L518
BigEndDate:FormValidator,portality/forms/application_forms.py#L2786; portality/forms/validate.py#L533,https://github.com/DOAJ/doaj/blob/feature/3424_archiving_project/portality/forms/application_forms.py#L2786; https://github.com/DOAJ/doaj/blob/feature/3424_archiving_project/portality/forms/validate.py#L533
FormContext:FormContext,portality/forms/article_forms.py#L25,https://github.com/DOAJ/doaj/blob/feature/3424_archiving_project/portality/forms/article_forms.py#L25
FormContextRenderer:FormContext,portality/forms/article_forms.py#L228,https://github.com/DOAJ/doaj/blob/feature/3424_archiving_project/portality/forms/article_forms.py#L228
FormHelper:FormContext,portality/forms/article_forms.py#L324,https://github.com/DOAJ/doaj/blob/feature/3424_archiving_project/portality/forms/article_forms.py#L324
Article:Form,portality/forms/article_forms.py#L512,https://github.com/DOAJ/doaj/blob/feature/3424_archiving_project/portality/forms/article_forms.py#L512
Author:Form,portality/forms/article_forms.py#L542,https://github.com/DOAJ/doaj/blob/feature/3424_archiving_project/portality/forms/article_forms.py#L542
ArticleForm:Factory,portality/forms/article_forms.py#L583,https://github.com/DOAJ/doaj/blob/feature/3424_archiving_project/portality/forms/article_forms.py#L583
ArticleMetadata:FormContext,portality/forms/article_forms.py#L596,https://github.com/DOAJ/doaj/blob/feature/3424_archiving_project/portality/forms/article_forms.py#L596
PublisherArticleMetadata:FormContext,portality/forms/article_forms.py#L695,https://github.com/DOAJ/doaj/blob/feature/3424_archiving_project/portality/forms/article_forms.py#L695
AdminArticleMetadata:FormContext,portality/forms/article_forms.py#L712,https://github.com/DOAJ/doaj/blob/feature/3424_archiving_project/portality/forms/article_forms.py#L712
DataOptional:FormValidator,portality/forms/validate.py#L43,https://github.com/DOAJ/doaj/blob/feature/3424_archiving_project/portality/forms/validate.py#L43
HTTPURL:FormValidator,portality/forms/validate.py#L122,https://github.com/DOAJ/doaj/blob/feature/3424_archiving_project/portality/forms/validate.py#L122
RequiredIfRole:FormValidator,portality/forms/validate.py#L166,https://github.com/DOAJ/doaj/blob/feature/3424_archiving_project/portality/forms/validate.py#L166
RegexpOnTagList:FormValidator,portality/forms/validate.py#L182,https://github.com/DOAJ/doaj/blob/feature/3424_archiving_project/portality/forms/validate.py#L182
ThisOrThat:FormValidator,portality/forms/validate.py#L214,https://github.com/DOAJ/doaj/blob/feature/3424_archiving_project/portality/forms/validate.py#L214
RequiredIfOtherValue:FormValidator,portality/forms/validate.py#L356,https://github.com/DOAJ/doaj/blob/feature/3424_archiving_project/portality/forms/validate.py#L356
NoScriptTag:FormValidator,portality/forms/validate.py#L474,https://github.com/DOAJ/doaj/blob/feature/3424_archiving_project/portality/forms/validate.py#L474
CustomRequired:FormValidator,portality/forms/validate.py#L560,https://github.com/DOAJ/doaj/blob/feature/3424_archiving_project/portality/forms/validate.py#L560
EmailAvailable:FormValidator,portality/forms/validate.py#L580,https://github.com/DOAJ/doaj/blob/feature/3424_archiving_project/portality/forms/validate.py#L580
IdAvailable:FormValidator,portality/forms/validate.py#L596,https://github.com/DOAJ/doaj/blob/feature/3424_archiving_project/portality/forms/validate.py#L596
IgnoreUnchanged:FormValidator,portality/forms/validate.py#L617,https://github.com/DOAJ/doaj/blob/feature/3424_archiving_project/portality/forms/validate.py#L617
AuthNZ:Exception,portality/bll/exceptions.py#L6,https://github.com/DOAJ/doaj/blob/feature/3424_archiving_project/portality/bll/exceptions.py#L6
ArticleIngest:Exception,portality/bll/exceptions.py#L100,https://github.com/DOAJ/doaj/blob/feature/3424_archiving_project/portality/bll/exceptions.py#L100
DOAJ:Service,portality/bll/doaj.py#L1,https://github.com/DOAJ/doaj/blob/feature/3424_archiving_project/portality/bll/doaj.py#L1
Query:Service,portality/bll/services/query.py#L12,https://github.com/DOAJ/doaj/blob/feature/3424_archiving_project/portality/bll/services/query.py#L12
Query:Query,portality/bll/services/query.py#L158,https://github.com/DOAJ/doaj/blob/feature/3424_archiving_project/portality/bll/services/query.py#L158
Todo:Service,portality/bll/services/todo.py#L8,https://github.com/DOAJ/doaj/blob/feature/3424_archiving_project/portality/bll/services/todo.py#L8
Todo:Query,portality/bll/services/todo.py#L204,https://github.com/DOAJ/doaj/blob/feature/3424_archiving_project/portality/bll/services/todo.py#L204
GroupStats:Query,portality/bll/services/todo.py#L279,https://github.com/DOAJ/doaj/blob/feature/3424_archiving_project/portality/bll/services/todo.py#L279
AuthNZ:Service,portality/bll/services/authorisation.py#L8,https://github.com/DOAJ/doaj/blob/feature/3424_archiving_project/portality/bll/services/authorisation.py#L8
Journal:Service,portality/bll/services/journal.py#L21,https://github.com/DOAJ/doaj/blob/feature/3424_archiving_project/portality/bll/services/journal.py#L21
AdminJournalCSV:Feature,portality/bll/services/journal.py#L168,https://github.com/DOAJ/doaj/blob/feature/3424_archiving_project/portality/bll/services/journal.py#L168
JournalCSV:Feature,portality/bll/services/journal.py#L244; portality/bll/services/journal.py#L254,https://github.com/DOAJ/doaj/blob/feature/3424_archiving_project/portality/bll/services/journal.py#L244; https://github.com/DOAJ/doaj/blob/feature/3424_archiving_project/portality/bll/services/journal.py#L254
Article:Service,portality/bll/services/article.py#L12,https://github.com/DOAJ/doaj/blob/feature/3424_archiving_project/portality/bll/services/article.py#L12
ArticleBatchCreate:Feature,portality/bll/services/article.py#L61,https://github.com/DOAJ/doaj/blob/feature/3424_archiving_project/portality/bll/services/article.py#L61
ArticleCreate:Feature,portality/bll/services/article.py#L221,https://github.com/DOAJ/doaj/blob/feature/3424_archiving_project/portality/bll/services/article.py#L221
Sitemap:Feature,portality/bll/services/site.py#L43,https://github.com/DOAJ/doaj/blob/feature/3424_archiving_project/portality/bll/services/site.py#L43
Notifications:Service,portality/bll/services/notifications.py#L1,https://github.com/DOAJ/doaj/blob/feature/3424_archiving_project/portality/bll/services/notifications.py#L1
TopNotifications:Query,portality/bll/services/notifications.py#L76,https://github.com/DOAJ/doaj/blob/feature/3424_archiving_project/portality/bll/services/notifications.py#L76
Notifications:Query,portality/bll/services/notifications.py#L97,https://github.com/DOAJ/doaj/blob/feature/3424_archiving_project/portality/bll/services/notifications.py#L97
Application:Service,portality/bll/services/application.py#L15,https://github.com/DOAJ/doaj/blob/feature/3424_archiving_project/portality/bll/services/application.py#L15
Crossref442XML:Fixture,doajtest/fixtures/article_crossref.py#L11,https://github.com/DOAJ/doaj/blob/feature/3424_archiving_project/doajtest/fixtures/article_crossref.py#L11
Crossref531XML:Fixture,doajtest/fixtures/article_crossref.py#L138,https://github.com/DOAJ/doaj/blob/feature/3424_archiving_project/doajtest/fixtures/article_crossref.py#L138
Notifications:FunctionalTest,doajtest/functional/make_notifications.py#L1,https://github.com/DOAJ/doaj/blob/feature/3424_archiving_project/doajtest/functional/make_notifications.py#L1
AssociateApplicationsSearch:FunctionalTest,doajtest/testbook/associate_search/applications.yml#L1,https://github.com/DOAJ/doaj/blob/feature/3424_archiving_project/doajtest/testbook/associate_search/applications.yml#L1
AssociateJournalsSearch:FunctionalTest,doajtest/testbook/associate_search/journals.yml#L1,https://github.com/DOAJ/doaj/blob/feature/3424_archiving_project/doajtest/testbook/associate_search/journals.yml#L1
EditorJournalForm:FunctionalTest,doajtest/testbook/journal_form/editor_form.yml#L1,https://github.com/DOAJ/doaj/blob/feature/3424_archiving_project/doajtest/testbook/journal_form/editor_form.yml#L1
ManEdJournalForm:FunctionalTest,doajtest/testbook/journal_form/maned_form.yml#L1,https://github.com/DOAJ/doaj/blob/feature/3424_archiving_project/doajtest/testbook/journal_form/maned_form.yml#L1
AssociateJournalForm:FunctionalTest,doajtest/testbook/journal_form/associate_form.yml#L1,https://github.com/DOAJ/doaj/blob/feature/3424_archiving_project/doajtest/testbook/journal_form/associate_form.yml#L1
AdminJournalsArticlesSearch:FunctionalTest,doajtest/testbook/administrative_search/journals_and_articles_(admin).yml#L1,https://github.com/DOAJ/doaj/blob/feature/3424_archiving_project/doajtest/testbook/administrative_search/journals_and_articles_(admin).yml#L1
AdminApplicationsUpdateRequestsSearch:FunctionalTest,doajtest/testbook/administrative_search/applications_update_requests.yml#L1,https://github.com/DOAJ/doaj/blob/feature/3424_archiving_project/doajtest/testbook/administrative_search/applications_update_requests.yml#L1
EditorGroupsSearch:FunctionalTest,doajtest/testbook/administrative_search/editor_groups.yml#L1,https://github.com/DOAJ/doaj/blob/feature/3424_archiving_project/doajtest/testbook/administrative_search/editor_groups.yml#L1
BackgroundJobsSearch:FunctionalTest,doajtest/testbook/administrative_search/background_jobs.yml#L1,https://github.com/DOAJ/doaj/blob/feature/3424_archiving_project/doajtest/testbook/administrative_search/background_jobs.yml#L1
AdminJournalsSearch:FunctionalTest,doajtest/testbook/administrative_search/journals.yml#L1,https://github.com/DOAJ/doaj/blob/feature/3424_archiving_project/doajtest/testbook/administrative_search/journals.yml#L1
AdminUserSearch:FunctionalTest,doajtest/testbook/administrative_search/users.yml#L1,https://github.com/DOAJ/doaj/blob/feature/3424_archiving_project/doajtest/testbook/administrative_search/users.yml#L1
EditorApplicationsSearch:FunctionalTest,doajtest/testbook/editor_search/applications.yml#L1,https://github.com/DOAJ/doaj/blob/feature/3424_archiving_project/doajtest/testbook/editor_search/applications.yml#L1
EditorJournalsSearch:FunctionalTest,doajtest/testbook/editor_search/journals.yml#L1,https://github.com/DOAJ/doaj/blob/feature/3424_archiving_project/doajtest/testbook/editor_search/journals.yml#L1
JournalsArticlesBulkEdit:FunctionalTest,doajtest/testbook/bulk_edit/journals_articles.yml#L1,https://github.com/DOAJ/doaj/blob/feature/3424_archiving_project/doajtest/testbook/bulk_edit/journals_articles.yml#L1
ApplicationsBulkEdit:FunctionalTest,doajtest/testbook/bulk_edit/applications.yml#L1,https://github.com/DOAJ/doaj/blob/feature/3424_archiving_project/doajtest/testbook/bulk_edit/applications.yml#L1
Dashboard:FunctionalTest,doajtest/testbook/dashboard/editorial_group_status.yml#L1,https://github.com/DOAJ/doaj/blob/feature/3424_archiving_project/doajtest/testbook/dashboard/editorial_group_status.yml#L1
AdminArticleMetadata:FunctionalTest,doajtest/testbook/admin_article_metadata_form/admin_article_metadata_form.yml#L1,https://github.com/DOAJ/doaj/blob/feature/3424_archiving_project/doajtest/testbook/admin_article_metadata_form/admin_article_metadata_form.yml#L1
ArticleMetadataUploadForm:FunctionalTest,doajtest/testbook/article_metadata_upload_form/article_metadata_upload_form.yml#L1,https://github.com/DOAJ/doaj/blob/feature/3424_archiving_project/doajtest/testbook/article_metadata_upload_form/article_metadata_upload_form.yml#L1
ApplicationStateChange:FunctionalTest,doajtest/testbook/application_state_change/application_state_change.yml#L1,https://github.com/DOAJ/doaj/blob/feature/3424_archiving_project/doajtest/testbook/application_state_change/application_state_change.yml#L1
UpdateRequestRejection:FunctionalTest,doajtest/testbook/application_state_change/update_request_rejection.yml#L1,https://github.com/DOAJ/doaj/blob/feature/3424_archiving_project/doajtest/testbook/application_state_change/update_request_rejection.yml#L1
CrossrefUplaod:FunctionalTest,doajtest/testbook/article_xml_upload/crossref-4.4.2.yml#L1,https://github.com/DOAJ/doaj/blob/feature/3424_archiving_project/doajtest/testbook/article_xml_upload/crossref-4.4.2.yml#L1
DOAJArticleXMLUpload:FunctionalTest,doajtest/testbook/article_xml_upload/article_doaj_xml_upload.yml#L1,https://github.com/DOAJ/doaj/blob/feature/3424_archiving_project/doajtest/testbook/article_xml_upload/article_doaj_xml_upload.yml#L1
CrossrefUpload:FunctionalTest,doajtest/testbook/article_xml_upload/crossref-5.3.1.yml#L1,https://github.com/DOAJ/doaj/blob/feature/3424_archiving_project/doajtest/testbook/article_xml_upload/crossref-5.3.1.yml#L1
ArticlesPreservation:FunctionalTest,doajtest/testbook/articles_preservation/upload_preservation_files.yml#L1,https://github.com/DOAJ/doaj/blob/feature/3424_archiving_project/doajtest/testbook/articles_preservation/upload_preservation_files.yml#L1
Continuations:FunctionalTest,doajtest/testbook/continuations/continuations.yml#L1,https://github.com/DOAJ/doaj/blob/feature/3424_archiving_project/doajtest/testbook/continuations/continuations.yml#L1
EditorApplicationForm:FunctionalTest,doajtest/testbook/new_application_form/editor_form.yml#L1,https://github.com/DOAJ/doaj/blob/feature/3424_archiving_project/doajtest/testbook/new_application_form/editor_form.yml#L1
PublisherApplicationForm:FunctionalTest,doajtest/testbook/new_application_form/publishers_form.yml#L1,https://github.com/DOAJ/doaj/blob/feature/3424_archiving_project/doajtest/testbook/new_application_form/publishers_form.yml#L1
ManEdApplicationForm:FunctionalTest,doajtest/testbook/new_application_form/maned_form.yml#L1,https://github.com/DOAJ/doaj/blob/feature/3424_archiving_project/doajtest/testbook/new_application_form/maned_form.yml#L1
AssociateApplicationForm:FunctionalTest,doajtest/testbook/new_application_form/associate_editor_form.yml#L1,https://github.com/DOAJ/doaj/blob/feature/3424_archiving_project/doajtest/testbook/new_application_form/associate_editor_form.yml#L1
