LCCXML:Data,lccSubjects.xml#L1,https://github.com/DOAJ/doaj/blob/feature/3529_issn_links/lccSubjects.xml#L1
DOAJ:Documentation,README.md#L2,https://github.com/DOAJ/doaj/blob/feature/3529_issn_links/README.md#L2
CMS:DataStore,cms/README.md#L3,https://github.com/DOAJ/doaj/blob/feature/3529_issn_links/cms/README.md#L3
CMS:Documentation,cms/README.md#L4; cms/test-page.html#L2,https://github.com/DOAJ/doaj/blob/feature/3529_issn_links/cms/README.md#L4; https://github.com/DOAJ/doaj/blob/feature/3529_issn_links/cms/test-page.html#L2
Sponsors:Data,cms/data/sponsors.yml#L2,https://github.com/DOAJ/doaj/blob/feature/3529_issn_links/cms/data/sponsors.yml#L2
Supporters:Data,cms/data/supporters.yml#L2,https://github.com/DOAJ/doaj/blob/feature/3529_issn_links/cms/data/supporters.yml#L2
Volunteers:Data,cms/data/volunteers.yml#L3,https://github.com/DOAJ/doaj/blob/feature/3529_issn_links/cms/data/volunteers.yml#L3
Notifications:Data,cms/data/notifications.yml#L1,https://github.com/DOAJ/doaj/blob/feature/3529_issn_links/cms/data/notifications.yml#L1
PublisherSupporters:Data,cms/data/publisher-supporters.yml#L1,https://github.com/DOAJ/doaj/blob/feature/3529_issn_links/cms/data/publisher-supporters.yml#L1
Promo:Data,cms/data/promo.yml#L9,https://github.com/DOAJ/doaj/blob/feature/3529_issn_links/cms/data/promo.yml#L9
Navigation:Data,cms/data/nav.yml#L1,https://github.com/DOAJ/doaj/blob/feature/3529_issn_links/cms/data/nav.yml#L1
Team:Data,cms/data/team.yml#L2,https://github.com/DOAJ/doaj/blob/feature/3529_issn_links/cms/data/team.yml#L2
AdvisoryBoardCouncil:Data,cms/data/advisory-board-council.yml#L2,https://github.com/DOAJ/doaj/blob/feature/3529_issn_links/cms/data/advisory-board-council.yml#L2
Ambassadors:Data,cms/data/ambassadors.yml#L2,https://github.com/DOAJ/doaj/blob/feature/3529_issn_links/cms/data/ambassadors.yml#L2
Preservation:Fragment,cms/pages/preservation/index.md#L7,https://github.com/DOAJ/doaj/blob/feature/3529_issn_links/cms/pages/preservation/index.md#L7
Ambassadors:Fragment,cms/pages/about/ambassadors.md#L8,https://github.com/DOAJ/doaj/blob/feature/3529_issn_links/cms/pages/about/ambassadors.md#L8
AdvisoryBoardCouncil:Fragment,cms/pages/about/advisory-board-council.md#L7,https://github.com/DOAJ/doaj/blob/feature/3529_issn_links/cms/pages/about/advisory-board-council.md#L7
At20:Fragment,cms/pages/about/at-20.md#L7,https://github.com/DOAJ/doaj/blob/feature/3529_issn_links/cms/pages/about/at-20.md#L7
About:Fragment,cms/pages/about/index.md#L7,https://github.com/DOAJ/doaj/blob/feature/3529_issn_links/cms/pages/about/index.md#L7
Volunteers:Fragment,cms/pages/about/volunteers.md#L8,https://github.com/DOAJ/doaj/blob/feature/3529_issn_links/cms/pages/about/volunteers.md#L8
Team:Fragment,cms/pages/about/team.md#L7,https://github.com/DOAJ/doaj/blob/feature/3529_issn_links/cms/pages/about/team.md#L7
Accessibility:Fragment,cms/pages/legal/accessibility.md#L6,https://github.com/DOAJ/doaj/blob/feature/3529_issn_links/cms/pages/legal/accessibility.md#L6
ContactUs:Fragment,cms/pages/legal/contact.md#L6,https://github.com/DOAJ/doaj/blob/feature/3529_issn_links/cms/pages/legal/contact.md#L6
Privacy:Fragment,cms/pages/legal/privacy.md#L7,https://github.com/DOAJ/doaj/blob/feature/3529_issn_links/cms/pages/legal/privacy.md#L7
Terms:Fragment,cms/pages/legal/terms.md#L7,https://github.com/DOAJ/doaj/blob/feature/3529_issn_links/cms/pages/legal/terms.md#L7
Media:Fragment,cms/pages/legal/media.md#L6,https://github.com/DOAJ/doaj/blob/feature/3529_issn_links/cms/pages/legal/media.md#L6
XML:Fragment,cms/pages/docs/xml.md#L7,https://github.com/DOAJ/doaj/blob/feature/3529_issn_links/cms/pages/docs/xml.md#L7
FAQ:Fragment,cms/pages/docs/faq.md#L7,https://github.com/DOAJ/doaj/blob/feature/3529_issn_links/cms/pages/docs/faq.md#L7
OAIPMH:Fragment,cms/pages/docs/oai-pmh.md#L8,https://github.com/DOAJ/doaj/blob/feature/3529_issn_links/cms/pages/docs/oai-pmh.md#L8
OpenURL:Fragment,cms/pages/docs/openurl.md#L7,https://github.com/DOAJ/doaj/blob/feature/3529_issn_links/cms/pages/docs/openurl.md#L7
Widgets:Fragment,cms/pages/docs/widgets.md#L8,https://github.com/DOAJ/doaj/blob/feature/3529_issn_links/cms/pages/docs/widgets.md#L8
PublicDataDump:Fragment,cms/pages/docs/public-data-dump.md#L8,https://github.com/DOAJ/doaj/blob/feature/3529_issn_links/cms/pages/docs/public-data-dump.md#L8
CopyrightAndLicensing:Fragment,cms/pages/apply/copyright-and-licensing.md#L7,https://github.com/DOAJ/doaj/blob/feature/3529_issn_links/cms/pages/apply/copyright-and-licensing.md#L7
DraftSaved:Fragment,cms/pages/apply/draft_saved.md#L5,https://github.com/DOAJ/doaj/blob/feature/3529_issn_links/cms/pages/apply/draft_saved.md#L5
Transparency:Fragment,cms/pages/apply/transparency.md#L7,https://github.com/DOAJ/doaj/blob/feature/3529_issn_links/cms/pages/apply/transparency.md#L7
ApplicationThanks:Fragment,cms/pages/apply/thank-you.md#L6,https://github.com/DOAJ/doaj/blob/feature/3529_issn_links/cms/pages/apply/thank-you.md#L6
Seal:Fragment,cms/pages/apply/seal.md#L7,https://github.com/DOAJ/doaj/blob/feature/3529_issn_links/cms/pages/apply/seal.md#L7
PublisherResponsibilities:Fragment,cms/pages/apply/publisher-responsibilities.md#L7,https://github.com/DOAJ/doaj/blob/feature/3529_issn_links/cms/pages/apply/publisher-responsibilities.md#L7
GuideToApplying:Fragment,cms/pages/apply/guide.md#L7,https://github.com/DOAJ/doaj/blob/feature/3529_issn_links/cms/pages/apply/guide.md#L7
WhyIndex:Fragment,cms/pages/apply/why-index.md#L7,https://github.com/DOAJ/doaj/blob/feature/3529_issn_links/cms/pages/apply/why-index.md#L7
PublisherSupporters:Fragment,cms/pages/support/publisher-supporters.md#L9,https://github.com/DOAJ/doaj/blob/feature/3529_issn_links/cms/pages/support/publisher-supporters.md#L9
Support:Fragment,cms/pages/support/index.md#L9,https://github.com/DOAJ/doaj/blob/feature/3529_issn_links/cms/pages/support/index.md#L9
SupportThanks:Fragment,cms/pages/support/thank-you.md#L5,https://github.com/DOAJ/doaj/blob/feature/3529_issn_links/cms/pages/support/thank-you.md#L5
Supporters:Fragment,cms/pages/support/supporters.md#L6,https://github.com/DOAJ/doaj/blob/feature/3529_issn_links/cms/pages/support/supporters.md#L6
BackupsMissing:Monitoring,deploy/lambda/alert_backups_missing.py#L4,https://github.com/DOAJ/doaj/blob/feature/3529_issn_links/deploy/lambda/alert_backups_missing.py#L4
Main:Queue,deploy/dev/huey_main_queue.sh#L3,https://github.com/DOAJ/doaj/blob/feature/3529_issn_links/deploy/dev/huey_main_queue.sh#L3
LongRunning:Queue,deploy/dev/huey_long_running.sh#L3,https://github.com/DOAJ/doaj/blob/feature/3529_issn_links/deploy/dev/huey_long_running.sh#L3
Kibana:Documentation,deploy/kibana_machine/README.md#L3,https://github.com/DOAJ/doaj/blob/feature/3529_issn_links/deploy/kibana_machine/README.md#L3
DOI:Regex,portality/regex.py#L3,https://github.com/DOAJ/doaj/blob/feature/3529_issn_links/portality/regex.py#L3
ORCID:Regex,portality/regex.py#L7,https://github.com/DOAJ/doaj/blob/feature/3529_issn_links/portality/regex.py#L7
ISSN:Regex,portality/regex.py#L11,https://github.com/DOAJ/doaj/blob/feature/3529_issn_links/portality/regex.py#L11
Date:Regex,portality/regex.py#L15,https://github.com/DOAJ/doaj/blob/feature/3529_issn_links/portality/regex.py#L15
URL:Regex,portality/regex.py#L19,https://github.com/DOAJ/doaj/blob/feature/3529_issn_links/portality/regex.py#L19
Constants:Config,portality/constants.py#L1,https://github.com/DOAJ/doaj/blob/feature/3529_issn_links/portality/constants.py#L1
DomainObject:Model,portality/dao.py#L47,https://github.com/DOAJ/doaj/blob/feature/3529_issn_links/portality/dao.py#L47
SearchURLGenerator:Feature,portality/dao.py#L1008,https://github.com/DOAJ/doaj/blob/feature/3529_issn_links/portality/dao.py#L1008
FileStore:Feature,portality/store.py#L42,https://github.com/DOAJ/doaj/blob/feature/3529_issn_links/portality/store.py#L42
FileStoreS3:Feature,portality/store.py#L76,https://github.com/DOAJ/doaj/blob/feature/3529_issn_links/portality/store.py#L76
LoginManager:Feature,portality/core.py#L26,https://github.com/DOAJ/doaj/blob/feature/3529_issn_links/portality/core.py#L26
CreateApp:Framework,portality/core.py#L37,https://github.com/DOAJ/doaj/blob/feature/3529_issn_links/portality/core.py#L37
CrossrefXML:Feature,portality/core.py#L135,https://github.com/DOAJ/doaj/blob/feature/3529_issn_links/portality/core.py#L135
ElasticConnection:Framework,portality/core.py#L168,https://github.com/DOAJ/doaj/blob/feature/3529_issn_links/portality/core.py#L168
InitialiseIndex:Framework,portality/core.py#L224,https://github.com/DOAJ/doaj/blob/feature/3529_issn_links/portality/core.py#L224
APM:Feature,portality/core.py#L252,https://github.com/DOAJ/doaj/blob/feature/3529_issn_links/portality/core.py#L252
ProxyFix:Framework,portality/core.py#L267,https://github.com/DOAJ/doaj/blob/feature/3529_issn_links/portality/core.py#L267
CMS:Build,portality/core.py#L324,https://github.com/DOAJ/doaj/blob/feature/3529_issn_links/portality/core.py#L324
BackgroundTasks:Feature,portality/background.py#L44; portality/tasks/helpers/background_helper.py#L2,https://github.com/DOAJ/doaj/blob/feature/3529_issn_links/portality/background.py#L44; https://github.com/DOAJ/doaj/blob/feature/3529_issn_links/portality/tasks/helpers/background_helper.py#L2
BackgroundTask:Process,portality/background.py#L117,https://github.com/DOAJ/doaj/blob/feature/3529_issn_links/portality/background.py#L117
AdminBackgroundTask:Process,portality/background.py#L198,https://github.com/DOAJ/doaj/blob/feature/3529_issn_links/portality/background.py#L198
AuthNZ:Feature,portality/authorise.py#L5,https://github.com/DOAJ/doaj/blob/feature/3529_issn_links/portality/authorise.py#L5
ErrorHandler:Feature,portality/error_handler.py#L46,https://github.com/DOAJ/doaj/blob/feature/3529_issn_links/portality/error_handler.py#L46
DOAJ:WebApp,portality/app.py#L10,https://github.com/DOAJ/doaj/blob/feature/3529_issn_links/portality/app.py#L10
Elasticsearch:Technology,portality/util.py#L133,https://github.com/DOAJ/doaj/blob/feature/3529_issn_links/portality/util.py#L133
ReCAPTCHA:ExternalService,portality/util.py#L142,https://github.com/DOAJ/doaj/blob/feature/3529_issn_links/portality/util.py#L142
LCC:Data,portality/lcc.py#L2,https://github.com/DOAJ/doaj/blob/feature/3529_issn_links/portality/lcc.py#L2
Swagger:Feature,portality/decorators.py#L15,https://github.com/DOAJ/doaj/blob/feature/3529_issn_links/portality/decorators.py#L15
APIKey:Feature,portality/decorators.py#L29; portality/decorators.py#L48,https://github.com/DOAJ/doaj/blob/feature/3529_issn_links/portality/decorators.py#L29; https://github.com/DOAJ/doaj/blob/feature/3529_issn_links/portality/decorators.py#L48
SSLRequired:Feature,portality/decorators.py#L70,https://github.com/DOAJ/doaj/blob/feature/3529_issn_links/portality/decorators.py#L70
Authorisation:Feature,portality/decorators.py#L88,https://github.com/DOAJ/doaj/blob/feature/3529_issn_links/portality/decorators.py#L88
ReadOnlyMode:Feature,portality/decorators.py#L103,https://github.com/DOAJ/doaj/blob/feature/3529_issn_links/portality/decorators.py#L103
CaptureSigterm:Feature,portality/decorators.py#L140,https://github.com/DOAJ/doaj/blob/feature/3529_issn_links/portality/decorators.py#L140
AppSettings:Config,portality/settings.py#L2,https://github.com/DOAJ/doaj/blob/feature/3529_issn_links/portality/settings.py#L2
Email:Library,portality/app_email.py#L1,https://github.com/DOAJ/doaj/blob/feature/3529_issn_links/portality/app_email.py#L1
DataSets:Data,portality/datasets.py#L2,https://github.com/DOAJ/doaj/blob/feature/3529_issn_links/portality/datasets.py#L2
Countries:Data,portality/datasets.py#L13,https://github.com/DOAJ/doaj/blob/feature/3529_issn_links/portality/datasets.py#L13
Currencies:Data,portality/datasets.py#L29,https://github.com/DOAJ/doaj/blob/feature/3529_issn_links/portality/datasets.py#L29
Languages:Data,portality/datasets.py#L46,https://github.com/DOAJ/doaj/blob/feature/3529_issn_links/portality/datasets.py#L46
Migrations:Framework,portality/upgrade.py#L2,https://github.com/DOAJ/doaj/blob/feature/3529_issn_links/portality/upgrade.py#L2
Lock:Feature,portality/lock.py#L2,https://github.com/DOAJ/doaj/blob/feature/3529_issn_links/portality/lock.py#L2
Lock:Query,portality/lock.py#L176,https://github.com/DOAJ/doaj/blob/feature/3529_issn_links/portality/lock.py#L176
Notification:Model,portality/models/notifications.py#L6,https://github.com/DOAJ/doaj/blob/feature/3529_issn_links/portality/models/notifications.py#L6
EditorGroup:Model,portality/models/editors.py#L7,https://github.com/DOAJ/doaj/blob/feature/3529_issn_links/portality/models/editors.py#L7
EditorGroupMember:Query,portality/models/editors.py#L112,https://github.com/DOAJ/doaj/blob/feature/3529_issn_links/portality/models/editors.py#L112
Preservation:Model,portality/models/preservation.py#L7,https://github.com/DOAJ/doaj/blob/feature/3529_issn_links/portality/models/preservation.py#L7
BackgroundJob:Model,portality/models/background.py#L11,https://github.com/DOAJ/doaj/blob/feature/3529_issn_links/portality/models/background.py#L11
ActiveBackgroundJob:Query,portality/models/background.py#L215,https://github.com/DOAJ/doaj/blob/feature/3529_issn_links/portality/models/background.py#L215
News:Model,portality/models/news.py#L7,https://github.com/DOAJ/doaj/blob/feature/3529_issn_links/portality/models/news.py#L7
News:Query,portality/models/news.py#L64,https://github.com/DOAJ/doaj/blob/feature/3529_issn_links/portality/models/news.py#L64
API:Feature,portality/models/openurl.py#L44; portality/api/common.py#L1; portality/api/__init__.py#L1,https://github.com/DOAJ/doaj/blob/feature/3529_issn_links/portality/models/openurl.py#L44; https://github.com/DOAJ/doaj/blob/feature/3529_issn_links/portality/api/common.py#L1; https://github.com/DOAJ/doaj/blob/feature/3529_issn_links/portality/api/__init__.py#L1
Application:Model,portality/models/v2/application.py#L40,https://github.com/DOAJ/doaj/blob/feature/3529_issn_links/portality/models/v2/application.py#L40
AssignedEditorGroups:Query,portality/models/v2/application.py#L384,https://github.com/DOAJ/doaj/blob/feature/3529_issn_links/portality/models/v2/application.py#L384
JournalQuestions:Crosswalk,portality/crosswalks/journal_questions.py#L13,https://github.com/DOAJ/doaj/blob/feature/3529_issn_links/portality/crosswalks/journal_questions.py#L13
JCT:Crosswalk,portality/crosswalks/jct_inprogress.py#L5,https://github.com/DOAJ/doaj/blob/feature/3529_issn_links/portality/crosswalks/jct_inprogress.py#L5
Journal:Crosswalk,portality/crosswalks/journal_form.py#L9,https://github.com/DOAJ/doaj/blob/feature/3529_issn_links/portality/crosswalks/journal_form.py#L9
ApplicationForm:Crosswalk,portality/crosswalks/application_form.py#L7,https://github.com/DOAJ/doaj/blob/feature/3529_issn_links/portality/crosswalks/application_form.py#L7
OAIDC:Crosswalk,portality/crosswalks/oaipmh.py#L50,https://github.com/DOAJ/doaj/blob/feature/3529_issn_links/portality/crosswalks/oaipmh.py#L50
OAIArticleXML:Crosswalk,portality/crosswalks/oaipmh.py#L96,https://github.com/DOAJ/doaj/blob/feature/3529_issn_links/portality/crosswalks/oaipmh.py#L96
OAIJournalXML:Crosswalk,portality/crosswalks/oaipmh.py#L228,https://github.com/DOAJ/doaj/blob/feature/3529_issn_links/portality/crosswalks/oaipmh.py#L228
OAIDOAJArticleXML:Crosswalk,portality/crosswalks/oaipmh.py#L306,https://github.com/DOAJ/doaj/blob/feature/3529_issn_links/portality/crosswalks/oaipmh.py#L306
Crossref442XML:Crosswalk,portality/crosswalks/article_crossref_xml.py#L13,https://github.com/DOAJ/doaj/blob/feature/3529_issn_links/portality/crosswalks/article_crossref_xml.py#L13
Crossref531XML:Crosswalk,portality/crosswalks/article_crossref_xml.py#L337,https://github.com/DOAJ/doaj/blob/feature/3529_issn_links/portality/crosswalks/article_crossref_xml.py#L337
Atom:Crosswalk,portality/crosswalks/atom.py#L7,https://github.com/DOAJ/doaj/blob/feature/3529_issn_links/portality/crosswalks/atom.py#L7
ArticleForm:Crosswalk,portality/crosswalks/article_form.py#L5,https://github.com/DOAJ/doaj/blob/feature/3529_issn_links/portality/crosswalks/article_form.py#L5
DOAJArticleXML:Crosswalk,portality/crosswalks/article_doaj_xml.py#L14,https://github.com/DOAJ/doaj/blob/feature/3529_issn_links/portality/crosswalks/article_doaj_xml.py#L14
CMSBuildFragments:Script,portality/cms/build_fragments.py#L1,https://github.com/DOAJ/doaj/blob/feature/3529_issn_links/portality/cms/build_fragments.py#L1
CMSBuildSASS:Script,portality/cms/build_sass.py#L3,https://github.com/DOAJ/doaj/blob/feature/3529_issn_links/portality/cms/build_sass.py#L3
Admin:Blueprint,portality/view/admin.py#L31,https://github.com/DOAJ/doaj/blob/feature/3529_issn_links/portality/view/admin.py#L31
JournalForm:Page,portality/view/admin.py#L193,https://github.com/DOAJ/doaj/blob/feature/3529_issn_links/portality/view/admin.py#L193
UploadMetadata:Feature,portality/view/publisher.py#L183,https://github.com/DOAJ/doaj/blob/feature/3529_issn_links/portality/view/publisher.py#L183
BackgroundTask:Monitoring,portality/view/status.py#L190; portality/bll/services/background_task_status.py#L2,https://github.com/DOAJ/doaj/blob/feature/3529_issn_links/portality/view/status.py#L190; https://github.com/DOAJ/doaj/blob/feature/3529_issn_links/portality/bll/services/background_task_status.py#L2
MustHaveRole:Validator,portality/view/forms.py#L68,https://github.com/DOAJ/doaj/blob/feature/3529_issn_links/portality/view/forms.py#L68
EditorGroup:Form,portality/view/forms.py#L93,https://github.com/DOAJ/doaj/blob/feature/3529_issn_links/portality/view/forms.py#L93
Dashboard:Blueprint,portality/view/dashboard.py#L13,https://github.com/DOAJ/doaj/blob/feature/3529_issn_links/portality/view/dashboard.py#L13
DOAJ:Blueprint,portality/view/doaj.py#L22,https://github.com/DOAJ/doaj/blob/feature/3529_issn_links/portality/view/doaj.py#L22
Media:WebRoute,portality/view/doaj.py#L431,https://github.com/DOAJ/doaj/blob/feature/3529_issn_links/portality/view/doaj.py#L431
GroupStatus:Feature,portality/view/doajservices.py#L106; portality/templates/dashboard/index.html#L83,https://github.com/DOAJ/doaj/blob/feature/3529_issn_links/portality/view/doajservices.py#L106; https://github.com/DOAJ/doaj/blob/feature/3529_issn_links/portality/templates/dashboard/index.html#L83
DOAJ:Library,portality/static/js/doaj.js#L2,https://github.com/DOAJ/doaj/blob/feature/3529_issn_links/portality/static/js/doaj.js#L2
DontLeave:Feature,portality/static/js/dontleave.js#L1,https://github.com/DOAJ/doaj/blob/feature/3529_issn_links/portality/static/js/dontleave.js#L1
Dashboard:Feature,portality/static/js/dashboard.js#L1,https://github.com/DOAJ/doaj/blob/feature/3529_issn_links/portality/static/js/dashboard.js#L1
Notifications:Feature,portality/static/js/notifications.js#L1,https://github.com/DOAJ/doaj/blob/feature/3529_issn_links/portality/static/js/notifications.js#L1
AdminApplicationsSearch:Feature,portality/static/js/edges/admin.applications.edge.js#L1,https://github.com/DOAJ/doaj/blob/feature/3529_issn_links/portality/static/js/edges/admin.applications.edge.js#L1
AdminUpdateRequestSearch:Feature,portality/static/js/edges/admin.update_requests.edge.js#L1,https://github.com/DOAJ/doaj/blob/feature/3529_issn_links/portality/static/js/edges/admin.update_requests.edge.js#L1
AdminJournalsSearch:Feature,portality/static/js/edges/admin.journals.edge.js#L1,https://github.com/DOAJ/doaj/blob/feature/3529_issn_links/portality/static/js/edges/admin.journals.edge.js#L1
BackgroundJobsSearch:Feature,portality/static/js/edges/admin.background_jobs.edge.js#L1,https://github.com/DOAJ/doaj/blob/feature/3529_issn_links/portality/static/js/edges/admin.background_jobs.edge.js#L1
AdminJournalsArticlesSearch:Feature,portality/static/js/edges/admin.journalarticle.edge.js#L1,https://github.com/DOAJ/doaj/blob/feature/3529_issn_links/portality/static/js/edges/admin.journalarticle.edge.js#L1
EditorGroupsSearch:Feature,portality/static/js/edges/admin.editor_groups.edge.js#L1,https://github.com/DOAJ/doaj/blob/feature/3529_issn_links/portality/static/js/edges/admin.editor_groups.edge.js#L1
AdminUserSearch:Feature,portality/static/js/edges/admin.users.edge.js#L1,https://github.com/DOAJ/doaj/blob/feature/3529_issn_links/portality/static/js/edges/admin.users.edge.js#L1
AdminNotifications:Edge,portality/static/js/edges/admin.notifications.edge.js#L1,https://github.com/DOAJ/doaj/blob/feature/3529_issn_links/portality/static/js/edges/admin.notifications.edge.js#L1
Notifications:Edge,portality/static/js/edges/notifications.edge.js#L1,https://github.com/DOAJ/doaj/blob/feature/3529_issn_links/portality/static/js/edges/notifications.edge.js#L1
Email:Notifications,portality/notifications/application_emails.py#L1,https://github.com/DOAJ/doaj/blob/feature/3529_issn_links/portality/notifications/application_emails.py#L1
FormContext:FormContext,portality/forms/article_forms.py#L25,https://github.com/DOAJ/doaj/blob/feature/3529_issn_links/portality/forms/article_forms.py#L25
FormContextRenderer:FormContext,portality/forms/article_forms.py#L228,https://github.com/DOAJ/doaj/blob/feature/3529_issn_links/portality/forms/article_forms.py#L228
FormHelper:FormContext,portality/forms/article_forms.py#L324,https://github.com/DOAJ/doaj/blob/feature/3529_issn_links/portality/forms/article_forms.py#L324
Article:Form,portality/forms/article_forms.py#L512,https://github.com/DOAJ/doaj/blob/feature/3529_issn_links/portality/forms/article_forms.py#L512
Author:Form,portality/forms/article_forms.py#L542,https://github.com/DOAJ/doaj/blob/feature/3529_issn_links/portality/forms/article_forms.py#L542
ArticleForm:Factory,portality/forms/article_forms.py#L583,https://github.com/DOAJ/doaj/blob/feature/3529_issn_links/portality/forms/article_forms.py#L583
ArticleMetadata:FormContext,portality/forms/article_forms.py#L596,https://github.com/DOAJ/doaj/blob/feature/3529_issn_links/portality/forms/article_forms.py#L596
PublisherArticleMetadata:FormContext,portality/forms/article_forms.py#L695,https://github.com/DOAJ/doaj/blob/feature/3529_issn_links/portality/forms/article_forms.py#L695
AdminArticleMetadata:FormContext,portality/forms/article_forms.py#L712,https://github.com/DOAJ/doaj/blob/feature/3529_issn_links/portality/forms/article_forms.py#L712
ApplicationForm:Feature,portality/forms/application_forms.py#L2,https://github.com/DOAJ/doaj/blob/feature/3529_issn_links/portality/forms/application_forms.py#L2
BOAI:FormField,portality/forms/application_forms.py#L75,https://github.com/DOAJ/doaj/blob/feature/3529_issn_links/portality/forms/application_forms.py#L75
OAStatementURL:FormField,portality/forms/application_forms.py#L111,https://github.com/DOAJ/doaj/blob/feature/3529_issn_links/portality/forms/application_forms.py#L111
Title:FormField,portality/forms/application_forms.py#L144,https://github.com/DOAJ/doaj/blob/feature/3529_issn_links/portality/forms/application_forms.py#L144
AlternativeTitle:FormField,portality/forms/application_forms.py#L178,https://github.com/DOAJ/doaj/blob/feature/3529_issn_links/portality/forms/application_forms.py#L178
JournalURL:FormField,portality/forms/application_forms.py#L201,https://github.com/DOAJ/doaj/blob/feature/3529_issn_links/portality/forms/application_forms.py#L201
PISSN:FormField,portality/forms/application_forms.py#L228,https://github.com/DOAJ/doaj/blob/feature/3529_issn_links/portality/forms/application_forms.py#L228
EISSN:FormField,portality/forms/application_forms.py#L299,https://github.com/DOAJ/doaj/blob/feature/3529_issn_links/portality/forms/application_forms.py#L299
Keywords:FormField,portality/forms/application_forms.py#L375,https://github.com/DOAJ/doaj/blob/feature/3529_issn_links/portality/forms/application_forms.py#L375
Language:FormField,portality/forms/application_forms.py#L408,https://github.com/DOAJ/doaj/blob/feature/3529_issn_links/portality/forms/application_forms.py#L408
PublisherName:FormField,portality/forms/application_forms.py#L434,https://github.com/DOAJ/doaj/blob/feature/3529_issn_links/portality/forms/application_forms.py#L434
PublisherCountry:FormField,portality/forms/application_forms.py#L457,https://github.com/DOAJ/doaj/blob/feature/3529_issn_links/portality/forms/application_forms.py#L457
InstitutionName:FormField,portality/forms/application_forms.py#L488,https://github.com/DOAJ/doaj/blob/feature/3529_issn_links/portality/forms/application_forms.py#L488
InstitutionCountry:FormField,portality/forms/application_forms.py#L508,https://github.com/DOAJ/doaj/blob/feature/3529_issn_links/portality/forms/application_forms.py#L508
License:FormField,portality/forms/application_forms.py#L528,https://github.com/DOAJ/doaj/blob/feature/3529_issn_links/portality/forms/application_forms.py#L528
LicenseAttributes:FormField,portality/forms/application_forms.py#L575,https://github.com/DOAJ/doaj/blob/feature/3529_issn_links/portality/forms/application_forms.py#L575
LicenseTermsURL:FormField,portality/forms/application_forms.py#L595,https://github.com/DOAJ/doaj/blob/feature/3529_issn_links/portality/forms/application_forms.py#L595
LicenseDisplay:FormField,portality/forms/application_forms.py#L616,https://github.com/DOAJ/doaj/blob/feature/3529_issn_links/portality/forms/application_forms.py#L616
LicenseDisplayExampleUrl:FormField,portality/forms/application_forms.py#L637,https://github.com/DOAJ/doaj/blob/feature/3529_issn_links/portality/forms/application_forms.py#L637
CopyrightAuthorRetails:FormField,portality/forms/application_forms.py#L664,https://github.com/DOAJ/doaj/blob/feature/3529_issn_links/portality/forms/application_forms.py#L664
CopyrightURL:FormField,portality/forms/application_forms.py#L688,https://github.com/DOAJ/doaj/blob/feature/3529_issn_links/portality/forms/application_forms.py#L688
ReviewProcess:FormField,portality/forms/application_forms.py#L721,https://github.com/DOAJ/doaj/blob/feature/3529_issn_links/portality/forms/application_forms.py#L721
ReviewProcessOther:FormField,portality/forms/application_forms.py#L748,https://github.com/DOAJ/doaj/blob/feature/3529_issn_links/portality/forms/application_forms.py#L748
ReviewURL:FormField,portality/forms/application_forms.py#L773,https://github.com/DOAJ/doaj/blob/feature/3529_issn_links/portality/forms/application_forms.py#L773
OAStart:FormField,portality/forms/application_forms.py#L793,https://github.com/DOAJ/doaj/blob/feature/3529_issn_links/portality/forms/application_forms.py#L793
PlagiarismDetection:FormField,portality/forms/application_forms.py#L815,https://github.com/DOAJ/doaj/blob/feature/3529_issn_links/portality/forms/application_forms.py#L815
PlagiarismURL:FormField,portality/forms/application_forms.py#L835,https://github.com/DOAJ/doaj/blob/feature/3529_issn_links/portality/forms/application_forms.py#L835
AimsScopeURL:FormField,portality/forms/application_forms.py#L864,https://github.com/DOAJ/doaj/blob/feature/3529_issn_links/portality/forms/application_forms.py#L864
EditorialBoardURL:FormField,portality/forms/application_forms.py#L883,https://github.com/DOAJ/doaj/blob/feature/3529_issn_links/portality/forms/application_forms.py#L883
AuthorInstructionsURL:FormField,portality/forms/application_forms.py#L902,https://github.com/DOAJ/doaj/blob/feature/3529_issn_links/portality/forms/application_forms.py#L902
PublicationTimeWeeks:FormField,portality/forms/application_forms.py#L921,https://github.com/DOAJ/doaj/blob/feature/3529_issn_links/portality/forms/application_forms.py#L921
APC:FormField,portality/forms/application_forms.py#L940,https://github.com/DOAJ/doaj/blob/feature/3529_issn_links/portality/forms/application_forms.py#L940
APCCharges:FormField,portality/forms/application_forms.py#L961,https://github.com/DOAJ/doaj/blob/feature/3529_issn_links/portality/forms/application_forms.py#L961
APCCurrency:FormField,portality/forms/application_forms.py#L990,https://github.com/DOAJ/doaj/blob/feature/3529_issn_links/portality/forms/application_forms.py#L990
APCMax:FormField,portality/forms/application_forms.py#L1017,https://github.com/DOAJ/doaj/blob/feature/3529_issn_links/portality/forms/application_forms.py#L1017
APCURL:FormField,portality/forms/application_forms.py#L1040,https://github.com/DOAJ/doaj/blob/feature/3529_issn_links/portality/forms/application_forms.py#L1040
HasWaiver:FormField,portality/forms/application_forms.py#L1063,https://github.com/DOAJ/doaj/blob/feature/3529_issn_links/portality/forms/application_forms.py#L1063
WaiverURL:FormField,portality/forms/application_forms.py#L1086,https://github.com/DOAJ/doaj/blob/feature/3529_issn_links/portality/forms/application_forms.py#L1086
HasOtherCharges:FormField,portality/forms/application_forms.py#L1115,https://github.com/DOAJ/doaj/blob/feature/3529_issn_links/portality/forms/application_forms.py#L1115
OtherChargesURL:FormField,portality/forms/application_forms.py#L1135,https://github.com/DOAJ/doaj/blob/feature/3529_issn_links/portality/forms/application_forms.py#L1135
PreservationService:FormField,portality/forms/application_forms.py#L1163,https://github.com/DOAJ/doaj/blob/feature/3529_issn_links/portality/forms/application_forms.py#L1163
PreservationServiceLibrary:FormField,portality/forms/application_forms.py#L1194,https://github.com/DOAJ/doaj/blob/feature/3529_issn_links/portality/forms/application_forms.py#L1194
PreservationServiceOther:FormField,portality/forms/application_forms.py#L1227,https://github.com/DOAJ/doaj/blob/feature/3529_issn_links/portality/forms/application_forms.py#L1227
PreservationServiceURL:FormField,portality/forms/application_forms.py#L1249,https://github.com/DOAJ/doaj/blob/feature/3529_issn_links/portality/forms/application_forms.py#L1249
DepositPolicy:FormField,portality/forms/application_forms.py#L1296,https://github.com/DOAJ/doaj/blob/feature/3529_issn_links/portality/forms/application_forms.py#L1296
DepositPolicyOther:FormField,portality/forms/application_forms.py#L1326,https://github.com/DOAJ/doaj/blob/feature/3529_issn_links/portality/forms/application_forms.py#L1326
DepositPolicyURL:FormField,portality/forms/application_forms.py#L1348,https://github.com/DOAJ/doaj/blob/feature/3529_issn_links/portality/forms/application_forms.py#L1348
PersistentIdentifiers:FormField,portality/forms/application_forms.py#L1408,https://github.com/DOAJ/doaj/blob/feature/3529_issn_links/portality/forms/application_forms.py#L1408
PersistentIdentifiersOther:FormField,portality/forms/application_forms.py#L1433,https://github.com/DOAJ/doaj/blob/feature/3529_issn_links/portality/forms/application_forms.py#L1433
Orcids:FormField,portality/forms/application_forms.py#L1455,https://github.com/DOAJ/doaj/blob/feature/3529_issn_links/portality/forms/application_forms.py#L1455
OpenCitations:FormField,portality/forms/application_forms.py#L1483,https://github.com/DOAJ/doaj/blob/feature/3529_issn_links/portality/forms/application_forms.py#L1483
DOAJSeal:FormField,portality/forms/application_forms.py#L1513,https://github.com/DOAJ/doaj/blob/feature/3529_issn_links/portality/forms/application_forms.py#L1513
QuickReject:FormField,portality/forms/application_forms.py#L1543,https://github.com/DOAJ/doaj/blob/feature/3529_issn_links/portality/forms/application_forms.py#L1543
QuickRejectDetails:FormField,portality/forms/application_forms.py#L1551,https://github.com/DOAJ/doaj/blob/feature/3529_issn_links/portality/forms/application_forms.py#L1551
Owner:FormField,portality/forms/application_forms.py#L1565,https://github.com/DOAJ/doaj/blob/feature/3529_issn_links/portality/forms/application_forms.py#L1565
ApplicationStatus:FormField,portality/forms/application_forms.py#L1589,https://github.com/DOAJ/doaj/blob/feature/3529_issn_links/portality/forms/application_forms.py#L1589
EditorGroup:FormField,portality/forms/application_forms.py#L1627,https://github.com/DOAJ/doaj/blob/feature/3529_issn_links/portality/forms/application_forms.py#L1627
Editor:FormField,portality/forms/application_forms.py#L1648,https://github.com/DOAJ/doaj/blob/feature/3529_issn_links/portality/forms/application_forms.py#L1648
DiscontinuedDate:FormField,portality/forms/application_forms.py#L1663,https://github.com/DOAJ/doaj/blob/feature/3529_issn_links/portality/forms/application_forms.py#L1663
Continues:FormField,portality/forms/application_forms.py#L1687,https://github.com/DOAJ/doaj/blob/feature/3529_issn_links/portality/forms/application_forms.py#L1687
ContinuedBy:FormField,portality/forms/application_forms.py#L1710,https://github.com/DOAJ/doaj/blob/feature/3529_issn_links/portality/forms/application_forms.py#L1710
Subject:FormField,portality/forms/application_forms.py#L1733,https://github.com/DOAJ/doaj/blob/feature/3529_issn_links/portality/forms/application_forms.py#L1733
Notes:FormField,portality/forms/application_forms.py#L1770,https://github.com/DOAJ/doaj/blob/feature/3529_issn_links/portality/forms/application_forms.py#L1770
Note:FormField,portality/forms/application_forms.py#L1801,https://github.com/DOAJ/doaj/blob/feature/3529_issn_links/portality/forms/application_forms.py#L1801
NoteDate:FormField,portality/forms/application_forms.py#L1810,https://github.com/DOAJ/doaj/blob/feature/3529_issn_links/portality/forms/application_forms.py#L1810
NoteID:FormField,portality/forms/application_forms.py#L1819,https://github.com/DOAJ/doaj/blob/feature/3529_issn_links/portality/forms/application_forms.py#L1819
OptionalValidation:FormField,portality/forms/application_forms.py#L1827,https://github.com/DOAJ/doaj/blob/feature/3529_issn_links/portality/forms/application_forms.py#L1827
BulkDOAJSeal:FormField,portality/forms/application_forms.py#L1838,https://github.com/DOAJ/doaj/blob/feature/3529_issn_links/portality/forms/application_forms.py#L1838
BasicCompliance:FieldSet,portality/forms/application_forms.py#L1857,https://github.com/DOAJ/doaj/blob/feature/3529_issn_links/portality/forms/application_forms.py#L1857
AboutJournal:FieldSet,portality/forms/application_forms.py#L1868,https://github.com/DOAJ/doaj/blob/feature/3529_issn_links/portality/forms/application_forms.py#L1868
Publisher:FieldSet,portality/forms/application_forms.py#L1883,https://github.com/DOAJ/doaj/blob/feature/3529_issn_links/portality/forms/application_forms.py#L1883
Institution:FieldSet,portality/forms/application_forms.py#L1893,https://github.com/DOAJ/doaj/blob/feature/3529_issn_links/portality/forms/application_forms.py#L1893
Licensing:FieldSet,portality/forms/application_forms.py#L1903,https://github.com/DOAJ/doaj/blob/feature/3529_issn_links/portality/forms/application_forms.py#L1903
EmbeddedLicense:FieldSet,portality/forms/application_forms.py#L1914,https://github.com/DOAJ/doaj/blob/feature/3529_issn_links/portality/forms/application_forms.py#L1914
Copyright:FieldSet,portality/forms/application_forms.py#L1924,https://github.com/DOAJ/doaj/blob/feature/3529_issn_links/portality/forms/application_forms.py#L1924
PeerReview:FieldSet,portality/forms/application_forms.py#L1934,https://github.com/DOAJ/doaj/blob/feature/3529_issn_links/portality/forms/application_forms.py#L1934
Plagiarism:FieldSet,portality/forms/application_forms.py#L1945,https://github.com/DOAJ/doaj/blob/feature/3529_issn_links/portality/forms/application_forms.py#L1945
Editorial:FieldSet,portality/forms/application_forms.py#L1955,https://github.com/DOAJ/doaj/blob/feature/3529_issn_links/portality/forms/application_forms.py#L1955
APC:FieldSet,portality/forms/application_forms.py#L1967,https://github.com/DOAJ/doaj/blob/feature/3529_issn_links/portality/forms/application_forms.py#L1967
Waivers:FieldSet,portality/forms/application_forms.py#L1980,https://github.com/DOAJ/doaj/blob/feature/3529_issn_links/portality/forms/application_forms.py#L1980
OtherFees:FieldSet,portality/forms/application_forms.py#L1990,https://github.com/DOAJ/doaj/blob/feature/3529_issn_links/portality/forms/application_forms.py#L1990
ArchivingPolicy:FieldSet,portality/forms/application_forms.py#L2000,https://github.com/DOAJ/doaj/blob/feature/3529_issn_links/portality/forms/application_forms.py#L2000
RepositoryPolicy:FieldSet,portality/forms/application_forms.py#L2012,https://github.com/DOAJ/doaj/blob/feature/3529_issn_links/portality/forms/application_forms.py#L2012
UniqueIdentifiers:FieldSet,portality/forms/application_forms.py#L2023,https://github.com/DOAJ/doaj/blob/feature/3529_issn_links/portality/forms/application_forms.py#L2023
Seal:FieldSet,portality/forms/application_forms.py#L2035,https://github.com/DOAJ/doaj/blob/feature/3529_issn_links/portality/forms/application_forms.py#L2035
QuickReject:FieldSet,portality/forms/application_forms.py#L2044,https://github.com/DOAJ/doaj/blob/feature/3529_issn_links/portality/forms/application_forms.py#L2044
Reassign:FieldSet,portality/forms/application_forms.py#L2055,https://github.com/DOAJ/doaj/blob/feature/3529_issn_links/portality/forms/application_forms.py#L2055
Status:FieldSet,portality/forms/application_forms.py#L2064,https://github.com/DOAJ/doaj/blob/feature/3529_issn_links/portality/forms/application_forms.py#L2064
Reviewers:FieldSet,portality/forms/application_forms.py#L2073,https://github.com/DOAJ/doaj/blob/feature/3529_issn_links/portality/forms/application_forms.py#L2073
Continuations:FieldSet,portality/forms/application_forms.py#L2083,https://github.com/DOAJ/doaj/blob/feature/3529_issn_links/portality/forms/application_forms.py#L2083
Subject:FieldSet,portality/forms/application_forms.py#L2095,https://github.com/DOAJ/doaj/blob/feature/3529_issn_links/portality/forms/application_forms.py#L2095
Notes:FieldSet,portality/forms/application_forms.py#L2104,https://github.com/DOAJ/doaj/blob/feature/3529_issn_links/portality/forms/application_forms.py#L2104
OptionalValidation:FieldSet,portality/forms/application_forms.py#L2116,https://github.com/DOAJ/doaj/blob/feature/3529_issn_links/portality/forms/application_forms.py#L2116
BulkEdit:FieldSet,portality/forms/application_forms.py#L2125,https://github.com/DOAJ/doaj/blob/feature/3529_issn_links/portality/forms/application_forms.py#L2125
NewApplication:FormContext,portality/forms/application_forms.py#L2144,https://github.com/DOAJ/doaj/blob/feature/3529_issn_links/portality/forms/application_forms.py#L2144
UpdateRequest:FormContext,portality/forms/application_forms.py#L2179,https://github.com/DOAJ/doaj/blob/feature/3529_issn_links/portality/forms/application_forms.py#L2179
ReadOnlyApplication:FormContext,portality/forms/application_forms.py#L2187,https://github.com/DOAJ/doaj/blob/feature/3529_issn_links/portality/forms/application_forms.py#L2187
AssociateEditorApplication:FormContext,portality/forms/application_forms.py#L2194,https://github.com/DOAJ/doaj/blob/feature/3529_issn_links/portality/forms/application_forms.py#L2194
EditorApplication:FormContext,portality/forms/application_forms.py#L2207,https://github.com/DOAJ/doaj/blob/feature/3529_issn_links/portality/forms/application_forms.py#L2207
ManEdApplication:FormContext,portality/forms/application_forms.py#L2221,https://github.com/DOAJ/doaj/blob/feature/3529_issn_links/portality/forms/application_forms.py#L2221
ReadOnlyJournal:FormContext,portality/forms/application_forms.py#L2241,https://github.com/DOAJ/doaj/blob/feature/3529_issn_links/portality/forms/application_forms.py#L2241
AssEditorJournal:FormContext,portality/forms/application_forms.py#L2276,https://github.com/DOAJ/doaj/blob/feature/3529_issn_links/portality/forms/application_forms.py#L2276
EditorJournal:FormContext,portality/forms/application_forms.py#L2288,https://github.com/DOAJ/doaj/blob/feature/3529_issn_links/portality/forms/application_forms.py#L2288
ManEdJournal:FormContext,portality/forms/application_forms.py#L2299,https://github.com/DOAJ/doaj/blob/feature/3529_issn_links/portality/forms/application_forms.py#L2299
BulkEditJournal:FormContext,portality/forms/application_forms.py#L2313,https://github.com/DOAJ/doaj/blob/feature/3529_issn_links/portality/forms/application_forms.py#L2313
ApplicationStatus:Workflow,portality/forms/application_forms.py#L2403,https://github.com/DOAJ/doaj/blob/feature/3529_issn_links/portality/forms/application_forms.py#L2403
ReservedUsernames:FormValidator,portality/forms/application_forms.py#L2510; portality/forms/validate.py#L235,https://github.com/DOAJ/doaj/blob/feature/3529_issn_links/portality/forms/application_forms.py#L2510; https://github.com/DOAJ/doaj/blob/feature/3529_issn_links/portality/forms/validate.py#L235
OwnerExists:FormValidator,portality/forms/application_forms.py#L2523; portality/forms/validate.py#L260,https://github.com/DOAJ/doaj/blob/feature/3529_issn_links/portality/forms/application_forms.py#L2523; https://github.com/DOAJ/doaj/blob/feature/3529_issn_links/portality/forms/validate.py#L260
Required:FormValidator,portality/forms/application_forms.py#L2536,https://github.com/DOAJ/doaj/blob/feature/3529_issn_links/portality/forms/application_forms.py#L2536
IsURL:FormValidator,portality/forms/application_forms.py#L2553,https://github.com/DOAJ/doaj/blob/feature/3529_issn_links/portality/forms/application_forms.py#L2553
IntRange:FormValidator,portality/forms/application_forms.py#L2570,https://github.com/DOAJ/doaj/blob/feature/3529_issn_links/portality/forms/application_forms.py#L2570
MaxLen:FormValidator,portality/forms/application_forms.py#L2603; portality/forms/validate.py#L150,https://github.com/DOAJ/doaj/blob/feature/3529_issn_links/portality/forms/application_forms.py#L2603; https://github.com/DOAJ/doaj/blob/feature/3529_issn_links/portality/forms/validate.py#L150
StopWords:FormValidator,portality/forms/application_forms.py#L2614; portality/forms/validate.py#L318,https://github.com/DOAJ/doaj/blob/feature/3529_issn_links/portality/forms/application_forms.py#L2614; https://github.com/DOAJ/doaj/blob/feature/3529_issn_links/portality/forms/validate.py#L318
ISSNInPublicDOAJ:FormValidator,portality/forms/application_forms.py#L2624; portality/forms/validate.py#L286,https://github.com/DOAJ/doaj/blob/feature/3529_issn_links/portality/forms/application_forms.py#L2624; https://github.com/DOAJ/doaj/blob/feature/3529_issn_links/portality/forms/validate.py#L286
JournalURLInPublicDOAJ:FormValidator,portality/forms/application_forms.py#L2637; portality/forms/validate.py#L302,https://github.com/DOAJ/doaj/blob/feature/3529_issn_links/portality/forms/application_forms.py#L2637; https://github.com/DOAJ/doaj/blob/feature/3529_issn_links/portality/forms/validate.py#L302
OptionalIf:FormValidator,portality/forms/application_forms.py#L2664; portality/forms/validate.py#L66,https://github.com/DOAJ/doaj/blob/feature/3529_issn_links/portality/forms/application_forms.py#L2664; https://github.com/DOAJ/doaj/blob/feature/3529_issn_links/portality/forms/validate.py#L66
IsISSN:FormValidator,portality/forms/application_forms.py#L2677,https://github.com/DOAJ/doaj/blob/feature/3529_issn_links/portality/forms/application_forms.py#L2677
IsISSNList:FormValidator,portality/forms/application_forms.py#L2690,https://github.com/DOAJ/doaj/blob/feature/3529_issn_links/portality/forms/application_forms.py#L2690
DifferentTo:FormValidator,portality/forms/application_forms.py#L2701; portality/forms/validate.py#L334,https://github.com/DOAJ/doaj/blob/feature/3529_issn_links/portality/forms/application_forms.py#L2701; https://github.com/DOAJ/doaj/blob/feature/3529_issn_links/portality/forms/validate.py#L334
RequiredIf:FormValidator,portality/forms/application_forms.py#L2712,https://github.com/DOAJ/doaj/blob/feature/3529_issn_links/portality/forms/application_forms.py#L2712
OnlyIf:FormValidator,portality/forms/application_forms.py#L2733; portality/forms/validate.py#L404,https://github.com/DOAJ/doaj/blob/feature/3529_issn_links/portality/forms/application_forms.py#L2733; https://github.com/DOAJ/doaj/blob/feature/3529_issn_links/portality/forms/validate.py#L404
NotIf:FormValidator,portality/forms/application_forms.py#L2752; portality/forms/validate.py#L452,https://github.com/DOAJ/doaj/blob/feature/3529_issn_links/portality/forms/application_forms.py#L2752; https://github.com/DOAJ/doaj/blob/feature/3529_issn_links/portality/forms/validate.py#L452
GroupMember:FormValidator,portality/forms/application_forms.py#L2765; portality/forms/validate.py#L490,https://github.com/DOAJ/doaj/blob/feature/3529_issn_links/portality/forms/application_forms.py#L2765; https://github.com/DOAJ/doaj/blob/feature/3529_issn_links/portality/forms/validate.py#L490
RequiredValue:FormValidator,portality/forms/application_forms.py#L2777; portality/forms/validate.py#L518,https://github.com/DOAJ/doaj/blob/feature/3529_issn_links/portality/forms/application_forms.py#L2777; https://github.com/DOAJ/doaj/blob/feature/3529_issn_links/portality/forms/validate.py#L518
BigEndDate:FormValidator,portality/forms/application_forms.py#L2788; portality/forms/validate.py#L533,https://github.com/DOAJ/doaj/blob/feature/3529_issn_links/portality/forms/application_forms.py#L2788; https://github.com/DOAJ/doaj/blob/feature/3529_issn_links/portality/forms/validate.py#L533
NewApplication:FormProcessor,portality/forms/application_processors.py#L203,https://github.com/DOAJ/doaj/blob/feature/3529_issn_links/portality/forms/application_processors.py#L203
ManEdApplication:FormProcessor,portality/forms/application_processors.py#L274,https://github.com/DOAJ/doaj/blob/feature/3529_issn_links/portality/forms/application_processors.py#L274
EditorApplication:FormProcessor,portality/forms/application_processors.py#L477,https://github.com/DOAJ/doaj/blob/feature/3529_issn_links/portality/forms/application_processors.py#L477
AssEdApplication:FormProcessor,portality/forms/application_processors.py#L599,https://github.com/DOAJ/doaj/blob/feature/3529_issn_links/portality/forms/application_processors.py#L599
PublisherUpdateRequest:FormProcessor,portality/forms/application_processors.py#L661,https://github.com/DOAJ/doaj/blob/feature/3529_issn_links/portality/forms/application_processors.py#L661
PublisherUpdateRequestReadOnly:FormProcessor,portality/forms/application_processors.py#L770,https://github.com/DOAJ/doaj/blob/feature/3529_issn_links/portality/forms/application_processors.py#L770
ManEdJournal:FormProcessor,portality/forms/application_processors.py#L786,https://github.com/DOAJ/doaj/blob/feature/3529_issn_links/portality/forms/application_processors.py#L786
EditorJournal:FormProcessor,portality/forms/application_processors.py#L859,https://github.com/DOAJ/doaj/blob/feature/3529_issn_links/portality/forms/application_processors.py#L859
AssEdJournal:FormProcessor,portality/forms/application_processors.py#L916,https://github.com/DOAJ/doaj/blob/feature/3529_issn_links/portality/forms/application_processors.py#L916
ReadOnlyJournal:FormProcessor,portality/forms/application_processors.py#L947,https://github.com/DOAJ/doaj/blob/feature/3529_issn_links/portality/forms/application_processors.py#L947
ManEdBulkJournal:FormProcessor,portality/forms/application_processors.py#L964,https://github.com/DOAJ/doaj/blob/feature/3529_issn_links/portality/forms/application_processors.py#L964
DataOptional:FormValidator,portality/forms/validate.py#L43,https://github.com/DOAJ/doaj/blob/feature/3529_issn_links/portality/forms/validate.py#L43
HTTPURL:FormValidator,portality/forms/validate.py#L122,https://github.com/DOAJ/doaj/blob/feature/3529_issn_links/portality/forms/validate.py#L122
RequiredIfRole:FormValidator,portality/forms/validate.py#L166,https://github.com/DOAJ/doaj/blob/feature/3529_issn_links/portality/forms/validate.py#L166
RegexpOnTagList:FormValidator,portality/forms/validate.py#L182,https://github.com/DOAJ/doaj/blob/feature/3529_issn_links/portality/forms/validate.py#L182
ThisOrThat:FormValidator,portality/forms/validate.py#L214,https://github.com/DOAJ/doaj/blob/feature/3529_issn_links/portality/forms/validate.py#L214
RequiredIfOtherValue:FormValidator,portality/forms/validate.py#L356,https://github.com/DOAJ/doaj/blob/feature/3529_issn_links/portality/forms/validate.py#L356
NoScriptTag:FormValidator,portality/forms/validate.py#L474,https://github.com/DOAJ/doaj/blob/feature/3529_issn_links/portality/forms/validate.py#L474
CustomRequired:FormValidator,portality/forms/validate.py#L560,https://github.com/DOAJ/doaj/blob/feature/3529_issn_links/portality/forms/validate.py#L560
EmailAvailable:FormValidator,portality/forms/validate.py#L580,https://github.com/DOAJ/doaj/blob/feature/3529_issn_links/portality/forms/validate.py#L580
IdAvailable:FormValidator,portality/forms/validate.py#L596,https://github.com/DOAJ/doaj/blob/feature/3529_issn_links/portality/forms/validate.py#L596
IgnoreUnchanged:FormValidator,portality/forms/validate.py#L617,https://github.com/DOAJ/doaj/blob/feature/3529_issn_links/portality/forms/validate.py#L617
APISearch:Feature,portality/api/current/discovery.py#L1,https://github.com/DOAJ/doaj/blob/feature/3529_issn_links/portality/api/current/discovery.py#L1
Search:Query,portality/api/current/discovery.py#L335,https://github.com/DOAJ/doaj/blob/feature/3529_issn_links/portality/api/current/discovery.py#L335
APIOutgoingCommonJournalApplication:Model,portality/api/current/data_objects/common_journal_application.py#L11,https://github.com/DOAJ/doaj/blob/feature/3529_issn_links/portality/api/current/data_objects/common_journal_application.py#L11
APIOutgoingJournal:Model,portality/api/current/data_objects/journal.py#L31,https://github.com/DOAJ/doaj/blob/feature/3529_issn_links/portality/api/current/data_objects/journal.py#L31
APIIncomingApplication:Model,portality/api/current/data_objects/application.py#L114,https://github.com/DOAJ/doaj/blob/feature/3529_issn_links/portality/api/current/data_objects/application.py#L114
APIOutgoingApplication:Model,portality/api/current/data_objects/application.py#L354,https://github.com/DOAJ/doaj/blob/feature/3529_issn_links/portality/api/current/data_objects/application.py#L354
APIIncomingArticle:Model,portality/api/current/data_objects/article.py#L159,https://github.com/DOAJ/doaj/blob/feature/3529_issn_links/portality/api/current/data_objects/article.py#L159
APIOutgoingArticle:Model,portality/api/current/data_objects/article.py#L282,https://github.com/DOAJ/doaj/blob/feature/3529_issn_links/portality/api/current/data_objects/article.py#L282
APICrud:Feature,portality/api/current/crud/__init__.py#L1,https://github.com/DOAJ/doaj/blob/feature/3529_issn_links/portality/api/current/crud/__init__.py#L1
APICrudJournals:Feature,portality/api/current/crud/journals.py#L1,https://github.com/DOAJ/doaj/blob/feature/3529_issn_links/portality/api/current/crud/journals.py#L1
APICrudApplications:Feature,portality/api/current/crud/applications.py#L1,https://github.com/DOAJ/doaj/blob/feature/3529_issn_links/portality/api/current/crud/applications.py#L1
APICrudArticles:Feature,portality/api/current/crud/articles.py#L1,https://github.com/DOAJ/doaj/blob/feature/3529_issn_links/portality/api/current/crud/articles.py#L1
APIBulk:Feature,portality/api/current/bulk/__init__.py#L1,https://github.com/DOAJ/doaj/blob/feature/3529_issn_links/portality/api/current/bulk/__init__.py#L1
APIBulkApplications:Feature,portality/api/current/bulk/applications.py#L1,https://github.com/DOAJ/doaj/blob/feature/3529_issn_links/portality/api/current/bulk/applications.py#L1
APIBulkArticles:Feature,portality/api/current/bulk/articles.py#L1,https://github.com/DOAJ/doaj/blob/feature/3529_issn_links/portality/api/current/bulk/articles.py#L1
EdgesIntegration:Library,portality/lib/edges.py#L1,https://github.com/DOAJ/doaj/blob/feature/3529_issn_links/portality/lib/edges.py#L1
GoogleAnalytics:ExternalService,portality/lib/analytics.py#L1,https://github.com/DOAJ/doaj/blob/feature/3529_issn_links/portality/lib/analytics.py#L1
ESMappings:Library,portality/lib/es_data_mapping.py#L4,https://github.com/DOAJ/doaj/blob/feature/3529_issn_links/portality/lib/es_data_mapping.py#L4
WhoCurrentUser:Query,portality/lib/query_filters.py#L143,https://github.com/DOAJ/doaj/blob/feature/3529_issn_links/portality/lib/query_filters.py#L143
Anonymisation:Feature,portality/lib/anon.py#L1,https://github.com/DOAJ/doaj/blob/feature/3529_issn_links/portality/lib/anon.py#L1
Coerce:Library,portality/lib/coerce.py#L1,https://github.com/DOAJ/doaj/blob/feature/3529_issn_links/portality/lib/coerce.py#L1
Dates:Library,portality/lib/dates.py#L1,https://github.com/DOAJ/doaj/blob/feature/3529_issn_links/portality/lib/dates.py#L1
PlausibleAnalytics:ExternalService,portality/lib/plausible.py#L1,https://github.com/DOAJ/doaj/blob/feature/3529_issn_links/portality/lib/plausible.py#L1
Formulaic:Library,portality/lib/formulaic.py#L1,https://github.com/DOAJ/doaj/blob/feature/3529_issn_links/portality/lib/formulaic.py#L1
FormulaicContext:Feature,portality/lib/formulaic.py#L223,https://github.com/DOAJ/doaj/blob/feature/3529_issn_links/portality/lib/formulaic.py#L223
FormulaicFieldset:Feature,portality/lib/formulaic.py#L468,https://github.com/DOAJ/doaj/blob/feature/3529_issn_links/portality/lib/formulaic.py#L468
FormulaicField:Feature,portality/lib/formulaic.py#L512,https://github.com/DOAJ/doaj/blob/feature/3529_issn_links/portality/lib/formulaic.py#L512
FormProcessor:Feature,portality/lib/formulaic.py#L785,https://github.com/DOAJ/doaj/blob/feature/3529_issn_links/portality/lib/formulaic.py#L785
EditorIndex:Page,portality/templates/editor/index.html#L2,https://github.com/DOAJ/doaj/blob/feature/3529_issn_links/portality/templates/editor/index.html#L2
Dashboard:Page,portality/templates/dashboard/index.html#L2,https://github.com/DOAJ/doaj/blob/feature/3529_issn_links/portality/templates/dashboard/index.html#L2
DashboardNav:Fragment,portality/templates/dashboard/nav.html#L1,https://github.com/DOAJ/doaj/blob/feature/3529_issn_links/portality/templates/dashboard/nav.html#L1
NotificationsSearch:Page,portality/templates/dashboard/notifications.html#L2,https://github.com/DOAJ/doaj/blob/feature/3529_issn_links/portality/templates/dashboard/notifications.html#L2
Dashboard:Template,portality/templates/layouts/dashboard_base.html#L2; portality/templates/layouts/dashboard_base.html#L8,https://github.com/DOAJ/doaj/blob/feature/3529_issn_links/portality/templates/layouts/dashboard_base.html#L2; https://github.com/DOAJ/doaj/blob/feature/3529_issn_links/portality/templates/layouts/dashboard_base.html#L8
Account:Page,portality/templates/account/view.html#L1,https://github.com/DOAJ/doaj/blob/feature/3529_issn_links/portality/templates/account/view.html#L1
PublisherArticleMetadata:Page,portality/templates/publisher/metadata.html#L1,https://github.com/DOAJ/doaj/blob/feature/3529_issn_links/portality/templates/publisher/metadata.html#L1
UploadMetadata:Page,portality/templates/publisher/uploadmetadata.html#L1,https://github.com/DOAJ/doaj/blob/feature/3529_issn_links/portality/templates/publisher/uploadmetadata.html#L1
AdminJournalAssigned:Email,portality/templates/email/editor_journal_assigned_group.jinja2#L2,https://github.com/DOAJ/doaj/blob/feature/3529_issn_links/portality/templates/email/editor_journal_assigned_group.jinja2#L2
AccountCreated:Email,portality/templates/email/account_created.jinja2#L2,https://github.com/DOAJ/doaj/blob/feature/3529_issn_links/portality/templates/email/account_created.jinja2#L2
AssEdApplicationInProgress:Email,portality/templates/email/assoc_editor_application_inprogress.jinja2#L2,https://github.com/DOAJ/doaj/blob/feature/3529_issn_links/portality/templates/email/assoc_editor_application_inprogress.jinja2#L2
EditorApplicationInProgress:Email,portality/templates/email/editor_application_inprogress.jinja2#L2,https://github.com/DOAJ/doaj/blob/feature/3529_issn_links/portality/templates/email/editor_application_inprogress.jinja2#L2
PublisherUpdateRequestRejected:Email,portality/templates/email/publisher_update_request_rejected.jinja2#L2,https://github.com/DOAJ/doaj/blob/feature/3529_issn_links/portality/templates/email/publisher_update_request_rejected.jinja2#L2
AdminBackgroundJobFinished:Email,portality/templates/email/admin_background_job_finished.jinja2#L2,https://github.com/DOAJ/doaj/blob/feature/3529_issn_links/portality/templates/email/admin_background_job_finished.jinja2#L2
AdminApplicationReady:Email,portality/templates/email/admin_application_ready.jinja2#L2,https://github.com/DOAJ/doaj/blob/feature/3529_issn_links/portality/templates/email/admin_application_ready.jinja2#L2
PublisherApplicationRejected:Email,portality/templates/email/publisher_application_rejected.jinja2#L2,https://github.com/DOAJ/doaj/blob/feature/3529_issn_links/portality/templates/email/publisher_application_rejected.jinja2#L2
PublisherApplicationAccepted:Email,portality/templates/email/publisher_application_accepted.jinja2#L2,https://github.com/DOAJ/doaj/blob/feature/3529_issn_links/portality/templates/email/publisher_application_accepted.jinja2#L2
EditorApplicationAssigned:Email,portality/templates/email/editor_application_assigned_group.jinja2#L2,https://github.com/DOAJ/doaj/blob/feature/3529_issn_links/portality/templates/email/editor_application_assigned_group.jinja2#L2
EditorApplicationCompleted:Email,portality/templates/email/editor_application_completed.jinja2#L2,https://github.com/DOAJ/doaj/blob/feature/3529_issn_links/portality/templates/email/editor_application_completed.jinja2#L2
PasswordReset:Email,portality/templates/email/account_password_reset.jinja2#L2,https://github.com/DOAJ/doaj/blob/feature/3529_issn_links/portality/templates/email/account_password_reset.jinja2#L2
PublisherUpdateRequestEditorAssigned:Email,portality/templates/email/publisher_update_request_editor_assigned.jinja2#L2,https://github.com/DOAJ/doaj/blob/feature/3529_issn_links/portality/templates/email/publisher_update_request_editor_assigned.jinja2#L2
AssEdApplicationAssigned:Email,portality/templates/email/assoc_editor_application_assigned.jinja2#L2,https://github.com/DOAJ/doaj/blob/feature/3529_issn_links/portality/templates/email/assoc_editor_application_assigned.jinja2#L2
PublisherApplicationEditorAssigned:Email,portality/templates/email/publisher_application_editor_assigned.jinja2#L2,https://github.com/DOAJ/doaj/blob/feature/3529_issn_links/portality/templates/email/publisher_application_editor_assigned.jinja2#L2
PublisherApplicationInProgress:Email,portality/templates/email/publisher_application_inprogress.jinja2#L2,https://github.com/DOAJ/doaj/blob/feature/3529_issn_links/portality/templates/email/publisher_application_inprogress.jinja2#L2
AssEdJournalAssigned:Email,portality/templates/email/assoc_editor_journal_assigned.jinja2#L2,https://github.com/DOAJ/doaj/blob/feature/3529_issn_links/portality/templates/email/assoc_editor_journal_assigned.jinja2#L2
PublisherUpdateRequestAccepted:Email,portality/templates/email/publisher_update_request_accepted.jinja2#L2,https://github.com/DOAJ/doaj/blob/feature/3529_issn_links/portality/templates/email/publisher_update_request_accepted.jinja2#L2
PublisherUpdateRequestInProgress:Email,portality/templates/email/publisher_update_request_inprogress.jinja2#L2,https://github.com/DOAJ/doaj/blob/feature/3529_issn_links/portality/templates/email/publisher_update_request_inprogress.jinja2#L2
PublisherUpdateRequestReceived:Email,portality/templates/email/publisher_update_request_received.jinja2#L2,https://github.com/DOAJ/doaj/blob/feature/3529_issn_links/portality/templates/email/publisher_update_request_received.jinja2#L2
PublisherApplicationReceived:Email,portality/templates/email/publisher_application_received.jinja2#L2,https://github.com/DOAJ/doaj/blob/feature/3529_issn_links/portality/templates/email/publisher_application_received.jinja2#L2
ScriptTagDetected:Email,portality/templates/email/script_tag_detected.jinja2#L2,https://github.com/DOAJ/doaj/blob/feature/3529_issn_links/portality/templates/email/script_tag_detected.jinja2#L2
PublisherUpdateRequestRevisionsRequired:Email,portality/templates/email/publisher_update_request_revisions.jinja2#L2,https://github.com/DOAJ/doaj/blob/feature/3529_issn_links/portality/templates/email/publisher_update_request_revisions.jinja2#L2
AdminArticleMetadata:Page,portality/templates/admin/article_metadata.html#L1,https://github.com/DOAJ/doaj/blob/feature/3529_issn_links/portality/templates/admin/article_metadata.html#L1
AdminNotificationsSearch:Page,portality/templates/admin/global_notifications_search.html#L2,https://github.com/DOAJ/doaj/blob/feature/3529_issn_links/portality/templates/admin/global_notifications_search.html#L2
AuthNZ:Exception,portality/bll/exceptions.py#L6,https://github.com/DOAJ/doaj/blob/feature/3529_issn_links/portality/bll/exceptions.py#L6
ArticleIngest:Exception,portality/bll/exceptions.py#L100,https://github.com/DOAJ/doaj/blob/feature/3529_issn_links/portality/bll/exceptions.py#L100
DOAJ:Service,portality/bll/doaj.py#L1,https://github.com/DOAJ/doaj/blob/feature/3529_issn_links/portality/bll/doaj.py#L1
Notifications:Service,portality/bll/services/notifications.py#L1,https://github.com/DOAJ/doaj/blob/feature/3529_issn_links/portality/bll/services/notifications.py#L1
TopNotifications:Query,portality/bll/services/notifications.py#L76,https://github.com/DOAJ/doaj/blob/feature/3529_issn_links/portality/bll/services/notifications.py#L76
Notifications:Query,portality/bll/services/notifications.py#L97,https://github.com/DOAJ/doaj/blob/feature/3529_issn_links/portality/bll/services/notifications.py#L97
AuthNZ:Service,portality/bll/services/authorisation.py#L8,https://github.com/DOAJ/doaj/blob/feature/3529_issn_links/portality/bll/services/authorisation.py#L8
Query:Service,portality/bll/services/query.py#L12,https://github.com/DOAJ/doaj/blob/feature/3529_issn_links/portality/bll/services/query.py#L12
Query:Query,portality/bll/services/query.py#L158,https://github.com/DOAJ/doaj/blob/feature/3529_issn_links/portality/bll/services/query.py#L158
Sitemap:Feature,portality/bll/services/site.py#L43,https://github.com/DOAJ/doaj/blob/feature/3529_issn_links/portality/bll/services/site.py#L43
Todo:Service,portality/bll/services/todo.py#L8,https://github.com/DOAJ/doaj/blob/feature/3529_issn_links/portality/bll/services/todo.py#L8
Todo:Query,portality/bll/services/todo.py#L204,https://github.com/DOAJ/doaj/blob/feature/3529_issn_links/portality/bll/services/todo.py#L204
GroupStats:Query,portality/bll/services/todo.py#L279,https://github.com/DOAJ/doaj/blob/feature/3529_issn_links/portality/bll/services/todo.py#L279
Journal:Service,portality/bll/services/journal.py#L21,https://github.com/DOAJ/doaj/blob/feature/3529_issn_links/portality/bll/services/journal.py#L21
AdminJournalCSV:Feature,portality/bll/services/journal.py#L168,https://github.com/DOAJ/doaj/blob/feature/3529_issn_links/portality/bll/services/journal.py#L168
JournalCSV:Feature,portality/bll/services/journal.py#L244; portality/bll/services/journal.py#L254,https://github.com/DOAJ/doaj/blob/feature/3529_issn_links/portality/bll/services/journal.py#L244; https://github.com/DOAJ/doaj/blob/feature/3529_issn_links/portality/bll/services/journal.py#L254
Application:Service,portality/bll/services/application.py#L15,https://github.com/DOAJ/doaj/blob/feature/3529_issn_links/portality/bll/services/application.py#L15
Article:Service,portality/bll/services/article.py#L12,https://github.com/DOAJ/doaj/blob/feature/3529_issn_links/portality/bll/services/article.py#L12
ArticleBatchCreate:Feature,portality/bll/services/article.py#L61,https://github.com/DOAJ/doaj/blob/feature/3529_issn_links/portality/bll/services/article.py#L61
ArticleCreate:Feature,portality/bll/services/article.py#L221,https://github.com/DOAJ/doaj/blob/feature/3529_issn_links/portality/bll/services/article.py#L221
AdminJournalCSV:CLI,portality/scripts/admin_journalcsv.py#L1,https://github.com/DOAJ/doaj/blob/feature/3529_issn_links/portality/scripts/admin_journalcsv.py#L1
Sitemap:Script,portality/scripts/sitemap.py#L3,https://github.com/DOAJ/doaj/blob/feature/3529_issn_links/portality/scripts/sitemap.py#L3
JournalUpdateByCSV:Script,portality/scripts/journals_update_via_csv.py#L2,https://github.com/DOAJ/doaj/blob/feature/3529_issn_links/portality/scripts/journals_update_via_csv.py#L2
JournalUpdateByCSV:Feature,portality/scripts/journals_update_via_csv.py#L118,https://github.com/DOAJ/doaj/blob/feature/3529_issn_links/portality/scripts/journals_update_via_csv.py#L118
MarkNotificationsSeen:Script,portality/scripts/mark_notifications_seen.py#L1,https://github.com/DOAJ/doaj/blob/feature/3529_issn_links/portality/scripts/mark_notifications_seen.py#L1
Harvester:Feature,portality/scripts/harvest.py#L2,https://github.com/DOAJ/doaj/blob/feature/3529_issn_links/portality/scripts/harvest.py#L2
AccountCreatedEmail:Consumer,portality/events/consumers/account_created_email.py#L1,https://github.com/DOAJ/doaj/blob/feature/3529_issn_links/portality/events/consumers/account_created_email.py#L1
JournalEditorGroupAssignedNotify:Consumer,portality/events/consumers/journal_editor_group_assigned_notify.py#L1,https://github.com/DOAJ/doaj/blob/feature/3529_issn_links/portality/events/consumers/journal_editor_group_assigned_notify.py#L1
ApplicationAssedInProgressNotify:Consumer,portality/events/consumers/application_assed_inprogress_notify.py#L1,https://github.com/DOAJ/doaj/blob/feature/3529_issn_links/portality/events/consumers/application_assed_inprogress_notify.py#L1
UpdateRequestPublisherAcceptedNotify:Consumer,portality/events/consumers/update_request_publisher_accepted_notify.py#L1,https://github.com/DOAJ/doaj/blob/feature/3529_issn_links/portality/events/consumers/update_request_publisher_accepted_notify.py#L1
UpdateRequestPublisherAssignedNotify:Consumer,portality/events/consumers/update_request_publisher_assigned_notify.py#L1,https://github.com/DOAJ/doaj/blob/feature/3529_issn_links/portality/events/consumers/update_request_publisher_assigned_notify.py#L1
ApplicationPublisherRevisionNotify:Consumer,portality/events/consumers/application_publisher_revision_notify.py#L1,https://github.com/DOAJ/doaj/blob/feature/3529_issn_links/portality/events/consumers/application_publisher_revision_notify.py#L1
JournalAssedAssignedNotify:Consumer,portality/events/consumers/journal_assed_assigned_notify.py#L1,https://github.com/DOAJ/doaj/blob/feature/3529_issn_links/portality/events/consumers/journal_assed_assigned_notify.py#L1
ApplicationEditorCompletedNotify:Consumer,portality/events/consumers/application_editor_completed_notify.py#L1,https://github.com/DOAJ/doaj/blob/feature/3529_issn_links/portality/events/consumers/application_editor_completed_notify.py#L1
ApplicationPublisherAcceptedNotify:Consumer,portality/events/consumers/application_publisher_accepted_notify.py#L1,https://github.com/DOAJ/doaj/blob/feature/3529_issn_links/portality/events/consumers/application_publisher_accepted_notify.py#L1
ApplicationPublisherQuickRejectNotify:Consumer,portality/events/consumers/application_publisher_quickreject_notify.py#L1,https://github.com/DOAJ/doaj/blob/feature/3529_issn_links/portality/events/consumers/application_publisher_quickreject_notify.py#L1
UpdateRequestPublisherRejectedNotify:Consumer,portality/events/consumers/update_request_publisher_rejected_notify.py#L1,https://github.com/DOAJ/doaj/blob/feature/3529_issn_links/portality/events/consumers/update_request_publisher_rejected_notify.py#L1
ApplicationPublisherInProgressNotify:Consumer,portality/events/consumers/application_publisher_inprogress_notify.py#L1,https://github.com/DOAJ/doaj/blob/feature/3529_issn_links/portality/events/consumers/application_publisher_inprogress_notify.py#L1
AccountPasswordResetEmail:Consumer,portality/events/consumers/account_passwordreset_email.py#L1,https://github.com/DOAJ/doaj/blob/feature/3529_issn_links/portality/events/consumers/account_passwordreset_email.py#L1
ApplicationPublisherCreatedNotify:Notifications,portality/events/consumers/application_publisher_created_notify.py#L1,https://github.com/DOAJ/doaj/blob/feature/3529_issn_links/portality/events/consumers/application_publisher_created_notify.py#L1
ApplicationEditorInProgressNotify:Consumer,portality/events/consumers/application_editor_inprogress_notify.py#L1,https://github.com/DOAJ/doaj/blob/feature/3529_issn_links/portality/events/consumers/application_editor_inprogress_notify.py#L1
ApplicationPublisherAssignedNotify:Consumer,portality/events/consumers/application_publisher_assigned_notify.py#L1,https://github.com/DOAJ/doaj/blob/feature/3529_issn_links/portality/events/consumers/application_publisher_assigned_notify.py#L1
ApplicatioditorGroupAssignedNotify:Consumer,portality/events/consumers/application_editor_group_assigned_notify.py#L1,https://github.com/DOAJ/doaj/blob/feature/3529_issn_links/portality/events/consumers/application_editor_group_assigned_notify.py#L1
BGJobFinishedNotifiy:Consumer,portality/events/consumers/bg_job_finished_notify.py#L1,https://github.com/DOAJ/doaj/blob/feature/3529_issn_links/portality/events/consumers/bg_job_finished_notify.py#L1
ApplicationAssedAssignedNotify:Consumer,portality/events/consumers/application_assed_assigned_notify.py#L1,https://github.com/DOAJ/doaj/blob/feature/3529_issn_links/portality/events/consumers/application_assed_assigned_notify.py#L1
ApplicationManedReadyNotify:Consumer,portality/events/consumers/application_maned_ready_notify.py#L1,https://github.com/DOAJ/doaj/blob/feature/3529_issn_links/portality/events/consumers/application_maned_ready_notify.py#L1
Harvester:BackgroundTask,portality/tasks/harvester.py#L44,https://github.com/DOAJ/doaj/blob/feature/3529_issn_links/portality/tasks/harvester.py#L44
PreservationException:Exception,portality/tasks/preservation.py#L25,https://github.com/DOAJ/doaj/blob/feature/3529_issn_links/portality/tasks/preservation.py#L25
ArticlePackage:Feature,portality/tasks/preservation.py#L38,https://github.com/DOAJ/doaj/blob/feature/3529_issn_links/portality/tasks/preservation.py#L38
PreservationBackground:Feature,portality/tasks/preservation.py#L191,https://github.com/DOAJ/doaj/blob/feature/3529_issn_links/portality/tasks/preservation.py#L191
CSVReader:Feature,portality/tasks/preservation.py#L405,https://github.com/DOAJ/doaj/blob/feature/3529_issn_links/portality/tasks/preservation.py#L405
Preservation:Feature,portality/tasks/preservation.py#L442,https://github.com/DOAJ/doaj/blob/feature/3529_issn_links/portality/tasks/preservation.py#L442
PreservationPackage:Feature,portality/tasks/preservation.py#L676,https://github.com/DOAJ/doaj/blob/feature/3529_issn_links/portality/tasks/preservation.py#L676
SetInDOAJBackgroundTask:Process,portality/tasks/journal_in_out_doaj.py#L41,https://github.com/DOAJ/doaj/blob/feature/3529_issn_links/portality/tasks/journal_in_out_doaj.py#L41
Sitemap:BackgroundTask,portality/tasks/sitemap.py#L11,https://github.com/DOAJ/doaj/blob/feature/3529_issn_links/portality/tasks/sitemap.py#L11
JournalBulkDelete:Task,portality/tasks/journal_bulk_delete.py#L36,https://github.com/DOAJ/doaj/blob/feature/3529_issn_links/portality/tasks/journal_bulk_delete.py#L36
AnonExport:Feature,portality/tasks/anon_export.py#L150; data_import_settings/README.md#L15,https://github.com/DOAJ/doaj/blob/feature/3529_issn_links/portality/tasks/anon_export.py#L150; https://github.com/DOAJ/doaj/blob/feature/3529_issn_links/data_import_settings/README.md#L15
GeneratedDocsIndex:Script,docs/index.sh#L3,https://github.com/DOAJ/doaj/blob/feature/3529_issn_links/docs/index.sh#L3
DataModels:Script,docs/data_models.sh#L4,https://github.com/DOAJ/doaj/blob/feature/3529_issn_links/docs/data_models.sh#L4
Testbook:Script,docs/testbook.sh#L12,https://github.com/DOAJ/doaj/blob/feature/3529_issn_links/docs/testbook.sh#L12
FeatureMap:Script,docs/featuremap.sh#L12,https://github.com/DOAJ/doaj/blob/feature/3529_issn_links/docs/featuremap.sh#L12
Forms:Script,docs/forms.sh#L3,https://github.com/DOAJ/doaj/blob/feature/3529_issn_links/docs/forms.sh#L3
TestCoverage:Script,docs/coverage.sh#L8,https://github.com/DOAJ/doaj/blob/feature/3529_issn_links/docs/coverage.sh#L8
FieldDescriptions:Documentation,docs/data_models/README.md#L3,https://github.com/DOAJ/doaj/blob/feature/3529_issn_links/docs/data_models/README.md#L3
OpenURL:Documentation,docs/system/OPENURL.md#L3,https://github.com/DOAJ/doaj/blob/feature/3529_issn_links/docs/system/OPENURL.md#L3
AWS:Documentation,docs/system/AWS.md#L3,https://github.com/DOAJ/doaj/blob/feature/3529_issn_links/docs/system/AWS.md#L3
AuthNZ:Documentation,docs/system/AUTHNZ.md#L3,https://github.com/DOAJ/doaj/blob/feature/3529_issn_links/docs/system/AUTHNZ.md#L3
API:Documentation,docs/system/API.md#L3,https://github.com/DOAJ/doaj/blob/feature/3529_issn_links/docs/system/API.md#L3
Install:Documentation,docs/system/INSTALL.md#L3,https://github.com/DOAJ/doaj/blob/feature/3529_issn_links/docs/system/INSTALL.md#L3
S3:Documentation,docs/system/S3.md#L3,https://github.com/DOAJ/doaj/blob/feature/3529_issn_links/docs/system/S3.md#L3
Continuations:FunctionalTest,doajtest/testbook/continuations/continuations.yml#L1,https://github.com/DOAJ/doaj/blob/feature/3529_issn_links/doajtest/testbook/continuations/continuations.yml#L1
ArticlesPreservation:FunctionalTest,doajtest/testbook/articles_preservation/user_test_script.yml#L1,https://github.com/DOAJ/doaj/blob/feature/3529_issn_links/doajtest/testbook/articles_preservation/user_test_script.yml#L1
AssociateJournalsSearch:FunctionalTest,doajtest/testbook/associate_search/journals.yml#L1,https://github.com/DOAJ/doaj/blob/feature/3529_issn_links/doajtest/testbook/associate_search/journals.yml#L1
AssociateApplicationsSearch:FunctionalTest,doajtest/testbook/associate_search/applications.yml#L1,https://github.com/DOAJ/doaj/blob/feature/3529_issn_links/doajtest/testbook/associate_search/applications.yml#L1
Dashboard:FunctionalTest,doajtest/testbook/dashboard/editorial_group_status.yml#L1,https://github.com/DOAJ/doaj/blob/feature/3529_issn_links/doajtest/testbook/dashboard/editorial_group_status.yml#L1
AdminJournalsSearch:FunctionalTest,doajtest/testbook/administrative_search/journals.yml#L1,https://github.com/DOAJ/doaj/blob/feature/3529_issn_links/doajtest/testbook/administrative_search/journals.yml#L1
BackgroundJobsSearch:FunctionalTest,doajtest/testbook/administrative_search/background_jobs.yml#L1,https://github.com/DOAJ/doaj/blob/feature/3529_issn_links/doajtest/testbook/administrative_search/background_jobs.yml#L1
AdminJournalsArticlesSearch:FunctionalTest,doajtest/testbook/administrative_search/journals_and_articles_(admin).yml#L1,https://github.com/DOAJ/doaj/blob/feature/3529_issn_links/doajtest/testbook/administrative_search/journals_and_articles_(admin).yml#L1
AdminApplicationsUpdateRequestsSearch:FunctionalTest,doajtest/testbook/administrative_search/applications_update_requests.yml#L1,https://github.com/DOAJ/doaj/blob/feature/3529_issn_links/doajtest/testbook/administrative_search/applications_update_requests.yml#L1
AdminUserSearch:FunctionalTest,doajtest/testbook/administrative_search/users.yml#L1,https://github.com/DOAJ/doaj/blob/feature/3529_issn_links/doajtest/testbook/administrative_search/users.yml#L1
EditorGroupsSearch:FunctionalTest,doajtest/testbook/administrative_search/editor_groups.yml#L1,https://github.com/DOAJ/doaj/blob/feature/3529_issn_links/doajtest/testbook/administrative_search/editor_groups.yml#L1
AssociateJournalForm:FunctionalTest,doajtest/testbook/journal_form/associate_form.yml#L1,https://github.com/DOAJ/doaj/blob/feature/3529_issn_links/doajtest/testbook/journal_form/associate_form.yml#L1
ManEdJournalForm:FunctionalTest,doajtest/testbook/journal_form/maned_form.yml#L1,https://github.com/DOAJ/doaj/blob/feature/3529_issn_links/doajtest/testbook/journal_form/maned_form.yml#L1
EditorJournalForm:FunctionalTest,doajtest/testbook/journal_form/editor_form.yml#L1,https://github.com/DOAJ/doaj/blob/feature/3529_issn_links/doajtest/testbook/journal_form/editor_form.yml#L1
EditorJournalsSearch:FunctionalTest,doajtest/testbook/editor_search/journals.yml#L1,https://github.com/DOAJ/doaj/blob/feature/3529_issn_links/doajtest/testbook/editor_search/journals.yml#L1
EditorApplicationsSearch:FunctionalTest,doajtest/testbook/editor_search/applications.yml#L1,https://github.com/DOAJ/doaj/blob/feature/3529_issn_links/doajtest/testbook/editor_search/applications.yml#L1
AdminArticleMetadata:FunctionalTest,doajtest/testbook/admin_article_metadata_form/admin_article_metadata_form.yml#L1,https://github.com/DOAJ/doaj/blob/feature/3529_issn_links/doajtest/testbook/admin_article_metadata_form/admin_article_metadata_form.yml#L1
PublisherApplicationForm:FunctionalTest,doajtest/testbook/new_application_form/publishers_form.yml#L1,https://github.com/DOAJ/doaj/blob/feature/3529_issn_links/doajtest/testbook/new_application_form/publishers_form.yml#L1
AssociateApplicationForm:FunctionalTest,doajtest/testbook/new_application_form/associate_editor_form.yml#L1,https://github.com/DOAJ/doaj/blob/feature/3529_issn_links/doajtest/testbook/new_application_form/associate_editor_form.yml#L1
ManEdApplicationForm:FunctionalTest,doajtest/testbook/new_application_form/maned_form.yml#L1,https://github.com/DOAJ/doaj/blob/feature/3529_issn_links/doajtest/testbook/new_application_form/maned_form.yml#L1
EditorApplicationForm:FunctionalTest,doajtest/testbook/new_application_form/editor_form.yml#L1,https://github.com/DOAJ/doaj/blob/feature/3529_issn_links/doajtest/testbook/new_application_form/editor_form.yml#L1
ApplicationStateChange:FunctionalTest,doajtest/testbook/application_state_change/application_state_change.yml#L1,https://github.com/DOAJ/doaj/blob/feature/3529_issn_links/doajtest/testbook/application_state_change/application_state_change.yml#L1
UpdateRequestRejection:FunctionalTest,doajtest/testbook/application_state_change/update_request_rejection.yml#L1,https://github.com/DOAJ/doaj/blob/feature/3529_issn_links/doajtest/testbook/application_state_change/update_request_rejection.yml#L1
CrossrefUplaod:FunctionalTest,doajtest/testbook/article_xml_upload/crossref-4.4.2.yml#L1,https://github.com/DOAJ/doaj/blob/feature/3529_issn_links/doajtest/testbook/article_xml_upload/crossref-4.4.2.yml#L1
DOAJArticleXMLUpload:FunctionalTest,doajtest/testbook/article_xml_upload/article_doaj_xml_upload.yml#L1,https://github.com/DOAJ/doaj/blob/feature/3529_issn_links/doajtest/testbook/article_xml_upload/article_doaj_xml_upload.yml#L1
CrossrefUpload:FunctionalTest,doajtest/testbook/article_xml_upload/crossref-5.3.1.yml#L1,https://github.com/DOAJ/doaj/blob/feature/3529_issn_links/doajtest/testbook/article_xml_upload/crossref-5.3.1.yml#L1
JournalsArticlesBulkEdit:FunctionalTest,doajtest/testbook/bulk_edit/journals_articles.yml#L1,https://github.com/DOAJ/doaj/blob/feature/3529_issn_links/doajtest/testbook/bulk_edit/journals_articles.yml#L1
ApplicationsBulkEdit:FunctionalTest,doajtest/testbook/bulk_edit/applications.yml#L1,https://github.com/DOAJ/doaj/blob/feature/3529_issn_links/doajtest/testbook/bulk_edit/applications.yml#L1
ArticleMetadataUploadForm:FunctionalTest,doajtest/testbook/article_metadata_upload_form/article_metadata_upload_form.yml#L1,https://github.com/DOAJ/doaj/blob/feature/3529_issn_links/doajtest/testbook/article_metadata_upload_form/article_metadata_upload_form.yml#L1
Crossref442XML:Fixture,doajtest/fixtures/article_crossref.py#L11,https://github.com/DOAJ/doaj/blob/feature/3529_issn_links/doajtest/fixtures/article_crossref.py#L11
Crossref531XML:Fixture,doajtest/fixtures/article_crossref.py#L138,https://github.com/DOAJ/doaj/blob/feature/3529_issn_links/doajtest/fixtures/article_crossref.py#L138
Notifications:FunctionalTest,doajtest/functional/make_notifications.py#L1,https://github.com/DOAJ/doaj/blob/feature/3529_issn_links/doajtest/functional/make_notifications.py#L1
