DOAJ:Documentation,./README.md#L2,https://github.com/DOAJ/doaj/blob/feature/3176_editorial_todo--maned/./README.md#L2
LCCXML:Data,./lccSubjects.xml#L1,https://github.com/DOAJ/doaj/blob/feature/3176_editorial_todo--maned/./lccSubjects.xml#L1
CMS:DataStore,./cms/README.md#L3,https://github.com/DOAJ/doaj/blob/feature/3176_editorial_todo--maned/./cms/README.md#L3
CMS:Documentation,./cms/README.md#L4; ./cms/test-page.html#L2,https://github.com/DOAJ/doaj/blob/feature/3176_editorial_todo--maned/./cms/README.md#L4; https://github.com/DOAJ/doaj/blob/feature/3176_editorial_todo--maned/./cms/test-page.html#L2
About:Fragment,./cms/pages/about/index.md#L7,https://github.com/DOAJ/doaj/blob/feature/3176_editorial_todo--maned/./cms/pages/about/index.md#L7
AdvisoryBoardCouncil:Fragment,./cms/pages/about/advisory-board-council.md#L7,https://github.com/DOAJ/doaj/blob/feature/3176_editorial_todo--maned/./cms/pages/about/advisory-board-council.md#L7
EditorialSubcommittee:Fragment,./cms/pages/about/editorial-subcommittee.md#L8,https://github.com/DOAJ/doaj/blob/feature/3176_editorial_todo--maned/./cms/pages/about/editorial-subcommittee.md#L8
Team:Fragment,./cms/pages/about/team.md#L7,https://github.com/DOAJ/doaj/blob/feature/3176_editorial_todo--maned/./cms/pages/about/team.md#L7
Volunteers:Fragment,./cms/pages/about/volunteers.md#L8,https://github.com/DOAJ/doaj/blob/feature/3176_editorial_todo--maned/./cms/pages/about/volunteers.md#L8
Ambassadors:Fragment,./cms/pages/about/ambassadors.md#L8,https://github.com/DOAJ/doaj/blob/feature/3176_editorial_todo--maned/./cms/pages/about/ambassadors.md#L8
SupportThanks:Fragment,./cms/pages/support/thank-you.md#L5,https://github.com/DOAJ/doaj/blob/feature/3176_editorial_todo--maned/./cms/pages/support/thank-you.md#L5
Support:Fragment,./cms/pages/support/index.md#L9,https://github.com/DOAJ/doaj/blob/feature/3176_editorial_todo--maned/./cms/pages/support/index.md#L9
Sponsors:Fragment,./cms/pages/support/sponsors.md#L8,https://github.com/DOAJ/doaj/blob/feature/3176_editorial_todo--maned/./cms/pages/support/sponsors.md#L8
Supporters:Fragment,./cms/pages/support/supporters.md#L6,https://github.com/DOAJ/doaj/blob/feature/3176_editorial_todo--maned/./cms/pages/support/supporters.md#L6
PublisherSupporters:Fragment,./cms/pages/support/publisher-supporters.md#L9,https://github.com/DOAJ/doaj/blob/feature/3176_editorial_todo--maned/./cms/pages/support/publisher-supporters.md#L9
ApplicationThanks:Fragment,./cms/pages/apply/thank-you.md#L6,https://github.com/DOAJ/doaj/blob/feature/3176_editorial_todo--maned/./cms/pages/apply/thank-you.md#L6
Seal:Fragment,./cms/pages/apply/seal.md#L7,https://github.com/DOAJ/doaj/blob/feature/3176_editorial_todo--maned/./cms/pages/apply/seal.md#L7
WhyIndex:Fragment,./cms/pages/apply/why-index.md#L7,https://github.com/DOAJ/doaj/blob/feature/3176_editorial_todo--maned/./cms/pages/apply/why-index.md#L7
Transparency:Fragment,./cms/pages/apply/transparency.md#L7,https://github.com/DOAJ/doaj/blob/feature/3176_editorial_todo--maned/./cms/pages/apply/transparency.md#L7
DraftSaved:Fragment,./cms/pages/apply/draft_saved.md#L5,https://github.com/DOAJ/doaj/blob/feature/3176_editorial_todo--maned/./cms/pages/apply/draft_saved.md#L5
GuideToApplying:Fragment,./cms/pages/apply/guide.md#L7,https://github.com/DOAJ/doaj/blob/feature/3176_editorial_todo--maned/./cms/pages/apply/guide.md#L7
Preservation:Fragment,./cms/pages/preservation/index.md#L7,https://github.com/DOAJ/doaj/blob/feature/3176_editorial_todo--maned/./cms/pages/preservation/index.md#L7
Widgets:Fragment,./cms/pages/docs/widgets.md#L8,https://github.com/DOAJ/doaj/blob/feature/3176_editorial_todo--maned/./cms/pages/docs/widgets.md#L8
PublicDataDump:Fragment,./cms/pages/docs/public-data-dump.md#L8,https://github.com/DOAJ/doaj/blob/feature/3176_editorial_todo--maned/./cms/pages/docs/public-data-dump.md#L8
OAIPMH:Fragment,./cms/pages/docs/oai-pmh.md#L8,https://github.com/DOAJ/doaj/blob/feature/3176_editorial_todo--maned/./cms/pages/docs/oai-pmh.md#L8
XML:Fragment,./cms/pages/docs/xml.md#L7,https://github.com/DOAJ/doaj/blob/feature/3176_editorial_todo--maned/./cms/pages/docs/xml.md#L7
OpenURL:Fragment,./cms/pages/docs/openurl.md#L7,https://github.com/DOAJ/doaj/blob/feature/3176_editorial_todo--maned/./cms/pages/docs/openurl.md#L7
FAQ:Fragment,./cms/pages/docs/faq.md#L7,https://github.com/DOAJ/doaj/blob/feature/3176_editorial_todo--maned/./cms/pages/docs/faq.md#L7
Terms:Fragment,./cms/pages/legal/terms.md#L7,https://github.com/DOAJ/doaj/blob/feature/3176_editorial_todo--maned/./cms/pages/legal/terms.md#L7
ContactUs:Fragment,./cms/pages/legal/contact.md#L6,https://github.com/DOAJ/doaj/blob/feature/3176_editorial_todo--maned/./cms/pages/legal/contact.md#L6
Accessibility:Fragment,./cms/pages/legal/accessibility.md#L6,https://github.com/DOAJ/doaj/blob/feature/3176_editorial_todo--maned/./cms/pages/legal/accessibility.md#L6
Privacy:Fragment,./cms/pages/legal/privacy.md#L7,https://github.com/DOAJ/doaj/blob/feature/3176_editorial_todo--maned/./cms/pages/legal/privacy.md#L7
Media:Fragment,./cms/pages/legal/media.md#L6,https://github.com/DOAJ/doaj/blob/feature/3176_editorial_todo--maned/./cms/pages/legal/media.md#L6
Promo:Data,./cms/data/promo.yml#L9,https://github.com/DOAJ/doaj/blob/feature/3176_editorial_todo--maned/./cms/data/promo.yml#L9
Volunteers:Data,./cms/data/volunteers.yml#L3,https://github.com/DOAJ/doaj/blob/feature/3176_editorial_todo--maned/./cms/data/volunteers.yml#L3
Navigation:Data,./cms/data/nav.yml#L1,https://github.com/DOAJ/doaj/blob/feature/3176_editorial_todo--maned/./cms/data/nav.yml#L1
Supporters:Data,./cms/data/supporters.yml#L2,https://github.com/DOAJ/doaj/blob/feature/3176_editorial_todo--maned/./cms/data/supporters.yml#L2
AdvisoryBoardCouncil:Data,./cms/data/advisory-board-council.yml#L2,https://github.com/DOAJ/doaj/blob/feature/3176_editorial_todo--maned/./cms/data/advisory-board-council.yml#L2
Ambassadors:Data,./cms/data/ambassadors.yml#L2,https://github.com/DOAJ/doaj/blob/feature/3176_editorial_todo--maned/./cms/data/ambassadors.yml#L2
EditorialSubCommittee:Data,./cms/data/editorial-subcommittee.yml#L1,https://github.com/DOAJ/doaj/blob/feature/3176_editorial_todo--maned/./cms/data/editorial-subcommittee.yml#L1
PublisherSupporters:Data,./cms/data/publisher-supporters.yml#L1,https://github.com/DOAJ/doaj/blob/feature/3176_editorial_todo--maned/./cms/data/publisher-supporters.yml#L1
Team:Data,./cms/data/team.yml#L2,https://github.com/DOAJ/doaj/blob/feature/3176_editorial_todo--maned/./cms/data/team.yml#L2
Sponsors:Data,./cms/data/sponsors.yml#L2,https://github.com/DOAJ/doaj/blob/feature/3176_editorial_todo--maned/./cms/data/sponsors.yml#L2
GeneratedDocsIndex:Script,./docs/index.sh#L3,https://github.com/DOAJ/doaj/blob/feature/3176_editorial_todo--maned/./docs/index.sh#L3
FeatureMap:Script,./docs/featuremap.sh#L12,https://github.com/DOAJ/doaj/blob/feature/3176_editorial_todo--maned/./docs/featuremap.sh#L12
Forms:Script,./docs/forms.sh#L3,https://github.com/DOAJ/doaj/blob/feature/3176_editorial_todo--maned/./docs/forms.sh#L3
DataModels:Script,./docs/data_models.sh#L4,https://github.com/DOAJ/doaj/blob/feature/3176_editorial_todo--maned/./docs/data_models.sh#L4
TestCoverage:Script,./docs/coverage.sh#L8,https://github.com/DOAJ/doaj/blob/feature/3176_editorial_todo--maned/./docs/coverage.sh#L8
FieldDescriptions:Documentation,./docs/data_models/README.md#L3,https://github.com/DOAJ/doaj/blob/feature/3176_editorial_todo--maned/./docs/data_models/README.md#L3
S3:Documentation,./docs/system/S3.md#L3,https://github.com/DOAJ/doaj/blob/feature/3176_editorial_todo--maned/./docs/system/S3.md#L3
OpenURL:Documentation,./docs/system/OPENURL.md#L3,https://github.com/DOAJ/doaj/blob/feature/3176_editorial_todo--maned/./docs/system/OPENURL.md#L3
AuthNZ:Documentation,./docs/system/AUTHNZ.md#L3,https://github.com/DOAJ/doaj/blob/feature/3176_editorial_todo--maned/./docs/system/AUTHNZ.md#L3
Install:Documentation,./docs/system/INSTALL.md#L3,https://github.com/DOAJ/doaj/blob/feature/3176_editorial_todo--maned/./docs/system/INSTALL.md#L3
API:Documentation,./docs/system/API.md#L3,https://github.com/DOAJ/doaj/blob/feature/3176_editorial_todo--maned/./docs/system/API.md#L3
AWS:Documentation,./docs/system/AWS.md#L3,https://github.com/DOAJ/doaj/blob/feature/3176_editorial_todo--maned/./docs/system/AWS.md#L3
Swagger:Feature,./portality/decorators.py#L15,https://github.com/DOAJ/doaj/blob/feature/3176_editorial_todo--maned/./portality/decorators.py#L15
APIKey:Feature,./portality/decorators.py#L29; ./portality/decorators.py#L48,https://github.com/DOAJ/doaj/blob/feature/3176_editorial_todo--maned/./portality/decorators.py#L29; https://github.com/DOAJ/doaj/blob/feature/3176_editorial_todo--maned/./portality/decorators.py#L48
SSLRequired:Feature,./portality/decorators.py#L70,https://github.com/DOAJ/doaj/blob/feature/3176_editorial_todo--maned/./portality/decorators.py#L70
Authorisation:Feature,./portality/decorators.py#L88,https://github.com/DOAJ/doaj/blob/feature/3176_editorial_todo--maned/./portality/decorators.py#L88
ReadOnlyMode:Feature,./portality/decorators.py#L103,https://github.com/DOAJ/doaj/blob/feature/3176_editorial_todo--maned/./portality/decorators.py#L103
CaptureSigterm:Feature,./portality/decorators.py#L140,https://github.com/DOAJ/doaj/blob/feature/3176_editorial_todo--maned/./portality/decorators.py#L140
LCC:Data,./portality/lcc.py#L2,https://github.com/DOAJ/doaj/blob/feature/3176_editorial_todo--maned/./portality/lcc.py#L2
DOAJ:WebApp,./portality/app.py#L10,https://github.com/DOAJ/doaj/blob/feature/3176_editorial_todo--maned/./portality/app.py#L10
Lock:Feature,./portality/lock.py#L2,https://github.com/DOAJ/doaj/blob/feature/3176_editorial_todo--maned/./portality/lock.py#L2
Lock:Query,./portality/lock.py#L176,https://github.com/DOAJ/doaj/blob/feature/3176_editorial_todo--maned/./portality/lock.py#L176
Constants:Config,./portality/constants.py#L1,https://github.com/DOAJ/doaj/blob/feature/3176_editorial_todo--maned/./portality/constants.py#L1
LoginManager:Feature,./portality/core.py#L26,https://github.com/DOAJ/doaj/blob/feature/3176_editorial_todo--maned/./portality/core.py#L26
CreateApp:Framework,./portality/core.py#L37,https://github.com/DOAJ/doaj/blob/feature/3176_editorial_todo--maned/./portality/core.py#L37
CrossrefXML:Feature,./portality/core.py#L135,https://github.com/DOAJ/doaj/blob/feature/3176_editorial_todo--maned/./portality/core.py#L135
ElasticConnection:Framework,./portality/core.py#L156,https://github.com/DOAJ/doaj/blob/feature/3176_editorial_todo--maned/./portality/core.py#L156
InitialiseIndex:Framework,./portality/core.py#L212,https://github.com/DOAJ/doaj/blob/feature/3176_editorial_todo--maned/./portality/core.py#L212
APM:Feature,./portality/core.py#L240,https://github.com/DOAJ/doaj/blob/feature/3176_editorial_todo--maned/./portality/core.py#L240
ProxyFix:Framework,./portality/core.py#L255,https://github.com/DOAJ/doaj/blob/feature/3176_editorial_todo--maned/./portality/core.py#L255
CMS:Build,./portality/core.py#L312,https://github.com/DOAJ/doaj/blob/feature/3176_editorial_todo--maned/./portality/core.py#L312
ErrorHandler:Feature,./portality/error_handler.py#L46,https://github.com/DOAJ/doaj/blob/feature/3176_editorial_todo--maned/./portality/error_handler.py#L46
Email:Library,./portality/app_email.py#L1,https://github.com/DOAJ/doaj/blob/feature/3176_editorial_todo--maned/./portality/app_email.py#L1
DOI:Regex,./portality/regex.py#L3,https://github.com/DOAJ/doaj/blob/feature/3176_editorial_todo--maned/./portality/regex.py#L3
ORCID:Regex,./portality/regex.py#L7,https://github.com/DOAJ/doaj/blob/feature/3176_editorial_todo--maned/./portality/regex.py#L7
ISSN:Regex,./portality/regex.py#L11,https://github.com/DOAJ/doaj/blob/feature/3176_editorial_todo--maned/./portality/regex.py#L11
Date:Regex,./portality/regex.py#L15,https://github.com/DOAJ/doaj/blob/feature/3176_editorial_todo--maned/./portality/regex.py#L15
URL:Regex,./portality/regex.py#L19,https://github.com/DOAJ/doaj/blob/feature/3176_editorial_todo--maned/./portality/regex.py#L19
AuthNZ:Feature,./portality/authorise.py#L5,https://github.com/DOAJ/doaj/blob/feature/3176_editorial_todo--maned/./portality/authorise.py#L5
FileStore:Feature,./portality/store.py#L35,https://github.com/DOAJ/doaj/blob/feature/3176_editorial_todo--maned/./portality/store.py#L35
FileStoreS3:Feature,./portality/store.py#L66,https://github.com/DOAJ/doaj/blob/feature/3176_editorial_todo--maned/./portality/store.py#L66
AppSettings:Config,./portality/settings.py#L2,https://github.com/DOAJ/doaj/blob/feature/3176_editorial_todo--maned/./portality/settings.py#L2
DomainObject:Model,./portality/dao.py#L44,https://github.com/DOAJ/doaj/blob/feature/3176_editorial_todo--maned/./portality/dao.py#L44
SearchURLGenerator:Feature,./portality/dao.py#L944,https://github.com/DOAJ/doaj/blob/feature/3176_editorial_todo--maned/./portality/dao.py#L944
Migrations:Framework,./portality/upgrade.py#L2,https://github.com/DOAJ/doaj/blob/feature/3176_editorial_todo--maned/./portality/upgrade.py#L2
Elasticsearch:Technology,./portality/util.py#L131,https://github.com/DOAJ/doaj/blob/feature/3176_editorial_todo--maned/./portality/util.py#L131
ReCAPTCHA:ExternalService,./portality/util.py#L140,https://github.com/DOAJ/doaj/blob/feature/3176_editorial_todo--maned/./portality/util.py#L140
DataSets:Data,./portality/datasets.py#L2,https://github.com/DOAJ/doaj/blob/feature/3176_editorial_todo--maned/./portality/datasets.py#L2
Countries:Data,./portality/datasets.py#L12,https://github.com/DOAJ/doaj/blob/feature/3176_editorial_todo--maned/./portality/datasets.py#L12
Currencies:Data,./portality/datasets.py#L28,https://github.com/DOAJ/doaj/blob/feature/3176_editorial_todo--maned/./portality/datasets.py#L28
Languages:Data,./portality/datasets.py#L45,https://github.com/DOAJ/doaj/blob/feature/3176_editorial_todo--maned/./portality/datasets.py#L45
BackgroundTasks:Feature,./portality/background.py#L31,https://github.com/DOAJ/doaj/blob/feature/3176_editorial_todo--maned/./portality/background.py#L31
BackgroundTask:Process,./portality/background.py#L119,https://github.com/DOAJ/doaj/blob/feature/3176_editorial_todo--maned/./portality/background.py#L119
AdminBackgroundTask:Process,./portality/background.py#L182,https://github.com/DOAJ/doaj/blob/feature/3176_editorial_todo--maned/./portality/background.py#L182
CMSBuildFragments:Script,./portality/cms/build_fragments.py#L1,https://github.com/DOAJ/doaj/blob/feature/3176_editorial_todo--maned/./portality/cms/build_fragments.py#L1
CMSBuildSASS:Script,./portality/cms/build_sass.py#L3,https://github.com/DOAJ/doaj/blob/feature/3176_editorial_todo--maned/./portality/cms/build_sass.py#L3
API:Feature,./portality/api/__init__.py#L1; ./portality/api/common.py#L1,https://github.com/DOAJ/doaj/blob/feature/3176_editorial_todo--maned/./portality/api/__init__.py#L1; https://github.com/DOAJ/doaj/blob/feature/3176_editorial_todo--maned/./portality/api/common.py#L1
APISearch:Feature,./portality/api/current/discovery.py#L1,https://github.com/DOAJ/doaj/blob/feature/3176_editorial_todo--maned/./portality/api/current/discovery.py#L1
Search:Query,./portality/api/current/discovery.py#L335,https://github.com/DOAJ/doaj/blob/feature/3176_editorial_todo--maned/./portality/api/current/discovery.py#L335
APICrudJournals:Feature,./portality/api/current/crud/journals.py#L1,https://github.com/DOAJ/doaj/blob/feature/3176_editorial_todo--maned/./portality/api/current/crud/journals.py#L1
APICrudApplications:Feature,./portality/api/current/crud/applications.py#L1,https://github.com/DOAJ/doaj/blob/feature/3176_editorial_todo--maned/./portality/api/current/crud/applications.py#L1
APICrud:Feature,./portality/api/current/crud/__init__.py#L1,https://github.com/DOAJ/doaj/blob/feature/3176_editorial_todo--maned/./portality/api/current/crud/__init__.py#L1
APICrudArticles:Feature,./portality/api/current/crud/articles.py#L1,https://github.com/DOAJ/doaj/blob/feature/3176_editorial_todo--maned/./portality/api/current/crud/articles.py#L1
APIOutgoingCommonJournalApplication:Model,./portality/api/current/data_objects/common_journal_application.py#L11,https://github.com/DOAJ/doaj/blob/feature/3176_editorial_todo--maned/./portality/api/current/data_objects/common_journal_application.py#L11
APIIncomingApplication:Model,./portality/api/current/data_objects/application.py#L114,https://github.com/DOAJ/doaj/blob/feature/3176_editorial_todo--maned/./portality/api/current/data_objects/application.py#L114
APIOutgoingApplication:Model,./portality/api/current/data_objects/application.py#L354,https://github.com/DOAJ/doaj/blob/feature/3176_editorial_todo--maned/./portality/api/current/data_objects/application.py#L354
APIOutgoingJournal:Model,./portality/api/current/data_objects/journal.py#L31,https://github.com/DOAJ/doaj/blob/feature/3176_editorial_todo--maned/./portality/api/current/data_objects/journal.py#L31
APIIncomingArticle:Model,./portality/api/current/data_objects/article.py#L159,https://github.com/DOAJ/doaj/blob/feature/3176_editorial_todo--maned/./portality/api/current/data_objects/article.py#L159
APIOutgoingArticle:Model,./portality/api/current/data_objects/article.py#L280,https://github.com/DOAJ/doaj/blob/feature/3176_editorial_todo--maned/./portality/api/current/data_objects/article.py#L280
APIBulkApplications:Feature,./portality/api/current/bulk/applications.py#L1,https://github.com/DOAJ/doaj/blob/feature/3176_editorial_todo--maned/./portality/api/current/bulk/applications.py#L1
APIBulk:Feature,./portality/api/current/bulk/__init__.py#L1,https://github.com/DOAJ/doaj/blob/feature/3176_editorial_todo--maned/./portality/api/current/bulk/__init__.py#L1
APIBulkArticles:Feature,./portality/api/current/bulk/articles.py#L1,https://github.com/DOAJ/doaj/blob/feature/3176_editorial_todo--maned/./portality/api/current/bulk/articles.py#L1
News:Model,./portality/models/news.py#L7,https://github.com/DOAJ/doaj/blob/feature/3176_editorial_todo--maned/./portality/models/news.py#L7
News:Query,./portality/models/news.py#L64,https://github.com/DOAJ/doaj/blob/feature/3176_editorial_todo--maned/./portality/models/news.py#L64
Preservation:Model,./portality/models/preservation.py#L7,https://github.com/DOAJ/doaj/blob/feature/3176_editorial_todo--maned/./portality/models/preservation.py#L7
BackgroundJob:Model,./portality/models/background.py#L8,https://github.com/DOAJ/doaj/blob/feature/3176_editorial_todo--maned/./portality/models/background.py#L8
ActiveBackgroundJob:Query,./portality/models/background.py#L183,https://github.com/DOAJ/doaj/blob/feature/3176_editorial_todo--maned/./portality/models/background.py#L183
AuthNZ:Exception,./portality/bll/exceptions.py#L6,https://github.com/DOAJ/doaj/blob/feature/3176_editorial_todo--maned/./portality/bll/exceptions.py#L6
ArticleIngest:Exception,./portality/bll/exceptions.py#L93,https://github.com/DOAJ/doaj/blob/feature/3176_editorial_todo--maned/./portality/bll/exceptions.py#L93
DOAJ:Service,./portality/bll/doaj.py#L1,https://github.com/DOAJ/doaj/blob/feature/3176_editorial_todo--maned/./portality/bll/doaj.py#L1
AuthNZ:Service,./portality/bll/services/authorisation.py#L8,https://github.com/DOAJ/doaj/blob/feature/3176_editorial_todo--maned/./portality/bll/services/authorisation.py#L8
Sitemap:Feature,./portality/bll/services/site.py#L16,https://github.com/DOAJ/doaj/blob/feature/3176_editorial_todo--maned/./portality/bll/services/site.py#L16
Application:Service,./portality/bll/services/application.py#L15,https://github.com/DOAJ/doaj/blob/feature/3176_editorial_todo--maned/./portality/bll/services/application.py#L15
Journal:Service,./portality/bll/services/journal.py#L19,https://github.com/DOAJ/doaj/blob/feature/3176_editorial_todo--maned/./portality/bll/services/journal.py#L19
AdminJournalCSV:Feature,./portality/bll/services/journal.py#L165,https://github.com/DOAJ/doaj/blob/feature/3176_editorial_todo--maned/./portality/bll/services/journal.py#L165
JournalCSV:Feature,./portality/bll/services/journal.py#L227; ./portality/bll/services/journal.py#L237,https://github.com/DOAJ/doaj/blob/feature/3176_editorial_todo--maned/./portality/bll/services/journal.py#L227; https://github.com/DOAJ/doaj/blob/feature/3176_editorial_todo--maned/./portality/bll/services/journal.py#L237
Query:Service,./portality/bll/services/query.py#L12,https://github.com/DOAJ/doaj/blob/feature/3176_editorial_todo--maned/./portality/bll/services/query.py#L12
Query:Query,./portality/bll/services/query.py#L158,https://github.com/DOAJ/doaj/blob/feature/3176_editorial_todo--maned/./portality/bll/services/query.py#L158
Todo:Service,./portality/bll/services/todo.py#L8,https://github.com/DOAJ/doaj/blob/feature/3176_editorial_todo--maned/./portality/bll/services/todo.py#L8
Todo:Query,./portality/bll/services/todo.py#L144,https://github.com/DOAJ/doaj/blob/feature/3176_editorial_todo--maned/./portality/bll/services/todo.py#L144
Article:Service,./portality/bll/services/article.py#L11,https://github.com/DOAJ/doaj/blob/feature/3176_editorial_todo--maned/./portality/bll/services/article.py#L11
ArticleBatchCreate:Feature,./portality/bll/services/article.py#L60,https://github.com/DOAJ/doaj/blob/feature/3176_editorial_todo--maned/./portality/bll/services/article.py#L60
ArticleCreate:Feature,./portality/bll/services/article.py#L215,https://github.com/DOAJ/doaj/blob/feature/3176_editorial_todo--maned/./portality/bll/services/article.py#L215
Email:Notifications,./portality/notifications/application_emails.py#L1,https://github.com/DOAJ/doaj/blob/feature/3176_editorial_todo--maned/./portality/notifications/application_emails.py#L1
DontLeave:Feature,./portality/static/js/dontleave.js#L1,https://github.com/DOAJ/doaj/blob/feature/3176_editorial_todo--maned/./portality/static/js/dontleave.js#L1
Sitemap:BackgroundTask,./portality/tasks/sitemap.py#L13,https://github.com/DOAJ/doaj/blob/feature/3176_editorial_todo--maned/./portality/tasks/sitemap.py#L13
PreservationException:Exception,./portality/tasks/preservation.py#L26,https://github.com/DOAJ/doaj/blob/feature/3176_editorial_todo--maned/./portality/tasks/preservation.py#L26
ArticlePackage:Feature,./portality/tasks/preservation.py#L39,https://github.com/DOAJ/doaj/blob/feature/3176_editorial_todo--maned/./portality/tasks/preservation.py#L39
PreservationBackground:Feature,./portality/tasks/preservation.py#L191,https://github.com/DOAJ/doaj/blob/feature/3176_editorial_todo--maned/./portality/tasks/preservation.py#L191
CSVReader:Feature,./portality/tasks/preservation.py#L407,https://github.com/DOAJ/doaj/blob/feature/3176_editorial_todo--maned/./portality/tasks/preservation.py#L407
Preservation:Feature,./portality/tasks/preservation.py#L444,https://github.com/DOAJ/doaj/blob/feature/3176_editorial_todo--maned/./portality/tasks/preservation.py#L444
PreservationPackage:Feature,./portality/tasks/preservation.py#L678,https://github.com/DOAJ/doaj/blob/feature/3176_editorial_todo--maned/./portality/tasks/preservation.py#L678
Harvester:BackgroundTask,./portality/tasks/harvester.py#L45,https://github.com/DOAJ/doaj/blob/feature/3176_editorial_todo--maned/./portality/tasks/harvester.py#L45
ApplicationForm:Feature,./portality/forms/application_forms.py#L2,https://github.com/DOAJ/doaj/blob/feature/3176_editorial_todo--maned/./portality/forms/application_forms.py#L2
BOAI:FormField,./portality/forms/application_forms.py#L67,https://github.com/DOAJ/doaj/blob/feature/3176_editorial_todo--maned/./portality/forms/application_forms.py#L67
OAStatementURL:FormField,./portality/forms/application_forms.py#L103,https://github.com/DOAJ/doaj/blob/feature/3176_editorial_todo--maned/./portality/forms/application_forms.py#L103
Title:FormField,./portality/forms/application_forms.py#L136,https://github.com/DOAJ/doaj/blob/feature/3176_editorial_todo--maned/./portality/forms/application_forms.py#L136
AlternativeTitle:FormField,./portality/forms/application_forms.py#L170,https://github.com/DOAJ/doaj/blob/feature/3176_editorial_todo--maned/./portality/forms/application_forms.py#L170
JournalURL:FormField,./portality/forms/application_forms.py#L193,https://github.com/DOAJ/doaj/blob/feature/3176_editorial_todo--maned/./portality/forms/application_forms.py#L193
PISSN:FormField,./portality/forms/application_forms.py#L220,https://github.com/DOAJ/doaj/blob/feature/3176_editorial_todo--maned/./portality/forms/application_forms.py#L220
EISSN:FormField,./portality/forms/application_forms.py#L290,https://github.com/DOAJ/doaj/blob/feature/3176_editorial_todo--maned/./portality/forms/application_forms.py#L290
Keywords:FormField,./portality/forms/application_forms.py#L365,https://github.com/DOAJ/doaj/blob/feature/3176_editorial_todo--maned/./portality/forms/application_forms.py#L365
Language:FormField,./portality/forms/application_forms.py#L396,https://github.com/DOAJ/doaj/blob/feature/3176_editorial_todo--maned/./portality/forms/application_forms.py#L396
PublisherName:FormField,./portality/forms/application_forms.py#L422,https://github.com/DOAJ/doaj/blob/feature/3176_editorial_todo--maned/./portality/forms/application_forms.py#L422
PublisherCountry:FormField,./portality/forms/application_forms.py#L445,https://github.com/DOAJ/doaj/blob/feature/3176_editorial_todo--maned/./portality/forms/application_forms.py#L445
InstitutionName:FormField,./portality/forms/application_forms.py#L476,https://github.com/DOAJ/doaj/blob/feature/3176_editorial_todo--maned/./portality/forms/application_forms.py#L476
InstitutionCountry:FormField,./portality/forms/application_forms.py#L496,https://github.com/DOAJ/doaj/blob/feature/3176_editorial_todo--maned/./portality/forms/application_forms.py#L496
License:FormField,./portality/forms/application_forms.py#L516,https://github.com/DOAJ/doaj/blob/feature/3176_editorial_todo--maned/./portality/forms/application_forms.py#L516
LicenseAttributes:FormField,./portality/forms/application_forms.py#L563,https://github.com/DOAJ/doaj/blob/feature/3176_editorial_todo--maned/./portality/forms/application_forms.py#L563
LicenseTermsURL:FormField,./portality/forms/application_forms.py#L583,https://github.com/DOAJ/doaj/blob/feature/3176_editorial_todo--maned/./portality/forms/application_forms.py#L583
LicenseDisplay:FormField,./portality/forms/application_forms.py#L604,https://github.com/DOAJ/doaj/blob/feature/3176_editorial_todo--maned/./portality/forms/application_forms.py#L604
LicenseDisplayExampleUrl:FormField,./portality/forms/application_forms.py#L625,https://github.com/DOAJ/doaj/blob/feature/3176_editorial_todo--maned/./portality/forms/application_forms.py#L625
CopyrightAuthorRetails:FormField,./portality/forms/application_forms.py#L652,https://github.com/DOAJ/doaj/blob/feature/3176_editorial_todo--maned/./portality/forms/application_forms.py#L652
CopyrightURL:FormField,./portality/forms/application_forms.py#L676,https://github.com/DOAJ/doaj/blob/feature/3176_editorial_todo--maned/./portality/forms/application_forms.py#L676
ReviewProcess:FormField,./portality/forms/application_forms.py#L709,https://github.com/DOAJ/doaj/blob/feature/3176_editorial_todo--maned/./portality/forms/application_forms.py#L709
ReviewProcessOther:FormField,./portality/forms/application_forms.py#L736,https://github.com/DOAJ/doaj/blob/feature/3176_editorial_todo--maned/./portality/forms/application_forms.py#L736
ReviewURL:FormField,./portality/forms/application_forms.py#L761,https://github.com/DOAJ/doaj/blob/feature/3176_editorial_todo--maned/./portality/forms/application_forms.py#L761
OAStart:FormField,./portality/forms/application_forms.py#L781,https://github.com/DOAJ/doaj/blob/feature/3176_editorial_todo--maned/./portality/forms/application_forms.py#L781
PlagiarismDetection:FormField,./portality/forms/application_forms.py#L803,https://github.com/DOAJ/doaj/blob/feature/3176_editorial_todo--maned/./portality/forms/application_forms.py#L803
PlagiarismURL:FormField,./portality/forms/application_forms.py#L823,https://github.com/DOAJ/doaj/blob/feature/3176_editorial_todo--maned/./portality/forms/application_forms.py#L823
AimsScopeURL:FormField,./portality/forms/application_forms.py#L852,https://github.com/DOAJ/doaj/blob/feature/3176_editorial_todo--maned/./portality/forms/application_forms.py#L852
EditorialBoardURL:FormField,./portality/forms/application_forms.py#L871,https://github.com/DOAJ/doaj/blob/feature/3176_editorial_todo--maned/./portality/forms/application_forms.py#L871
AuthorInstructionsURL:FormField,./portality/forms/application_forms.py#L890,https://github.com/DOAJ/doaj/blob/feature/3176_editorial_todo--maned/./portality/forms/application_forms.py#L890
PublicationTimeWeeks:FormField,./portality/forms/application_forms.py#L909,https://github.com/DOAJ/doaj/blob/feature/3176_editorial_todo--maned/./portality/forms/application_forms.py#L909
APC:FormField,./portality/forms/application_forms.py#L928,https://github.com/DOAJ/doaj/blob/feature/3176_editorial_todo--maned/./portality/forms/application_forms.py#L928
APCCharges:FormField,./portality/forms/application_forms.py#L949,https://github.com/DOAJ/doaj/blob/feature/3176_editorial_todo--maned/./portality/forms/application_forms.py#L949
APCCurrency:FormField,./portality/forms/application_forms.py#L978,https://github.com/DOAJ/doaj/blob/feature/3176_editorial_todo--maned/./portality/forms/application_forms.py#L978
APCMax:FormField,./portality/forms/application_forms.py#L1005,https://github.com/DOAJ/doaj/blob/feature/3176_editorial_todo--maned/./portality/forms/application_forms.py#L1005
APCURL:FormField,./portality/forms/application_forms.py#L1028,https://github.com/DOAJ/doaj/blob/feature/3176_editorial_todo--maned/./portality/forms/application_forms.py#L1028
HasWaiver:FormField,./portality/forms/application_forms.py#L1051,https://github.com/DOAJ/doaj/blob/feature/3176_editorial_todo--maned/./portality/forms/application_forms.py#L1051
WaiverURL:FormField,./portality/forms/application_forms.py#L1074,https://github.com/DOAJ/doaj/blob/feature/3176_editorial_todo--maned/./portality/forms/application_forms.py#L1074
HasOtherCharges:FormField,./portality/forms/application_forms.py#L1103,https://github.com/DOAJ/doaj/blob/feature/3176_editorial_todo--maned/./portality/forms/application_forms.py#L1103
OtherChargesURL:FormField,./portality/forms/application_forms.py#L1123,https://github.com/DOAJ/doaj/blob/feature/3176_editorial_todo--maned/./portality/forms/application_forms.py#L1123
PreservationService:FormField,./portality/forms/application_forms.py#L1151,https://github.com/DOAJ/doaj/blob/feature/3176_editorial_todo--maned/./portality/forms/application_forms.py#L1151
PreservationServiceLibrary:FormField,./portality/forms/application_forms.py#L1182,https://github.com/DOAJ/doaj/blob/feature/3176_editorial_todo--maned/./portality/forms/application_forms.py#L1182
PreservationServiceOther:FormField,./portality/forms/application_forms.py#L1215,https://github.com/DOAJ/doaj/blob/feature/3176_editorial_todo--maned/./portality/forms/application_forms.py#L1215
PreservationServiceURL:FormField,./portality/forms/application_forms.py#L1237,https://github.com/DOAJ/doaj/blob/feature/3176_editorial_todo--maned/./portality/forms/application_forms.py#L1237
DepositPolicy:FormField,./portality/forms/application_forms.py#L1284,https://github.com/DOAJ/doaj/blob/feature/3176_editorial_todo--maned/./portality/forms/application_forms.py#L1284
DepositPolicyOther:FormField,./portality/forms/application_forms.py#L1314,https://github.com/DOAJ/doaj/blob/feature/3176_editorial_todo--maned/./portality/forms/application_forms.py#L1314
DepositPolicyURL:FormField,./portality/forms/application_forms.py#L1336,https://github.com/DOAJ/doaj/blob/feature/3176_editorial_todo--maned/./portality/forms/application_forms.py#L1336
PersistentIdentifiers:FormField,./portality/forms/application_forms.py#L1396,https://github.com/DOAJ/doaj/blob/feature/3176_editorial_todo--maned/./portality/forms/application_forms.py#L1396
PersistentIdentifiersOther:FormField,./portality/forms/application_forms.py#L1421,https://github.com/DOAJ/doaj/blob/feature/3176_editorial_todo--maned/./portality/forms/application_forms.py#L1421
Orcids:FormField,./portality/forms/application_forms.py#L1443,https://github.com/DOAJ/doaj/blob/feature/3176_editorial_todo--maned/./portality/forms/application_forms.py#L1443
OpenCitations:FormField,./portality/forms/application_forms.py#L1471,https://github.com/DOAJ/doaj/blob/feature/3176_editorial_todo--maned/./portality/forms/application_forms.py#L1471
DOAJSeal:FormField,./portality/forms/application_forms.py#L1501,https://github.com/DOAJ/doaj/blob/feature/3176_editorial_todo--maned/./portality/forms/application_forms.py#L1501
QuickReject:FormField,./portality/forms/application_forms.py#L1531,https://github.com/DOAJ/doaj/blob/feature/3176_editorial_todo--maned/./portality/forms/application_forms.py#L1531
QuickRejectDetails:FormField,./portality/forms/application_forms.py#L1539,https://github.com/DOAJ/doaj/blob/feature/3176_editorial_todo--maned/./portality/forms/application_forms.py#L1539
Owner:FormField,./portality/forms/application_forms.py#L1553,https://github.com/DOAJ/doaj/blob/feature/3176_editorial_todo--maned/./portality/forms/application_forms.py#L1553
ApplicationStatus:FormField,./portality/forms/application_forms.py#L1577,https://github.com/DOAJ/doaj/blob/feature/3176_editorial_todo--maned/./portality/forms/application_forms.py#L1577
EditorGroup:FormField,./portality/forms/application_forms.py#L1615,https://github.com/DOAJ/doaj/blob/feature/3176_editorial_todo--maned/./portality/forms/application_forms.py#L1615
Editor:FormField,./portality/forms/application_forms.py#L1636,https://github.com/DOAJ/doaj/blob/feature/3176_editorial_todo--maned/./portality/forms/application_forms.py#L1636
DiscontinuedDate:FormField,./portality/forms/application_forms.py#L1651,https://github.com/DOAJ/doaj/blob/feature/3176_editorial_todo--maned/./portality/forms/application_forms.py#L1651
Continues:FormField,./portality/forms/application_forms.py#L1675,https://github.com/DOAJ/doaj/blob/feature/3176_editorial_todo--maned/./portality/forms/application_forms.py#L1675
ContinuedBy:FormField,./portality/forms/application_forms.py#L1698,https://github.com/DOAJ/doaj/blob/feature/3176_editorial_todo--maned/./portality/forms/application_forms.py#L1698
Subject:FormField,./portality/forms/application_forms.py#L1721,https://github.com/DOAJ/doaj/blob/feature/3176_editorial_todo--maned/./portality/forms/application_forms.py#L1721
Notes:FormField,./portality/forms/application_forms.py#L1758,https://github.com/DOAJ/doaj/blob/feature/3176_editorial_todo--maned/./portality/forms/application_forms.py#L1758
Note:FormField,./portality/forms/application_forms.py#L1789,https://github.com/DOAJ/doaj/blob/feature/3176_editorial_todo--maned/./portality/forms/application_forms.py#L1789
NoteDate:FormField,./portality/forms/application_forms.py#L1798,https://github.com/DOAJ/doaj/blob/feature/3176_editorial_todo--maned/./portality/forms/application_forms.py#L1798
NoteID:FormField,./portality/forms/application_forms.py#L1807,https://github.com/DOAJ/doaj/blob/feature/3176_editorial_todo--maned/./portality/forms/application_forms.py#L1807
OptionalValidation:FormField,./portality/forms/application_forms.py#L1815,https://github.com/DOAJ/doaj/blob/feature/3176_editorial_todo--maned/./portality/forms/application_forms.py#L1815
BulkDOAJSeal:FormField,./portality/forms/application_forms.py#L1826,https://github.com/DOAJ/doaj/blob/feature/3176_editorial_todo--maned/./portality/forms/application_forms.py#L1826
BasicCompliance:FieldSet,./portality/forms/application_forms.py#L1845,https://github.com/DOAJ/doaj/blob/feature/3176_editorial_todo--maned/./portality/forms/application_forms.py#L1845
AboutJournal:FieldSet,./portality/forms/application_forms.py#L1856,https://github.com/DOAJ/doaj/blob/feature/3176_editorial_todo--maned/./portality/forms/application_forms.py#L1856
Publisher:FieldSet,./portality/forms/application_forms.py#L1871,https://github.com/DOAJ/doaj/blob/feature/3176_editorial_todo--maned/./portality/forms/application_forms.py#L1871
Institution:FieldSet,./portality/forms/application_forms.py#L1881,https://github.com/DOAJ/doaj/blob/feature/3176_editorial_todo--maned/./portality/forms/application_forms.py#L1881
Licensing:FieldSet,./portality/forms/application_forms.py#L1891,https://github.com/DOAJ/doaj/blob/feature/3176_editorial_todo--maned/./portality/forms/application_forms.py#L1891
EmbeddedLicense:FieldSet,./portality/forms/application_forms.py#L1902,https://github.com/DOAJ/doaj/blob/feature/3176_editorial_todo--maned/./portality/forms/application_forms.py#L1902
Copyright:FieldSet,./portality/forms/application_forms.py#L1912,https://github.com/DOAJ/doaj/blob/feature/3176_editorial_todo--maned/./portality/forms/application_forms.py#L1912
PeerReview:FieldSet,./portality/forms/application_forms.py#L1922,https://github.com/DOAJ/doaj/blob/feature/3176_editorial_todo--maned/./portality/forms/application_forms.py#L1922
Plagiarism:FieldSet,./portality/forms/application_forms.py#L1933,https://github.com/DOAJ/doaj/blob/feature/3176_editorial_todo--maned/./portality/forms/application_forms.py#L1933
Editorial:FieldSet,./portality/forms/application_forms.py#L1943,https://github.com/DOAJ/doaj/blob/feature/3176_editorial_todo--maned/./portality/forms/application_forms.py#L1943
APC:FieldSet,./portality/forms/application_forms.py#L1955,https://github.com/DOAJ/doaj/blob/feature/3176_editorial_todo--maned/./portality/forms/application_forms.py#L1955
Waivers:FieldSet,./portality/forms/application_forms.py#L1968,https://github.com/DOAJ/doaj/blob/feature/3176_editorial_todo--maned/./portality/forms/application_forms.py#L1968
OtherFees:FieldSet,./portality/forms/application_forms.py#L1978,https://github.com/DOAJ/doaj/blob/feature/3176_editorial_todo--maned/./portality/forms/application_forms.py#L1978
ArchivingPolicy:FieldSet,./portality/forms/application_forms.py#L1988,https://github.com/DOAJ/doaj/blob/feature/3176_editorial_todo--maned/./portality/forms/application_forms.py#L1988
RepositoryPolicy:FieldSet,./portality/forms/application_forms.py#L2000,https://github.com/DOAJ/doaj/blob/feature/3176_editorial_todo--maned/./portality/forms/application_forms.py#L2000
UniqueIdentifiers:FieldSet,./portality/forms/application_forms.py#L2011,https://github.com/DOAJ/doaj/blob/feature/3176_editorial_todo--maned/./portality/forms/application_forms.py#L2011
Seal:FieldSet,./portality/forms/application_forms.py#L2023,https://github.com/DOAJ/doaj/blob/feature/3176_editorial_todo--maned/./portality/forms/application_forms.py#L2023
QuickReject:FieldSet,./portality/forms/application_forms.py#L2032,https://github.com/DOAJ/doaj/blob/feature/3176_editorial_todo--maned/./portality/forms/application_forms.py#L2032
Reassign:FieldSet,./portality/forms/application_forms.py#L2043,https://github.com/DOAJ/doaj/blob/feature/3176_editorial_todo--maned/./portality/forms/application_forms.py#L2043
Status:FieldSet,./portality/forms/application_forms.py#L2052,https://github.com/DOAJ/doaj/blob/feature/3176_editorial_todo--maned/./portality/forms/application_forms.py#L2052
Reviewers:FieldSet,./portality/forms/application_forms.py#L2061,https://github.com/DOAJ/doaj/blob/feature/3176_editorial_todo--maned/./portality/forms/application_forms.py#L2061
Continuations:FieldSet,./portality/forms/application_forms.py#L2071,https://github.com/DOAJ/doaj/blob/feature/3176_editorial_todo--maned/./portality/forms/application_forms.py#L2071
Subject:FieldSet,./portality/forms/application_forms.py#L2083,https://github.com/DOAJ/doaj/blob/feature/3176_editorial_todo--maned/./portality/forms/application_forms.py#L2083
Notes:FieldSet,./portality/forms/application_forms.py#L2092,https://github.com/DOAJ/doaj/blob/feature/3176_editorial_todo--maned/./portality/forms/application_forms.py#L2092
OptionalValidation:FieldSet,./portality/forms/application_forms.py#L2104,https://github.com/DOAJ/doaj/blob/feature/3176_editorial_todo--maned/./portality/forms/application_forms.py#L2104
BulkEdit:FieldSet,./portality/forms/application_forms.py#L2113,https://github.com/DOAJ/doaj/blob/feature/3176_editorial_todo--maned/./portality/forms/application_forms.py#L2113
NewApplication:FormContext,./portality/forms/application_forms.py#L2132,https://github.com/DOAJ/doaj/blob/feature/3176_editorial_todo--maned/./portality/forms/application_forms.py#L2132
UpdateRequest:FormContext,./portality/forms/application_forms.py#L2167,https://github.com/DOAJ/doaj/blob/feature/3176_editorial_todo--maned/./portality/forms/application_forms.py#L2167
ReadOnlyApplication:FormContext,./portality/forms/application_forms.py#L2175,https://github.com/DOAJ/doaj/blob/feature/3176_editorial_todo--maned/./portality/forms/application_forms.py#L2175
AssociateEditorApplication:FormContext,./portality/forms/application_forms.py#L2182,https://github.com/DOAJ/doaj/blob/feature/3176_editorial_todo--maned/./portality/forms/application_forms.py#L2182
EditorApplication:FormContext,./portality/forms/application_forms.py#L2195,https://github.com/DOAJ/doaj/blob/feature/3176_editorial_todo--maned/./portality/forms/application_forms.py#L2195
ManEdApplication:FormContext,./portality/forms/application_forms.py#L2209,https://github.com/DOAJ/doaj/blob/feature/3176_editorial_todo--maned/./portality/forms/application_forms.py#L2209
ReadOnlyJournal:FormContext,./portality/forms/application_forms.py#L2229,https://github.com/DOAJ/doaj/blob/feature/3176_editorial_todo--maned/./portality/forms/application_forms.py#L2229
AssEditorJournal:FormContext,./portality/forms/application_forms.py#L2264,https://github.com/DOAJ/doaj/blob/feature/3176_editorial_todo--maned/./portality/forms/application_forms.py#L2264
EditorJournal:FormContext,./portality/forms/application_forms.py#L2276,https://github.com/DOAJ/doaj/blob/feature/3176_editorial_todo--maned/./portality/forms/application_forms.py#L2276
ManEdJournal:FormContext,./portality/forms/application_forms.py#L2287,https://github.com/DOAJ/doaj/blob/feature/3176_editorial_todo--maned/./portality/forms/application_forms.py#L2287
BulkEditJournal:FormContext,./portality/forms/application_forms.py#L2301,https://github.com/DOAJ/doaj/blob/feature/3176_editorial_todo--maned/./portality/forms/application_forms.py#L2301
ApplicationStatus:Workflow,./portality/forms/application_forms.py#L2391,https://github.com/DOAJ/doaj/blob/feature/3176_editorial_todo--maned/./portality/forms/application_forms.py#L2391
ReservedUsernames:FormValidator,./portality/forms/application_forms.py#L2498; ./portality/forms/validate.py#L235,https://github.com/DOAJ/doaj/blob/feature/3176_editorial_todo--maned/./portality/forms/application_forms.py#L2498; https://github.com/DOAJ/doaj/blob/feature/3176_editorial_todo--maned/./portality/forms/validate.py#L235
OwnerExists:FormValidator,./portality/forms/application_forms.py#L2511; ./portality/forms/validate.py#L260,https://github.com/DOAJ/doaj/blob/feature/3176_editorial_todo--maned/./portality/forms/application_forms.py#L2511; https://github.com/DOAJ/doaj/blob/feature/3176_editorial_todo--maned/./portality/forms/validate.py#L260
Required:FormValidator,./portality/forms/application_forms.py#L2524,https://github.com/DOAJ/doaj/blob/feature/3176_editorial_todo--maned/./portality/forms/application_forms.py#L2524
IsURL:FormValidator,./portality/forms/application_forms.py#L2541,https://github.com/DOAJ/doaj/blob/feature/3176_editorial_todo--maned/./portality/forms/application_forms.py#L2541
IntRange:FormValidator,./portality/forms/application_forms.py#L2558,https://github.com/DOAJ/doaj/blob/feature/3176_editorial_todo--maned/./portality/forms/application_forms.py#L2558
MaxLen:FormValidator,./portality/forms/application_forms.py#L2591; ./portality/forms/validate.py#L150,https://github.com/DOAJ/doaj/blob/feature/3176_editorial_todo--maned/./portality/forms/application_forms.py#L2591; https://github.com/DOAJ/doaj/blob/feature/3176_editorial_todo--maned/./portality/forms/validate.py#L150
StopWords:FormValidator,./portality/forms/application_forms.py#L2602; ./portality/forms/validate.py#L318,https://github.com/DOAJ/doaj/blob/feature/3176_editorial_todo--maned/./portality/forms/application_forms.py#L2602; https://github.com/DOAJ/doaj/blob/feature/3176_editorial_todo--maned/./portality/forms/validate.py#L318
ISSNInPublicDOAJ:FormValidator,./portality/forms/application_forms.py#L2612; ./portality/forms/validate.py#L286,https://github.com/DOAJ/doaj/blob/feature/3176_editorial_todo--maned/./portality/forms/application_forms.py#L2612; https://github.com/DOAJ/doaj/blob/feature/3176_editorial_todo--maned/./portality/forms/validate.py#L286
JournalURLInPublicDOAJ:FormValidator,./portality/forms/application_forms.py#L2625; ./portality/forms/validate.py#L302,https://github.com/DOAJ/doaj/blob/feature/3176_editorial_todo--maned/./portality/forms/application_forms.py#L2625; https://github.com/DOAJ/doaj/blob/feature/3176_editorial_todo--maned/./portality/forms/validate.py#L302
OptionalIf:FormValidator,./portality/forms/application_forms.py#L2652; ./portality/forms/validate.py#L66,https://github.com/DOAJ/doaj/blob/feature/3176_editorial_todo--maned/./portality/forms/application_forms.py#L2652; https://github.com/DOAJ/doaj/blob/feature/3176_editorial_todo--maned/./portality/forms/validate.py#L66
IsISSN:FormValidator,./portality/forms/application_forms.py#L2665,https://github.com/DOAJ/doaj/blob/feature/3176_editorial_todo--maned/./portality/forms/application_forms.py#L2665
IsISSNList:FormValidator,./portality/forms/application_forms.py#L2678,https://github.com/DOAJ/doaj/blob/feature/3176_editorial_todo--maned/./portality/forms/application_forms.py#L2678
DifferentTo:FormValidator,./portality/forms/application_forms.py#L2689; ./portality/forms/validate.py#L334,https://github.com/DOAJ/doaj/blob/feature/3176_editorial_todo--maned/./portality/forms/application_forms.py#L2689; https://github.com/DOAJ/doaj/blob/feature/3176_editorial_todo--maned/./portality/forms/validate.py#L334
RequiredIf:FormValidator,./portality/forms/application_forms.py#L2700,https://github.com/DOAJ/doaj/blob/feature/3176_editorial_todo--maned/./portality/forms/application_forms.py#L2700
OnlyIf:FormValidator,./portality/forms/application_forms.py#L2721; ./portality/forms/validate.py#L404,https://github.com/DOAJ/doaj/blob/feature/3176_editorial_todo--maned/./portality/forms/application_forms.py#L2721; https://github.com/DOAJ/doaj/blob/feature/3176_editorial_todo--maned/./portality/forms/validate.py#L404
NotIf:FormValidator,./portality/forms/application_forms.py#L2740; ./portality/forms/validate.py#L452,https://github.com/DOAJ/doaj/blob/feature/3176_editorial_todo--maned/./portality/forms/application_forms.py#L2740; https://github.com/DOAJ/doaj/blob/feature/3176_editorial_todo--maned/./portality/forms/validate.py#L452
GroupMember:FormValidator,./portality/forms/application_forms.py#L2753; ./portality/forms/validate.py#L490,https://github.com/DOAJ/doaj/blob/feature/3176_editorial_todo--maned/./portality/forms/application_forms.py#L2753; https://github.com/DOAJ/doaj/blob/feature/3176_editorial_todo--maned/./portality/forms/validate.py#L490
RequiredValue:FormValidator,./portality/forms/application_forms.py#L2765; ./portality/forms/validate.py#L518,https://github.com/DOAJ/doaj/blob/feature/3176_editorial_todo--maned/./portality/forms/application_forms.py#L2765; https://github.com/DOAJ/doaj/blob/feature/3176_editorial_todo--maned/./portality/forms/validate.py#L518
BigEndDate:FormValidator,./portality/forms/application_forms.py#L2776; ./portality/forms/validate.py#L533,https://github.com/DOAJ/doaj/blob/feature/3176_editorial_todo--maned/./portality/forms/application_forms.py#L2776; https://github.com/DOAJ/doaj/blob/feature/3176_editorial_todo--maned/./portality/forms/validate.py#L533
NewApplication:FormProcessor,./portality/forms/application_processors.py#L202,https://github.com/DOAJ/doaj/blob/feature/3176_editorial_todo--maned/./portality/forms/application_processors.py#L202
ManEdApplication:FormProcessor,./portality/forms/application_processors.py#L274,https://github.com/DOAJ/doaj/blob/feature/3176_editorial_todo--maned/./portality/forms/application_processors.py#L274
EditorApplication:FormProcessor,./portality/forms/application_processors.py#L528,https://github.com/DOAJ/doaj/blob/feature/3176_editorial_todo--maned/./portality/forms/application_processors.py#L528
AssEdApplication:FormProcessor,./portality/forms/application_processors.py#L662,https://github.com/DOAJ/doaj/blob/feature/3176_editorial_todo--maned/./portality/forms/application_processors.py#L662
PublisherUpdateRequest:FormProcessor,./portality/forms/application_processors.py#L738,https://github.com/DOAJ/doaj/blob/feature/3176_editorial_todo--maned/./portality/forms/application_processors.py#L738
PublisherUpdateRequestReadOnly:FormProcessor,./portality/forms/application_processors.py#L847,https://github.com/DOAJ/doaj/blob/feature/3176_editorial_todo--maned/./portality/forms/application_processors.py#L847
ManEdJournal:FormProcessor,./portality/forms/application_processors.py#L863,https://github.com/DOAJ/doaj/blob/feature/3176_editorial_todo--maned/./portality/forms/application_processors.py#L863
EditorJournal:FormProcessor,./portality/forms/application_processors.py#L926,https://github.com/DOAJ/doaj/blob/feature/3176_editorial_todo--maned/./portality/forms/application_processors.py#L926
AssEdJournal:FormProcessor,./portality/forms/application_processors.py#L977,https://github.com/DOAJ/doaj/blob/feature/3176_editorial_todo--maned/./portality/forms/application_processors.py#L977
ReadOnlyJournal:FormProcessor,./portality/forms/application_processors.py#L1008,https://github.com/DOAJ/doaj/blob/feature/3176_editorial_todo--maned/./portality/forms/application_processors.py#L1008
ManEdBulkJournal:FormProcessor,./portality/forms/application_processors.py#L1025,https://github.com/DOAJ/doaj/blob/feature/3176_editorial_todo--maned/./portality/forms/application_processors.py#L1025
FormContext:FormContext,./portality/forms/article_forms.py#L25,https://github.com/DOAJ/doaj/blob/feature/3176_editorial_todo--maned/./portality/forms/article_forms.py#L25
FormContextRenderer:FormContext,./portality/forms/article_forms.py#L228,https://github.com/DOAJ/doaj/blob/feature/3176_editorial_todo--maned/./portality/forms/article_forms.py#L228
FormHelper:FormContext,./portality/forms/article_forms.py#L324,https://github.com/DOAJ/doaj/blob/feature/3176_editorial_todo--maned/./portality/forms/article_forms.py#L324
Article:Form,./portality/forms/article_forms.py#L512,https://github.com/DOAJ/doaj/blob/feature/3176_editorial_todo--maned/./portality/forms/article_forms.py#L512
Author:Form,./portality/forms/article_forms.py#L541,https://github.com/DOAJ/doaj/blob/feature/3176_editorial_todo--maned/./portality/forms/article_forms.py#L541
ArticleForm:Factory,./portality/forms/article_forms.py#L582,https://github.com/DOAJ/doaj/blob/feature/3176_editorial_todo--maned/./portality/forms/article_forms.py#L582
ArticleMetadata:FormContext,./portality/forms/article_forms.py#L595,https://github.com/DOAJ/doaj/blob/feature/3176_editorial_todo--maned/./portality/forms/article_forms.py#L595
PublisherArticleMetadata:FormContext,./portality/forms/article_forms.py#L694,https://github.com/DOAJ/doaj/blob/feature/3176_editorial_todo--maned/./portality/forms/article_forms.py#L694
AdminArticleMetadata:FormContext,./portality/forms/article_forms.py#L711,https://github.com/DOAJ/doaj/blob/feature/3176_editorial_todo--maned/./portality/forms/article_forms.py#L711
DataOptional:FormValidator,./portality/forms/validate.py#L43,https://github.com/DOAJ/doaj/blob/feature/3176_editorial_todo--maned/./portality/forms/validate.py#L43
HTTPURL:FormValidator,./portality/forms/validate.py#L122,https://github.com/DOAJ/doaj/blob/feature/3176_editorial_todo--maned/./portality/forms/validate.py#L122
RequiredIfRole:FormValidator,./portality/forms/validate.py#L166,https://github.com/DOAJ/doaj/blob/feature/3176_editorial_todo--maned/./portality/forms/validate.py#L166
RegexpOnTagList:FormValidator,./portality/forms/validate.py#L182,https://github.com/DOAJ/doaj/blob/feature/3176_editorial_todo--maned/./portality/forms/validate.py#L182
ThisOrThat:FormValidator,./portality/forms/validate.py#L214,https://github.com/DOAJ/doaj/blob/feature/3176_editorial_todo--maned/./portality/forms/validate.py#L214
RequiredIfOtherValue:FormValidator,./portality/forms/validate.py#L356,https://github.com/DOAJ/doaj/blob/feature/3176_editorial_todo--maned/./portality/forms/validate.py#L356
NoScriptTag:FormValidator,./portality/forms/validate.py#L474,https://github.com/DOAJ/doaj/blob/feature/3176_editorial_todo--maned/./portality/forms/validate.py#L474
CustomRequired:FormValidator,./portality/forms/validate.py#L560,https://github.com/DOAJ/doaj/blob/feature/3176_editorial_todo--maned/./portality/forms/validate.py#L560
EmailAvailable:FormValidator,./portality/forms/validate.py#L580,https://github.com/DOAJ/doaj/blob/feature/3176_editorial_todo--maned/./portality/forms/validate.py#L580
IdAvailable:FormValidator,./portality/forms/validate.py#L596,https://github.com/DOAJ/doaj/blob/feature/3176_editorial_todo--maned/./portality/forms/validate.py#L596
IgnoreUnchanged:FormValidator,./portality/forms/validate.py#L617,https://github.com/DOAJ/doaj/blob/feature/3176_editorial_todo--maned/./portality/forms/validate.py#L617
AdminArticleMetadata:Page,./portality/templates/admin/article_metadata.html#L1,https://github.com/DOAJ/doaj/blob/feature/3176_editorial_todo--maned/./portality/templates/admin/article_metadata.html#L1
Account:Page,./portality/templates/account/view.html#L1,https://github.com/DOAJ/doaj/blob/feature/3176_editorial_todo--maned/./portality/templates/account/view.html#L1
Dashboard:Page,./portality/templates/dashboard/top.html#L2,https://github.com/DOAJ/doaj/blob/feature/3176_editorial_todo--maned/./portality/templates/dashboard/top.html#L2
PublisherArticleMetadata:Page,./portality/templates/publisher/metadata.html#L1,https://github.com/DOAJ/doaj/blob/feature/3176_editorial_todo--maned/./portality/templates/publisher/metadata.html#L1
EditorApplicationInProgress:Email,./portality/templates/email/editor_application_inprogress.jinja2#L2,https://github.com/DOAJ/doaj/blob/feature/3176_editorial_todo--maned/./portality/templates/email/editor_application_inprogress.jinja2#L2
PublisherUpdateRequestReceived:Email,./portality/templates/email/publisher_update_request_received.jinja2#L2,https://github.com/DOAJ/doaj/blob/feature/3176_editorial_todo--maned/./portality/templates/email/publisher_update_request_received.jinja2#L2
AdminApplicationReady:Email,./portality/templates/email/admin_application_ready.jinja2#L2,https://github.com/DOAJ/doaj/blob/feature/3176_editorial_todo--maned/./portality/templates/email/admin_application_ready.jinja2#L2
PasswordReset:Email,./portality/templates/email/account_password_reset.jinja2#L2,https://github.com/DOAJ/doaj/blob/feature/3176_editorial_todo--maned/./portality/templates/email/account_password_reset.jinja2#L2
PublisherApplicationEditorAssigned:Email,./portality/templates/email/publisher_application_editor_assigned.jinja2#L2,https://github.com/DOAJ/doaj/blob/feature/3176_editorial_todo--maned/./portality/templates/email/publisher_application_editor_assigned.jinja2#L2
AssEdJournalAssigned:Email,./portality/templates/email/assoc_editor_journal_assigned.jinja2#L2,https://github.com/DOAJ/doaj/blob/feature/3176_editorial_todo--maned/./portality/templates/email/assoc_editor_journal_assigned.jinja2#L2
PublisherUpdateRequestRevisionsRequired:Email,./portality/templates/email/publisher_update_request_revisions.jinja2#L2,https://github.com/DOAJ/doaj/blob/feature/3176_editorial_todo--maned/./portality/templates/email/publisher_update_request_revisions.jinja2#L2
EditorApplicationAssigned:Email,./portality/templates/email/editor_application_assigned_group.jinja2#L2,https://github.com/DOAJ/doaj/blob/feature/3176_editorial_todo--maned/./portality/templates/email/editor_application_assigned_group.jinja2#L2
ScriptTagDetected:Email,./portality/templates/email/script_tag_detected.jinja2#L2,https://github.com/DOAJ/doaj/blob/feature/3176_editorial_todo--maned/./portality/templates/email/script_tag_detected.jinja2#L2
AdminBackgroundJobFinished:Email,./portality/templates/email/admin_background_job_finished.jinja2#L2,https://github.com/DOAJ/doaj/blob/feature/3176_editorial_todo--maned/./portality/templates/email/admin_background_job_finished.jinja2#L2
PublisherUpdateRequestInProgress:Email,./portality/templates/email/publisher_update_request_inprogress.jinja2#L2,https://github.com/DOAJ/doaj/blob/feature/3176_editorial_todo--maned/./portality/templates/email/publisher_update_request_inprogress.jinja2#L2
PublisherApplicationReceived:Email,./portality/templates/email/publisher_application_received.jinja2#L2,https://github.com/DOAJ/doaj/blob/feature/3176_editorial_todo--maned/./portality/templates/email/publisher_application_received.jinja2#L2
PublisherApplicationInProgress:Email,./portality/templates/email/publisher_application_inprogress.jinja2#L2,https://github.com/DOAJ/doaj/blob/feature/3176_editorial_todo--maned/./portality/templates/email/publisher_application_inprogress.jinja2#L2
AssEdApplicationInProgress:Email,./portality/templates/email/assoc_editor_application_inprogress.jinja2#L2,https://github.com/DOAJ/doaj/blob/feature/3176_editorial_todo--maned/./portality/templates/email/assoc_editor_application_inprogress.jinja2#L2
EditorApplicationCompleted:Email,./portality/templates/email/editor_application_completed.jinja2#L2,https://github.com/DOAJ/doaj/blob/feature/3176_editorial_todo--maned/./portality/templates/email/editor_application_completed.jinja2#L2
AdminJournalAssigned:Email,./portality/templates/email/editor_journal_assigned_group.jinja2#L2,https://github.com/DOAJ/doaj/blob/feature/3176_editorial_todo--maned/./portality/templates/email/editor_journal_assigned_group.jinja2#L2
AssEdApplicationAssigned:Email,./portality/templates/email/assoc_editor_application_assigned.jinja2#L2,https://github.com/DOAJ/doaj/blob/feature/3176_editorial_todo--maned/./portality/templates/email/assoc_editor_application_assigned.jinja2#L2
PublisherApplicationAccepted:Email,./portality/templates/email/publisher_application_accepted.jinja2#L2,https://github.com/DOAJ/doaj/blob/feature/3176_editorial_todo--maned/./portality/templates/email/publisher_application_accepted.jinja2#L2
PublisherApplicationRejected:Email,./portality/templates/email/publisher_application_rejected.jinja2#L2,https://github.com/DOAJ/doaj/blob/feature/3176_editorial_todo--maned/./portality/templates/email/publisher_application_rejected.jinja2#L2
AccountCreated:Email,./portality/templates/email/account_created.jinja2#L2,https://github.com/DOAJ/doaj/blob/feature/3176_editorial_todo--maned/./portality/templates/email/account_created.jinja2#L2
PublisherUpdateRequestRejected:Email,./portality/templates/email/publisher_update_request_rejected.jinja2#L2,https://github.com/DOAJ/doaj/blob/feature/3176_editorial_todo--maned/./portality/templates/email/publisher_update_request_rejected.jinja2#L2
PublisherUpdateRequestAccepted:Email,./portality/templates/email/publisher_update_request_accepted.jinja2#L2,https://github.com/DOAJ/doaj/blob/feature/3176_editorial_todo--maned/./portality/templates/email/publisher_update_request_accepted.jinja2#L2
PublisherUpdateRequestEditorAssigned:Email,./portality/templates/email/publisher_update_request_editor_assigned.jinja2#L2,https://github.com/DOAJ/doaj/blob/feature/3176_editorial_todo--maned/./portality/templates/email/publisher_update_request_editor_assigned.jinja2#L2
DOAJArticleXML:Crosswalk,./portality/crosswalks/article_doaj_xml.py#L14,https://github.com/DOAJ/doaj/blob/feature/3176_editorial_todo--maned/./portality/crosswalks/article_doaj_xml.py#L14
JCT:Crosswalk,./portality/crosswalks/jct_inprogress.py#L5,https://github.com/DOAJ/doaj/blob/feature/3176_editorial_todo--maned/./portality/crosswalks/jct_inprogress.py#L5
CrossrefXML:Crosswalk,./portality/crosswalks/article_crossref_xml.py#L14,https://github.com/DOAJ/doaj/blob/feature/3176_editorial_todo--maned/./portality/crosswalks/article_crossref_xml.py#L14
JournalQuestions:Crosswalk,./portality/crosswalks/journal_questions.py#L13,https://github.com/DOAJ/doaj/blob/feature/3176_editorial_todo--maned/./portality/crosswalks/journal_questions.py#L13
ArticleForm:Crosswalk,./portality/crosswalks/article_form.py#L5,https://github.com/DOAJ/doaj/blob/feature/3176_editorial_todo--maned/./portality/crosswalks/article_form.py#L5
Journal:Crosswalk,./portality/crosswalks/journal_form.py#L9,https://github.com/DOAJ/doaj/blob/feature/3176_editorial_todo--maned/./portality/crosswalks/journal_form.py#L9
Atom:Crosswalk,./portality/crosswalks/atom.py#L7,https://github.com/DOAJ/doaj/blob/feature/3176_editorial_todo--maned/./portality/crosswalks/atom.py#L7
OAIDC:Crosswalk,./portality/crosswalks/oaipmh.py#L47,https://github.com/DOAJ/doaj/blob/feature/3176_editorial_todo--maned/./portality/crosswalks/oaipmh.py#L47
OAIArticleXML:Crosswalk,./portality/crosswalks/oaipmh.py#L93,https://github.com/DOAJ/doaj/blob/feature/3176_editorial_todo--maned/./portality/crosswalks/oaipmh.py#L93
OAIJournalXML:Crosswalk,./portality/crosswalks/oaipmh.py#L225,https://github.com/DOAJ/doaj/blob/feature/3176_editorial_todo--maned/./portality/crosswalks/oaipmh.py#L225
OAIDOAJArticleXML:Crosswalk,./portality/crosswalks/oaipmh.py#L304,https://github.com/DOAJ/doaj/blob/feature/3176_editorial_todo--maned/./portality/crosswalks/oaipmh.py#L304
ApplicationForm:Crosswalk,./portality/crosswalks/application_form.py#L7,https://github.com/DOAJ/doaj/blob/feature/3176_editorial_todo--maned/./portality/crosswalks/application_form.py#L7
Media:WebRoute,./portality/view/doaj.py#L429,https://github.com/DOAJ/doaj/blob/feature/3176_editorial_todo--maned/./portality/view/doaj.py#L429
Dashboard:Blueprint,./portality/view/dashboard.py#L7,https://github.com/DOAJ/doaj/blob/feature/3176_editorial_todo--maned/./portality/view/dashboard.py#L7
JournalForm:Page,./portality/view/admin.py#L191,https://github.com/DOAJ/doaj/blob/feature/3176_editorial_todo--maned/./portality/view/admin.py#L191
JournalUpdateByCSV:Script,./portality/scripts/journals_update_via_csv.py#L2,https://github.com/DOAJ/doaj/blob/feature/3176_editorial_todo--maned/./portality/scripts/journals_update_via_csv.py#L2
JournalUpdateByCSV:Feature,./portality/scripts/journals_update_via_csv.py#L84,https://github.com/DOAJ/doaj/blob/feature/3176_editorial_todo--maned/./portality/scripts/journals_update_via_csv.py#L84
Sitemap:Script,./portality/scripts/sitemap.py#L3,https://github.com/DOAJ/doaj/blob/feature/3176_editorial_todo--maned/./portality/scripts/sitemap.py#L3
AdminJournalCSV:CLI,./portality/scripts/admin_journalcsv.py#L1,https://github.com/DOAJ/doaj/blob/feature/3176_editorial_todo--maned/./portality/scripts/admin_journalcsv.py#L1
Harvester:Feature,./portality/scripts/harvest.py#L2,https://github.com/DOAJ/doaj/blob/feature/3176_editorial_todo--maned/./portality/scripts/harvest.py#L2
Formulaic:Library,./portality/lib/formulaic.py#L1,https://github.com/DOAJ/doaj/blob/feature/3176_editorial_todo--maned/./portality/lib/formulaic.py#L1
FormulaicContext:Feature,./portality/lib/formulaic.py#L223,https://github.com/DOAJ/doaj/blob/feature/3176_editorial_todo--maned/./portality/lib/formulaic.py#L223
FormulaicFieldset:Feature,./portality/lib/formulaic.py#L468,https://github.com/DOAJ/doaj/blob/feature/3176_editorial_todo--maned/./portality/lib/formulaic.py#L468
FormulaicField:Feature,./portality/lib/formulaic.py#L512,https://github.com/DOAJ/doaj/blob/feature/3176_editorial_todo--maned/./portality/lib/formulaic.py#L512
FormProcessor:Feature,./portality/lib/formulaic.py#L785,https://github.com/DOAJ/doaj/blob/feature/3176_editorial_todo--maned/./portality/lib/formulaic.py#L785
Coerce:Library,./portality/lib/coerce.py#L1,https://github.com/DOAJ/doaj/blob/feature/3176_editorial_todo--maned/./portality/lib/coerce.py#L1
Anonymisation:Feature,./portality/lib/anon.py#L1,https://github.com/DOAJ/doaj/blob/feature/3176_editorial_todo--maned/./portality/lib/anon.py#L1
GoogleAnalytics:ExternalService,./portality/lib/analytics.py#L1,https://github.com/DOAJ/doaj/blob/feature/3176_editorial_todo--maned/./portality/lib/analytics.py#L1
Dates:Library,./portality/lib/dates.py#L1,https://github.com/DOAJ/doaj/blob/feature/3176_editorial_todo--maned/./portality/lib/dates.py#L1
ESMappings:Library,./portality/lib/es_data_mapping.py#L4,https://github.com/DOAJ/doaj/blob/feature/3176_editorial_todo--maned/./portality/lib/es_data_mapping.py#L4
EdgesIntegration:Library,./portality/lib/edges.py#L1,https://github.com/DOAJ/doaj/blob/feature/3176_editorial_todo--maned/./portality/lib/edges.py#L1
Kibana:Documentation,./deploy/kibana_machine/README.md#L3,https://github.com/DOAJ/doaj/blob/feature/3176_editorial_todo--maned/./deploy/kibana_machine/README.md#L3
Main:Queue,./deploy/dev/huey_main_queue.sh#L3,https://github.com/DOAJ/doaj/blob/feature/3176_editorial_todo--maned/./deploy/dev/huey_main_queue.sh#L3
LongRunning:Queue,./deploy/dev/huey_long_running.sh#L3,https://github.com/DOAJ/doaj/blob/feature/3176_editorial_todo--maned/./deploy/dev/huey_long_running.sh#L3
BackupsMissing:Monitoring,./deploy/lambda/alert_backups_missing.py#L4,https://github.com/DOAJ/doaj/blob/feature/3176_editorial_todo--maned/./deploy/lambda/alert_backups_missing.py#L4
AnonExport:Feature,./data_import_settings/README.md#L15,https://github.com/DOAJ/doaj/blob/feature/3176_editorial_todo--maned/./data_import_settings/README.md#L15
